regime,D_v,n_run,diag_path,history_path,history_records,projection_mode,projection_floor,projection_tol,dt,nsteps,frames,noise,runtime_seconds,net_mass_change_projection,expected_net_change,bookkeeping_error,mass_added_low,mass_removed_high,mass_removed_simplex,mass_added_transfer_fallback,mass_roundoff_cleanup,mass_after_projection,mass_before_projection,mass_redistributed_high_global,mass_redistributed_high_local,mass_redistributed_low_global,mass_redistributed_low_local,mass_redistributed_simplex_global,mass_redistributed_simplex_local,mass_transferred_A_to_vacancy,mass_transferred_AtoB,mass_transferred_B_to_vacancy,mass_transferred_BtoA,mass_transferred_high_to_vacancy,mass_transferred_low,mass_transferred_simplex_to_vacancy,mass_transferred_to_vacancy,max_high_violation,max_low_violation,max_simplex_violation,n_calls,n_expensive_projection_calls,n_high_entries,n_low_entries,n_redistribute_high_failures,n_redistribute_low_failures,n_redistribute_simplex_failures,n_roundoff_cleanup_calls,n_simplex_cells,n_transfer_fallback_entries,redistribute_high_leftover,redistribute_low_leftover,redistribute_simplex_leftover
segregating,0.01,0,data/segregating/VS_run_0_det_Dv0.010_projection_diag.json,data/segregating/VS_run_0_det_Dv0.010_projection_history.csv,800,clip,0.0,1e-14,0.001,2000000,800,False,2684.746741294861,0.0,0.0,0.0,0.0,0.0,0.0,0.0,0.0,23655443532.76255,23655443532.76255,0.0,0.0,0.0,0.0,0.0,0.0,0.0,0.0,0.0,0.0,0.0,0.0,0.0,0.0,0.0,0.0,0.0,2000000.0,0.0,0.0,0.0,0.0,0.0,0.0,4000000.0,0.0,0.0,0.0,0.0,0.0
segregating,0.01,1,data/segregating/VS_run_1_det_Dv0.010_projection_diag.json,data/segregating/VS_run_1_det_Dv0.010_projection_history.csv,800,clip,0.0,1e-14,0.001,2000000,800,False,2601.049535036087,0.0,0.0,0.0,0.0,0.0,0.0,0.0,0.0,23655894904.91769,23655894904.91769,0.0,0.0,0.0,0.0,0.0,0.0,0.0,0.0,0.0,0.0,0.0,0.0,0.0,0.0,0.0,0.0,0.0,2000000.0,0.0,0.0,0.0,0.0,0.0,0.0,4000000.0,0.0,0.0,0.0,0.0,0.0
segregating,0.01,2,data/segregating/VS_run_2_det_Dv0.010_projection_diag.json,data/segregating/VS_run_2_det_Dv0.010_projection_history.csv,800,clip,0.0,1e-14,0.001,2000000,800,False,2659.9043378829956,0.0,0.0,0.0,0.0,0.0,0.0,0.0,0.0,23649565879.689205,23649565879.689205,0.0,0.0,0.0,0.0,0.0,0.0,0.0,0.0,0.0,0.0,0.0,0.0,0.0,0.0,0.0,0.0,0.0,2000000.0,0.0,0.0,0.0,0.0,0.0,0.0,4000000.0,0.0,0.0,0.0,0.0,0.0
segregating,0.01,3,data/segregating/VS_run_3_det_Dv0.010_projection_diag.json,data/segregating/VS_run_3_det_Dv0.010_projection_history.csv,800,clip,0.0,1e-14,0.001,2000000,800,False,2737.070315361023,0.0,0.0,0.0,0.0,0.0,0.0,0.0,0.0,23661757146.526913,23661757146.526913,0.0,0.0,0.0,0.0,0.0,0.0,0.0,0.0,0.0,0.0,0.0,0.0,0.0,0.0,0.0,0.0,0.0,2000000.0,0.0,0.0,0.0,0.0,0.0,0.0,4000000.0,0.0,0.0,0.0,0.0,0.0
segregating,0.01,4,data/segregating/VS_run_4_det_Dv0.010_projection_diag.json,data/segregating/VS_run_4_det_Dv0.010_projection_history.csv,800,clip,0.0,1e-14,0.001,2000000,800,False,2617.7925667762756,0.0,0.0,0.0,0.0,0.0,0.0,0.0,0.0,23643371670.854805,23643371670.854805,0.0,0.0,0.0,0.0,0.0,0.0,0.0,0.0,0.0,0.0,0.0,0.0,0.0,0.0,0.0,0.0,0.0,2000000.0,0.0,0.0,0.0,0.0,0.0,0.0,4000000.0,0.0,0.0,0.0,0.0,0.0
segregating,0.01,5,data/segregating/VS_run_5_det_Dv0.010_projection_diag.json,data/segregating/VS_run_5_det_Dv0.010_projection_history.csv,800,clip,0.0,1e-14,0.001,2000000,800,False,2727.794734477997,0.0,0.0,0.0,0.0,0.0,0.0,0.0,0.0,23648374298.061058,23648374298.061058,0.0,0.0,0.0,0.0,0.0,0.0,0.0,0.0,0.0,0.0,0.0,0.0,0.0,0.0,0.0,0.0,0.0,2000000.0,0.0,0.0,0.0,0.0,0.0,0.0,4000000.0,0.0,0.0,0.0,0.0,0.0
segregating,0.01,6,data/segregating/VS_run_6_det_Dv0.010_projection_diag.json,data/segregating/VS_run_6_det_Dv0.010_projection_history.csv,800,clip,0.0,1e-14,0.001,2000000,800,False,2644.047600746155,0.0,0.0,0.0,0.0,0.0,0.0,0.0,0.0,23659578783.24817,23659578783.24817,0.0,0.0,0.0,0.0,0.0,0.0,0.0,0.0,0.0,0.0,0.0,0.0,0.0,0.0,0.0,0.0,0.0,2000000.0,0.0,0.0,0.0,0.0,0.0,0.0,4000000.0,0.0,0.0,0.0,0.0,0.0
segregating,0.01,7,data/segregating/VS_run_7_det_Dv0.010_projection_diag.json,data/segregating/VS_run_7_det_Dv0.010_projection_history.csv,800,clip,0.0,1e-14,0.001,2000000,800,False,2536.7342689037323,0.0,0.0,0.0,0.0,0.0,0.0,0.0,0.0,23652187851.504158,23652187851.504158,0.0,0.0,0.0,0.0,0.0,0.0,0.0,0.0,0.0,0.0,0.0,0.0,0.0,0.0,0.0,0.0,0.0,2000000.0,0.0,0.0,0.0,0.0,0.0,0.0,4000000.0,0.0,0.0,0.0,0.0,0.0
segregating,0.01,8,data/segregating/VS_run_8_det_Dv0.010_projection_diag.json,data/segregating/VS_run_8_det_Dv0.010_projection_history.csv,800,clip,0.0,1e-14,0.001,2000000,800,False,2642.001969099045,0.0,0.0,0.0,0.0,0.0,0.0,0.0,0.0,23689998583.526245,23689998583.526245,0.0,0.0,0.0,0.0,0.0,0.0,0.0,0.0,0.0,0.0,0.0,0.0,0.0,0.0,0.0,0.0,0.0,2000000.0,0.0,0.0,0.0,0.0,0.0,0.0,4000000.0,0.0,0.0,0.0,0.0,0.0
segregating,0.01,9,data/segregating/VS_run_9_det_Dv0.010_projection_diag.json,data/segregating/VS_run_9_det_Dv0.010_projection_history.csv,800,clip,0.0,1e-14,0.001,2000000,800,False,2578.5188722610474,0.0,0.0,0.0,0.0,0.0,0.0,0.0,0.0,23647975751.671154,23647975751.671154,0.0,0.0,0.0,0.0,0.0,0.0,0.0,0.0,0.0,0.0,0.0,0.0,0.0,0.0,0.0,0.0,0.0,2000000.0,0.0,0.0,0.0,0.0,0.0,0.0,4000000.0,0.0,0.0,0.0,0.0,0.0
segregating,0.02,0,data/segregating/VS_run_0_det_Dv0.020_projection_diag.json,data/segregating/VS_run_0_det_Dv0.020_projection_history.csv,800,clip,0.0,1e-14,0.001,2000000,800,False,2691.8773946762085,0.0,0.0,0.0,0.0,0.0,0.0,0.0,0.0,23655894904.91769,23655894904.91769,0.0,0.0,0.0,0.0,0.0,0.0,0.0,0.0,0.0,0.0,0.0,0.0,0.0,0.0,0.0,0.0,0.0,2000000.0,0.0,0.0,0.0,0.0,0.0,0.0,4000000.0,0.0,0.0,0.0,0.0,0.0
segregating,0.02,1,data/segregating/VS_run_1_det_Dv0.020_projection_diag.json,data/segregating/VS_run_1_det_Dv0.020_projection_history.csv,800,clip,0.0,1e-14,0.001,2000000,800,False,2619.0825188159943,0.0,0.0,0.0,0.0,0.0,0.0,0.0,0.0,23649565879.689205,23649565879.689205,0.0,0.0,0.0,0.0,0.0,0.0,0.0,0.0,0.0,0.0,0.0,0.0,0.0,0.0,0.0,0.0,0.0,2000000.0,0.0,0.0,0.0,0.0,0.0,0.0,4000000.0,0.0,0.0,0.0,0.0,0.0
segregating,0.02,2,data/segregating/VS_run_2_det_Dv0.020_projection_diag.json,data/segregating/VS_run_2_det_Dv0.020_projection_history.csv,800,clip,0.0,1e-14,0.001,2000000,800,False,2670.3910727500916,0.0,0.0,0.0,0.0,0.0,0.0,0.0,0.0,23661757146.526913,23661757146.526913,0.0,0.0,0.0,0.0,0.0,0.0,0.0,0.0,0.0,0.0,0.0,0.0,0.0,0.0,0.0,0.0,0.0,2000000.0,0.0,0.0,0.0,0.0,0.0,0.0,4000000.0,0.0,0.0,0.0,0.0,0.0
segregating,0.02,3,data/segregating/VS_run_3_det_Dv0.020_projection_diag.json,data/segregating/VS_run_3_det_Dv0.020_projection_history.csv,800,clip,0.0,1e-14,0.001,2000000,800,False,2707.4921526908875,0.0,0.0,0.0,0.0,0.0,0.0,0.0,0.0,23643371670.854805,23643371670.854805,0.0,0.0,0.0,0.0,0.0,0.0,0.0,0.0,0.0,0.0,0.0,0.0,0.0,0.0,0.0,0.0,0.0,2000000.0,0.0,0.0,0.0,0.0,0.0,0.0,4000000.0,0.0,0.0,0.0,0.0,0.0
segregating,0.02,4,data/segregating/VS_run_4_det_Dv0.020_projection_diag.json,data/segregating/VS_run_4_det_Dv0.020_projection_history.csv,800,clip,0.0,1e-14,0.001,2000000,800,False,2648.879111289978,0.0,0.0,0.0,0.0,0.0,0.0,0.0,0.0,23648374298.061058,23648374298.061058,0.0,0.0,0.0,0.0,0.0,0.0,0.0,0.0,0.0,0.0,0.0,0.0,0.0,0.0,0.0,0.0,0.0,2000000.0,0.0,0.0,0.0,0.0,0.0,0.0,4000000.0,0.0,0.0,0.0,0.0,0.0
segregating,0.02,5,data/segregating/VS_run_5_det_Dv0.020_projection_diag.json,data/segregating/VS_run_5_det_Dv0.020_projection_history.csv,800,clip,0.0,1e-14,0.001,2000000,800,False,2722.0755178928375,0.0,0.0,0.0,0.0,0.0,0.0,0.0,0.0,23659578783.24817,23659578783.24817,0.0,0.0,0.0,0.0,0.0,0.0,0.0,0.0,0.0,0.0,0.0,0.0,0.0,0.0,0.0,0.0,0.0,2000000.0,0.0,0.0,0.0,0.0,0.0,0.0,4000000.0,0.0,0.0,0.0,0.0,0.0
segregating,0.02,6,data/segregating/VS_run_6_det_Dv0.020_projection_diag.json,data/segregating/VS_run_6_det_Dv0.020_projection_history.csv,800,clip,0.0,1e-14,0.001,2000000,800,False,2646.13126039505,0.0,0.0,0.0,0.0,0.0,0.0,0.0,0.0,23652187851.504158,23652187851.504158,0.0,0.0,0.0,0.0,0.0,0.0,0.0,0.0,0.0,0.0,0.0,0.0,0.0,0.0,0.0,0.0,0.0,2000000.0,0.0,0.0,0.0,0.0,0.0,0.0,4000000.0,0.0,0.0,0.0,0.0,0.0
segregating,0.02,7,data/segregating/VS_run_7_det_Dv0.020_projection_diag.json,data/segregating/VS_run_7_det_Dv0.020_projection_history.csv,800,clip,0.0,1e-14,0.001,2000000,800,False,2534.034299850464,0.0,0.0,0.0,0.0,0.0,0.0,0.0,0.0,23689998583.526245,23689998583.526245,0.0,0.0,0.0,0.0,0.0,0.0,0.0,0.0,0.0,0.0,0.0,0.0,0.0,0.0,0.0,0.0,0.0,2000000.0,0.0,0.0,0.0,0.0,0.0,0.0,4000000.0,0.0,0.0,0.0,0.0,0.0
segregating,0.02,8,data/segregating/VS_run_8_det_Dv0.020_projection_diag.json,data/segregating/VS_run_8_det_Dv0.020_projection_history.csv,800,clip,0.0,1e-14,0.001,2000000,800,False,2650.2693967819214,0.0,0.0,0.0,0.0,0.0,0.0,0.0,0.0,23647975751.671154,23647975751.671154,0.0,0.0,0.0,0.0,0.0,0.0,0.0,0.0,0.0,0.0,0.0,0.0,0.0,0.0,0.0,0.0,0.0,2000000.0,0.0,0.0,0.0,0.0,0.0,0.0,4000000.0,0.0,0.0,0.0,0.0,0.0
segregating,0.02,9,data/segregating/VS_run_9_det_Dv0.020_projection_diag.json,data/segregating/VS_run_9_det_Dv0.020_projection_history.csv,800,clip,0.0,1e-14,0.001,2000000,800,False,2596.871007204056,0.0,0.0,0.0,0.0,0.0,0.0,0.0,0.0,23656350395.2026,23656350395.2026,0.0,0.0,0.0,0.0,0.0,0.0,0.0,0.0,0.0,0.0,0.0,0.0,0.0,0.0,0.0,0.0,0.0,2000000.0,0.0,0.0,0.0,0.0,0.0,0.0,4000000.0,0.0,0.0,0.0,0.0,0.0
segregating,0.03,0,data/segregating/VS_run_0_det_Dv0.030_projection_diag.json,data/segregating/VS_run_0_det_Dv0.030_projection_history.csv,800,clip,0.0,1e-14,0.001,2000000,800,False,2699.3053929805756,0.0,0.0,0.0,0.0,0.0,0.0,0.0,0.0,23649565879.689205,23649565879.689205,0.0,0.0,0.0,0.0,0.0,0.0,0.0,0.0,0.0,0.0,0.0,0.0,0.0,0.0,0.0,0.0,0.0,2000000.0,0.0,0.0,0.0,0.0,0.0,0.0,4000000.0,0.0,0.0,0.0,0.0,0.0
segregating,0.03,1,data/segregating/VS_run_1_det_Dv0.030_projection_diag.json,data/segregating/VS_run_1_det_Dv0.030_projection_history.csv,800,clip,0.0,1e-14,0.001,2000000,800,False,2596.693231344223,0.0,0.0,0.0,0.0,0.0,0.0,0.0,0.0,23661757146.526913,23661757146.526913,0.0,0.0,0.0,0.0,0.0,0.0,0.0,0.0,0.0,0.0,0.0,0.0,0.0,0.0,0.0,0.0,0.0,2000000.0,0.0,0.0,0.0,0.0,0.0,0.0,4000000.0,0.0,0.0,0.0,0.0,0.0
segregating,0.03,2,data/segregating/VS_run_2_det_Dv0.030_projection_diag.json,data/segregating/VS_run_2_det_Dv0.030_projection_history.csv,800,clip,0.0,1e-14,0.001,2000000,800,False,2667.3509368896484,0.0,0.0,0.0,0.0,0.0,0.0,0.0,0.0,23643371670.854805,23643371670.854805,0.0,0.0,0.0,0.0,0.0,0.0,0.0,0.0,0.0,0.0,0.0,0.0,0.0,0.0,0.0,0.0,0.0,2000000.0,0.0,0.0,0.0,0.0,0.0,0.0,4000000.0,0.0,0.0,0.0,0.0,0.0
segregating,0.03,3,data/segregating/VS_run_3_det_Dv0.030_projection_diag.json,data/segregating/VS_run_3_det_Dv0.030_projection_history.csv,800,clip,0.0,1e-14,0.001,2000000,800,False,2724.3978340625763,0.0,0.0,0.0,0.0,0.0,0.0,0.0,0.0,23648374298.061058,23648374298.061058,0.0,0.0,0.0,0.0,0.0,0.0,0.0,0.0,0.0,0.0,0.0,0.0,0.0,0.0,0.0,0.0,0.0,2000000.0,0.0,0.0,0.0,0.0,0.0,0.0,4000000.0,0.0,0.0,0.0,0.0,0.0
segregating,0.03,4,data/segregating/VS_run_4_det_Dv0.030_projection_diag.json,data/segregating/VS_run_4_det_Dv0.030_projection_history.csv,800,clip,0.0,1e-14,0.001,2000000,800,False,2649.1913709640503,0.0,0.0,0.0,0.0,0.0,0.0,0.0,0.0,23659578783.24817,23659578783.24817,0.0,0.0,0.0,0.0,0.0,0.0,0.0,0.0,0.0,0.0,0.0,0.0,0.0,0.0,0.0,0.0,0.0,2000000.0,0.0,0.0,0.0,0.0,0.0,0.0,4000000.0,0.0,0.0,0.0,0.0,0.0
segregating,0.03,5,data/segregating/VS_run_5_det_Dv0.030_projection_diag.json,data/segregating/VS_run_5_det_Dv0.030_projection_history.csv,800,clip,0.0,1e-14,0.001,2000000,800,False,2701.1687161922455,0.0,0.0,0.0,0.0,0.0,0.0,0.0,0.0,23652187851.504158,23652187851.504158,0.0,0.0,0.0,0.0,0.0,0.0,0.0,0.0,0.0,0.0,0.0,0.0,0.0,0.0,0.0,0.0,0.0,2000000.0,0.0,0.0,0.0,0.0,0.0,0.0,4000000.0,0.0,0.0,0.0,0.0,0.0
segregating,0.03,6,data/segregating/VS_run_6_det_Dv0.030_projection_diag.json,data/segregating/VS_run_6_det_Dv0.030_projection_history.csv,800,clip,0.0,1e-14,0.001,2000000,800,False,2644.18732047081,0.0,0.0,0.0,0.0,0.0,0.0,0.0,0.0,23689998583.526245,23689998583.526245,0.0,0.0,0.0,0.0,0.0,0.0,0.0,0.0,0.0,0.0,0.0,0.0,0.0,0.0,0.0,0.0,0.0,2000000.0,0.0,0.0,0.0,0.0,0.0,0.0,4000000.0,0.0,0.0,0.0,0.0,0.0
segregating,0.03,7,data/segregating/VS_run_7_det_Dv0.030_projection_diag.json,data/segregating/VS_run_7_det_Dv0.030_projection_history.csv,800,clip,0.0,1e-14,0.001,2000000,800,False,2540.3376049995422,0.0,0.0,0.0,0.0,0.0,0.0,0.0,0.0,23647975751.671154,23647975751.671154,0.0,0.0,0.0,0.0,0.0,0.0,0.0,0.0,0.0,0.0,0.0,0.0,0.0,0.0,0.0,0.0,0.0,2000000.0,0.0,0.0,0.0,0.0,0.0,0.0,4000000.0,0.0,0.0,0.0,0.0,0.0
segregating,0.03,8,data/segregating/VS_run_8_det_Dv0.030_projection_diag.json,data/segregating/VS_run_8_det_Dv0.030_projection_history.csv,800,clip,0.0,1e-14,0.001,2000000,800,False,2650.337170124054,0.0,0.0,0.0,0.0,0.0,0.0,0.0,0.0,23656350395.2026,23656350395.2026,0.0,0.0,0.0,0.0,0.0,0.0,0.0,0.0,0.0,0.0,0.0,0.0,0.0,0.0,0.0,0.0,0.0,2000000.0,0.0,0.0,0.0,0.0,0.0,0.0,4000000.0,0.0,0.0,0.0,0.0,0.0
segregating,0.03,9,data/segregating/VS_run_9_det_Dv0.030_projection_diag.json,data/segregating/VS_run_9_det_Dv0.030_projection_history.csv,800,clip,0.0,1e-14,0.001,2000000,800,False,2590.1666026115417,0.0,0.0,0.0,0.0,0.0,0.0,0.0,0.0,23676932860.808598,23676932860.808598,0.0,0.0,0.0,0.0,0.0,0.0,0.0,0.0,0.0,0.0,0.0,0.0,0.0,0.0,0.0,0.0,0.0,2000000.0,0.0,0.0,0.0,0.0,0.0,0.0,4000000.0,0.0,0.0,0.0,0.0,0.0
segregating,0.04,0,data/segregating/VS_run_0_det_Dv0.040_projection_diag.json,data/segregating/VS_run_0_det_Dv0.040_projection_history.csv,800,clip,0.0,1e-14,0.001,2000000,800,False,2699.4698095321655,0.0,0.0,0.0,0.0,0.0,0.0,0.0,0.0,23661757146.526913,23661757146.526913,0.0,0.0,0.0,0.0,0.0,0.0,0.0,0.0,0.0,0.0,0.0,0.0,0.0,0.0,0.0,0.0,0.0,2000000.0,0.0,0.0,0.0,0.0,0.0,0.0,4000000.0,0.0,0.0,0.0,0.0,0.0
segregating,0.04,1,data/segregating/VS_run_1_det_Dv0.040_projection_diag.json,data/segregating/VS_run_1_det_Dv0.040_projection_history.csv,800,clip,0.0,1e-14,0.001,2000000,800,False,2588.9402899742126,0.0,0.0,0.0,0.0,0.0,0.0,0.0,0.0,23643371670.854805,23643371670.854805,0.0,0.0,0.0,0.0,0.0,0.0,0.0,0.0,0.0,0.0,0.0,0.0,0.0,0.0,0.0,0.0,0.0,2000000.0,0.0,0.0,0.0,0.0,0.0,0.0,4000000.0,0.0,0.0,0.0,0.0,0.0
segregating,0.04,2,data/segregating/VS_run_2_det_Dv0.040_projection_diag.json,data/segregating/VS_run_2_det_Dv0.040_projection_history.csv,800,clip,0.0,1e-14,0.001,2000000,800,False,2668.9364268779755,0.0,0.0,0.0,0.0,0.0,0.0,0.0,0.0,23648374298.061058,23648374298.061058,0.0,0.0,0.0,0.0,0.0,0.0,0.0,0.0,0.0,0.0,0.0,0.0,0.0,0.0,0.0,0.0,0.0,2000000.0,0.0,0.0,0.0,0.0,0.0,0.0,4000000.0,0.0,0.0,0.0,0.0,0.0
segregating,0.04,3,data/segregating/VS_run_3_det_Dv0.040_projection_diag.json,data/segregating/VS_run_3_det_Dv0.040_projection_history.csv,800,clip,0.0,1e-14,0.001,2000000,800,False,2713.8640327453613,0.0,0.0,0.0,0.0,0.0,0.0,0.0,0.0,23659578783.24817,23659578783.24817,0.0,0.0,0.0,0.0,0.0,0.0,0.0,0.0,0.0,0.0,0.0,0.0,0.0,0.0,0.0,0.0,0.0,2000000.0,0.0,0.0,0.0,0.0,0.0,0.0,4000000.0,0.0,0.0,0.0,0.0,0.0
segregating,0.04,4,data/segregating/VS_run_4_det_Dv0.040_projection_diag.json,data/segregating/VS_run_4_det_Dv0.040_projection_history.csv,800,clip,0.0,1e-14,0.001,2000000,800,False,2641.760560274124,0.0,0.0,0.0,0.0,0.0,0.0,0.0,0.0,23652187851.504158,23652187851.504158,0.0,0.0,0.0,0.0,0.0,0.0,0.0,0.0,0.0,0.0,0.0,0.0,0.0,0.0,0.0,0.0,0.0,2000000.0,0.0,0.0,0.0,0.0,0.0,0.0,4000000.0,0.0,0.0,0.0,0.0,0.0
segregating,0.04,5,data/segregating/VS_run_5_det_Dv0.040_projection_diag.json,data/segregating/VS_run_5_det_Dv0.040_projection_history.csv,800,clip,0.0,1e-14,0.001,2000000,800,False,2730.311445951462,0.0,0.0,0.0,0.0,0.0,0.0,0.0,0.0,23689998583.526245,23689998583.526245,0.0,0.0,0.0,0.0,0.0,0.0,0.0,0.0,0.0,0.0,0.0,0.0,0.0,0.0,0.0,0.0,0.0,2000000.0,0.0,0.0,0.0,0.0,0.0,0.0,4000000.0,0.0,0.0,0.0,0.0,0.0
segregating,0.04,6,data/segregating/VS_run_6_det_Dv0.040_projection_diag.json,data/segregating/VS_run_6_det_Dv0.040_projection_history.csv,800,clip,0.0,1e-14,0.001,2000000,800,False,2649.924066066742,0.0,0.0,0.0,0.0,0.0,0.0,0.0,0.0,23647975751.671154,23647975751.671154,0.0,0.0,0.0,0.0,0.0,0.0,0.0,0.0,0.0,0.0,0.0,0.0,0.0,0.0,0.0,0.0,0.0,2000000.0,0.0,0.0,0.0,0.0,0.0,0.0,4000000.0,0.0,0.0,0.0,0.0,0.0
segregating,0.04,7,data/segregating/VS_run_7_det_Dv0.040_projection_diag.json,data/segregating/VS_run_7_det_Dv0.040_projection_history.csv,800,clip,0.0,1e-14,0.001,2000000,800,False,2538.5862493515015,0.0,0.0,0.0,0.0,0.0,0.0,0.0,0.0,23656350395.2026,23656350395.2026,0.0,0.0,0.0,0.0,0.0,0.0,0.0,0.0,0.0,0.0,0.0,0.0,0.0,0.0,0.0,0.0,0.0,2000000.0,0.0,0.0,0.0,0.0,0.0,0.0,4000000.0,0.0,0.0,0.0,0.0,0.0
segregating,0.04,8,data/segregating/VS_run_8_det_Dv0.040_projection_diag.json,data/segregating/VS_run_8_det_Dv0.040_projection_history.csv,800,clip,0.0,1e-14,0.001,2000000,800,False,2635.90344786644,0.0,0.0,0.0,0.0,0.0,0.0,0.0,0.0,23676932860.808598,23676932860.808598,0.0,0.0,0.0,0.0,0.0,0.0,0.0,0.0,0.0,0.0,0.0,0.0,0.0,0.0,0.0,0.0,0.0,2000000.0,0.0,0.0,0.0,0.0,0.0,0.0,4000000.0,0.0,0.0,0.0,0.0,0.0
segregating,0.04,9,data/segregating/VS_run_9_det_Dv0.040_projection_diag.json,data/segregating/VS_run_9_det_Dv0.040_projection_history.csv,800,clip,0.0,1e-14,0.001,2000000,800,False,2605.033683538437,0.0,0.0,0.0,0.0,0.0,0.0,0.0,0.0,23640620328.211628,23640620328.211628,0.0,0.0,0.0,0.0,0.0,0.0,0.0,0.0,0.0,0.0,0.0,0.0,0.0,0.0,0.0,0.0,0.0,2000000.0,0.0,0.0,0.0,0.0,0.0,0.0,4000000.0,0.0,0.0,0.0,0.0,0.0
segregating,0.05,0,data/segregating/VS_run_0_det_Dv0.050_projection_diag.json,data/segregating/VS_run_0_det_Dv0.050_projection_history.csv,800,clip,0.0,1e-14,0.001,2000000,800,False,2691.3480145931244,0.0,0.0,0.0,0.0,0.0,0.0,0.0,0.0,23643371670.854805,23643371670.854805,0.0,0.0,0.0,0.0,0.0,0.0,0.0,0.0,0.0,0.0,0.0,0.0,0.0,0.0,0.0,0.0,0.0,2000000.0,0.0,0.0,0.0,0.0,0.0,0.0,4000000.0,0.0,0.0,0.0,0.0,0.0
segregating,0.05,1,data/segregating/VS_run_1_det_Dv0.050_projection_diag.json,data/segregating/VS_run_1_det_Dv0.050_projection_history.csv,800,clip,0.0,1e-14,0.001,2000000,800,False,2601.7627260684967,0.0,0.0,0.0,0.0,0.0,0.0,0.0,0.0,23648374298.061058,23648374298.061058,0.0,0.0,0.0,0.0,0.0,0.0,0.0,0.0,0.0,0.0,0.0,0.0,0.0,0.0,0.0,0.0,0.0,2000000.0,0.0,0.0,0.0,0.0,0.0,0.0,4000000.0,0.0,0.0,0.0,0.0,0.0
segregating,0.05,2,data/segregating/VS_run_2_det_Dv0.050_projection_diag.json,data/segregating/VS_run_2_det_Dv0.050_projection_history.csv,800,clip,0.0,1e-14,0.001,2000000,800,False,2669.0226397514343,0.0,0.0,0.0,0.0,0.0,0.0,0.0,0.0,23659578783.24817,23659578783.24817,0.0,0.0,0.0,0.0,0.0,0.0,0.0,0.0,0.0,0.0,0.0,0.0,0.0,0.0,0.0,0.0,0.0,2000000.0,0.0,0.0,0.0,0.0,0.0,0.0,4000000.0,0.0,0.0,0.0,0.0,0.0
segregating,0.05,3,data/segregating/VS_run_3_det_Dv0.050_projection_diag.json,data/segregating/VS_run_3_det_Dv0.050_projection_history.csv,800,clip,0.0,1e-14,0.001,2000000,800,False,2746.8804223537445,0.0,0.0,0.0,0.0,0.0,0.0,0.0,0.0,23652187851.504158,23652187851.504158,0.0,0.0,0.0,0.0,0.0,0.0,0.0,0.0,0.0,0.0,0.0,0.0,0.0,0.0,0.0,0.0,0.0,2000000.0,0.0,0.0,0.0,0.0,0.0,0.0,4000000.0,0.0,0.0,0.0,0.0,0.0
segregating,0.05,4,data/segregating/VS_run_4_det_Dv0.050_projection_diag.json,data/segregating/VS_run_4_det_Dv0.050_projection_history.csv,800,clip,0.0,1e-14,0.001,2000000,800,False,2641.8920538425446,0.0,0.0,0.0,0.0,0.0,0.0,0.0,0.0,23689998583.526245,23689998583.526245,0.0,0.0,0.0,0.0,0.0,0.0,0.0,0.0,0.0,0.0,0.0,0.0,0.0,0.0,0.0,0.0,0.0,2000000.0,0.0,0.0,0.0,0.0,0.0,0.0,4000000.0,0.0,0.0,0.0,0.0,0.0
segregating,0.05,5,data/segregating/VS_run_5_det_Dv0.050_projection_diag.json,data/segregating/VS_run_5_det_Dv0.050_projection_history.csv,800,clip,0.0,1e-14,0.001,2000000,800,False,2717.5481419563293,0.0,0.0,0.0,0.0,0.0,0.0,0.0,0.0,23647975751.671154,23647975751.671154,0.0,0.0,0.0,0.0,0.0,0.0,0.0,0.0,0.0,0.0,0.0,0.0,0.0,0.0,0.0,0.0,0.0,2000000.0,0.0,0.0,0.0,0.0,0.0,0.0,4000000.0,0.0,0.0,0.0,0.0,0.0
segregating,0.05,6,data/segregating/VS_run_6_det_Dv0.050_projection_diag.json,data/segregating/VS_run_6_det_Dv0.050_projection_history.csv,800,clip,0.0,1e-14,0.001,2000000,800,False,2646.18425655365,0.0,0.0,0.0,0.0,0.0,0.0,0.0,0.0,23656350395.2026,23656350395.2026,0.0,0.0,0.0,0.0,0.0,0.0,0.0,0.0,0.0,0.0,0.0,0.0,0.0,0.0,0.0,0.0,0.0,2000000.0,0.0,0.0,0.0,0.0,0.0,0.0,4000000.0,0.0,0.0,0.0,0.0,0.0
segregating,0.05,7,data/segregating/VS_run_7_det_Dv0.050_projection_diag.json,data/segregating/VS_run_7_det_Dv0.050_projection_history.csv,800,clip,0.0,1e-14,0.001,2000000,800,False,2539.97727560997,0.0,0.0,0.0,0.0,0.0,0.0,0.0,0.0,23676932860.808598,23676932860.808598,0.0,0.0,0.0,0.0,0.0,0.0,0.0,0.0,0.0,0.0,0.0,0.0,0.0,0.0,0.0,0.0,0.0,2000000.0,0.0,0.0,0.0,0.0,0.0,0.0,4000000.0,0.0,0.0,0.0,0.0,0.0
segregating,0.05,8,data/segregating/VS_run_8_det_Dv0.050_projection_diag.json,data/segregating/VS_run_8_det_Dv0.050_projection_history.csv,800,clip,0.0,1e-14,0.001,2000000,800,False,2635.989250898361,0.0,0.0,0.0,0.0,0.0,0.0,0.0,0.0,23640620328.211628,23640620328.211628,0.0,0.0,0.0,0.0,0.0,0.0,0.0,0.0,0.0,0.0,0.0,0.0,0.0,0.0,0.0,0.0,0.0,2000000.0,0.0,0.0,0.0,0.0,0.0,0.0,4000000.0,0.0,0.0,0.0,0.0,0.0
segregating,0.05,9,data/segregating/VS_run_9_det_Dv0.050_projection_diag.json,data/segregating/VS_run_9_det_Dv0.050_projection_history.csv,800,clip,0.0,1e-14,0.001,2000000,800,False,2595.8627548217773,0.0,0.0,0.0,0.0,0.0,0.0,0.0,0.0,23651295874.995136,23651295874.995136,0.0,0.0,0.0,0.0,0.0,0.0,0.0,0.0,0.0,0.0,0.0,0.0,0.0,0.0,0.0,0.0,0.0,2000000.0,0.0,0.0,0.0,0.0,0.0,0.0,4000000.0,0.0,0.0,0.0,0.0,0.0
segregating,0.060000000000000005,0,data/segregating/VS_run_0_det_Dv0.060_projection_diag.json,data/segregating/VS_run_0_det_Dv0.060_projection_history.csv,800,clip,0.0,1e-14,0.001,2000000,800,False,2686.4554557800293,0.0,0.0,0.0,0.0,0.0,0.0,0.0,0.0,23648374298.061058,23648374298.061058,0.0,0.0,0.0,0.0,0.0,0.0,0.0,0.0,0.0,0.0,0.0,0.0,0.0,0.0,0.0,0.0,0.0,2000000.0,0.0,0.0,0.0,0.0,0.0,0.0,4000000.0,0.0,0.0,0.0,0.0,0.0
segregating,0.060000000000000005,1,data/segregating/VS_run_1_det_Dv0.060_projection_diag.json,data/segregating/VS_run_1_det_Dv0.060_projection_history.csv,800,clip,0.0,1e-14,0.001,2000000,800,False,2591.7830402851105,0.0,0.0,0.0,0.0,0.0,0.0,0.0,0.0,23659578783.24817,23659578783.24817,0.0,0.0,0.0,0.0,0.0,0.0,0.0,0.0,0.0,0.0,0.0,0.0,0.0,0.0,0.0,0.0,0.0,2000000.0,0.0,0.0,0.0,0.0,0.0,0.0,4000000.0,0.0,0.0,0.0,0.0,0.0
segregating,0.060000000000000005,2,data/segregating/VS_run_2_det_Dv0.060_projection_diag.json,data/segregating/VS_run_2_det_Dv0.060_projection_history.csv,800,clip,0.0,1e-14,0.001,2000000,800,False,2660.060166835785,0.0,0.0,0.0,0.0,0.0,0.0,0.0,0.0,23652187851.504158,23652187851.504158,0.0,0.0,0.0,0.0,0.0,0.0,0.0,0.0,0.0,0.0,0.0,0.0,0.0,0.0,0.0,0.0,0.0,2000000.0,0.0,0.0,0.0,0.0,0.0,0.0,4000000.0,0.0,0.0,0.0,0.0,0.0
segregating,0.060000000000000005,3,data/segregating/VS_run_3_det_Dv0.060_projection_diag.json,data/segregating/VS_run_3_det_Dv0.060_projection_history.csv,800,clip,0.0,1e-14,0.001,2000000,800,False,2727.466460466385,0.0,0.0,0.0,0.0,0.0,0.0,0.0,0.0,23689998583.526245,23689998583.526245,0.0,0.0,0.0,0.0,0.0,0.0,0.0,0.0,0.0,0.0,0.0,0.0,0.0,0.0,0.0,0.0,0.0,2000000.0,0.0,0.0,0.0,0.0,0.0,0.0,4000000.0,0.0,0.0,0.0,0.0,0.0
segregating,0.060000000000000005,4,data/segregating/VS_run_4_det_Dv0.060_projection_diag.json,data/segregating/VS_run_4_det_Dv0.060_projection_history.csv,800,clip,0.0,1e-14,0.001,2000000,800,False,2606.7814235687256,0.0,0.0,0.0,0.0,0.0,0.0,0.0,0.0,23647975751.671154,23647975751.671154,0.0,0.0,0.0,0.0,0.0,0.0,0.0,0.0,0.0,0.0,0.0,0.0,0.0,0.0,0.0,0.0,0.0,2000000.0,0.0,0.0,0.0,0.0,0.0,0.0,4000000.0,0.0,0.0,0.0,0.0,0.0
segregating,0.060000000000000005,5,data/segregating/VS_run_5_det_Dv0.060_projection_diag.json,data/segregating/VS_run_5_det_Dv0.060_projection_history.csv,800,clip,0.0,1e-14,0.001,2000000,800,False,2713.736608028412,0.0,0.0,0.0,0.0,0.0,0.0,0.0,0.0,23656350395.2026,23656350395.2026,0.0,0.0,0.0,0.0,0.0,0.0,0.0,0.0,0.0,0.0,0.0,0.0,0.0,0.0,0.0,0.0,0.0,2000000.0,0.0,0.0,0.0,0.0,0.0,0.0,4000000.0,0.0,0.0,0.0,0.0,0.0
segregating,0.060000000000000005,6,data/segregating/VS_run_6_det_Dv0.060_projection_diag.json,data/segregating/VS_run_6_det_Dv0.060_projection_history.csv,800,clip,0.0,1e-14,0.001,2000000,800,False,2642.8744053840637,0.0,0.0,0.0,0.0,0.0,0.0,0.0,0.0,23676932860.808598,23676932860.808598,0.0,0.0,0.0,0.0,0.0,0.0,0.0,0.0,0.0,0.0,0.0,0.0,0.0,0.0,0.0,0.0,0.0,2000000.0,0.0,0.0,0.0,0.0,0.0,0.0,4000000.0,0.0,0.0,0.0,0.0,0.0
segregating,0.060000000000000005,7,data/segregating/VS_run_7_det_Dv0.060_projection_diag.json,data/segregating/VS_run_7_det_Dv0.060_projection_history.csv,800,clip,0.0,1e-14,0.001,2000000,800,False,2530.3363926410675,0.0,0.0,0.0,0.0,0.0,0.0,0.0,0.0,23640620328.211628,23640620328.211628,0.0,0.0,0.0,0.0,0.0,0.0,0.0,0.0,0.0,0.0,0.0,0.0,0.0,0.0,0.0,0.0,0.0,2000000.0,0.0,0.0,0.0,0.0,0.0,0.0,4000000.0,0.0,0.0,0.0,0.0,0.0
segregating,0.060000000000000005,8,data/segregating/VS_run_8_det_Dv0.060_projection_diag.json,data/segregating/VS_run_8_det_Dv0.060_projection_history.csv,800,clip,0.0,1e-14,0.001,2000000,800,False,2619.810220003128,0.0,0.0,0.0,0.0,0.0,0.0,0.0,0.0,23651295874.995136,23651295874.995136,0.0,0.0,0.0,0.0,0.0,0.0,0.0,0.0,0.0,0.0,0.0,0.0,0.0,0.0,0.0,0.0,0.0,2000000.0,0.0,0.0,0.0,0.0,0.0,0.0,4000000.0,0.0,0.0,0.0,0.0,0.0
segregating,0.060000000000000005,9,data/segregating/VS_run_9_det_Dv0.060_projection_diag.json,data/segregating/VS_run_9_det_Dv0.060_projection_history.csv,800,clip,0.0,1e-14,0.001,2000000,800,False,2558.530017852783,0.0,0.0,0.0,0.0,0.0,0.0,0.0,0.0,23646521867.964584,23646521867.964584,0.0,0.0,0.0,0.0,0.0,0.0,0.0,0.0,0.0,0.0,0.0,0.0,0.0,0.0,0.0,0.0,0.0,2000000.0,0.0,0.0,0.0,0.0,0.0,0.0,4000000.0,0.0,0.0,0.0,0.0,0.0
segregating,0.06999999999999999,0,data/segregating/VS_run_0_det_Dv0.070_projection_diag.json,data/segregating/VS_run_0_det_Dv0.070_projection_history.csv,800,clip,0.0,1e-14,0.001,2000000,800,False,2692.9772276878357,0.0,0.0,0.0,0.0,0.0,0.0,0.0,0.0,23659578783.24817,23659578783.24817,0.0,0.0,0.0,0.0,0.0,0.0,0.0,0.0,0.0,0.0,0.0,0.0,0.0,0.0,0.0,0.0,0.0,2000000.0,0.0,0.0,0.0,0.0,0.0,0.0,4000000.0,0.0,0.0,0.0,0.0,0.0
segregating,0.06999999999999999,1,data/segregating/VS_run_1_det_Dv0.070_projection_diag.json,data/segregating/VS_run_1_det_Dv0.070_projection_history.csv,800,clip,0.0,1e-14,0.001,2000000,800,False,2604.584421157837,0.0,0.0,0.0,0.0,0.0,0.0,0.0,0.0,23652187851.504158,23652187851.504158,0.0,0.0,0.0,0.0,0.0,0.0,0.0,0.0,0.0,0.0,0.0,0.0,0.0,0.0,0.0,0.0,0.0,2000000.0,0.0,0.0,0.0,0.0,0.0,0.0,4000000.0,0.0,0.0,0.0,0.0,0.0
segregating,0.06999999999999999,2,data/segregating/VS_run_2_det_Dv0.070_projection_diag.json,data/segregating/VS_run_2_det_Dv0.070_projection_history.csv,800,clip,0.0,1e-14,0.001,2000000,800,False,2668.928864002228,0.0,0.0,0.0,0.0,0.0,0.0,0.0,0.0,23689998583.526245,23689998583.526245,0.0,0.0,0.0,0.0,0.0,0.0,0.0,0.0,0.0,0.0,0.0,0.0,0.0,0.0,0.0,0.0,0.0,2000000.0,0.0,0.0,0.0,0.0,0.0,0.0,4000000.0,0.0,0.0,0.0,0.0,0.0
segregating,0.06999999999999999,3,data/segregating/VS_run_3_det_Dv0.070_projection_diag.json,data/segregating/VS_run_3_det_Dv0.070_projection_history.csv,800,clip,0.0,1e-14,0.001,2000000,800,False,2728.3133759498596,0.0,0.0,0.0,0.0,0.0,0.0,0.0,0.0,23647975751.671154,23647975751.671154,0.0,0.0,0.0,0.0,0.0,0.0,0.0,0.0,0.0,0.0,0.0,0.0,0.0,0.0,0.0,0.0,0.0,2000000.0,0.0,0.0,0.0,0.0,0.0,0.0,4000000.0,0.0,0.0,0.0,0.0,0.0
segregating,0.06999999999999999,4,data/segregating/VS_run_4_det_Dv0.070_projection_diag.json,data/segregating/VS_run_4_det_Dv0.070_projection_history.csv,800,clip,0.0,1e-14,0.001,2000000,800,False,2617.625854730606,0.0,0.0,0.0,0.0,0.0,0.0,0.0,0.0,23656350395.2026,23656350395.2026,0.0,0.0,0.0,0.0,0.0,0.0,0.0,0.0,0.0,0.0,0.0,0.0,0.0,0.0,0.0,0.0,0.0,2000000.0,0.0,0.0,0.0,0.0,0.0,0.0,4000000.0,0.0,0.0,0.0,0.0,0.0
segregating,0.06999999999999999,5,data/segregating/VS_run_5_det_Dv0.070_projection_diag.json,data/segregating/VS_run_5_det_Dv0.070_projection_history.csv,800,clip,0.0,1e-14,0.001,2000000,800,False,2726.4032917022705,0.0,0.0,0.0,0.0,0.0,0.0,0.0,0.0,23676932860.808598,23676932860.808598,0.0,0.0,0.0,0.0,0.0,0.0,0.0,0.0,0.0,0.0,0.0,0.0,0.0,0.0,0.0,0.0,0.0,2000000.0,0.0,0.0,0.0,0.0,0.0,0.0,4000000.0,0.0,0.0,0.0,0.0,0.0
segregating,0.06999999999999999,6,data/segregating/VS_run_6_det_Dv0.070_projection_diag.json,data/segregating/VS_run_6_det_Dv0.070_projection_history.csv,800,clip,0.0,1e-14,0.001,2000000,800,False,2646.2941126823425,0.0,0.0,0.0,0.0,0.0,0.0,0.0,0.0,23640620328.211628,23640620328.211628,0.0,0.0,0.0,0.0,0.0,0.0,0.0,0.0,0.0,0.0,0.0,0.0,0.0,0.0,0.0,0.0,0.0,2000000.0,0.0,0.0,0.0,0.0,0.0,0.0,4000000.0,0.0,0.0,0.0,0.0,0.0
segregating,0.06999999999999999,7,data/segregating/VS_run_7_det_Dv0.070_projection_diag.json,data/segregating/VS_run_7_det_Dv0.070_projection_history.csv,800,clip,0.0,1e-14,0.001,2000000,800,False,2539.08273601532,0.0,0.0,0.0,0.0,0.0,0.0,0.0,0.0,23651295874.995136,23651295874.995136,0.0,0.0,0.0,0.0,0.0,0.0,0.0,0.0,0.0,0.0,0.0,0.0,0.0,0.0,0.0,0.0,0.0,2000000.0,0.0,0.0,0.0,0.0,0.0,0.0,4000000.0,0.0,0.0,0.0,0.0,0.0
segregating,0.06999999999999999,8,data/segregating/VS_run_8_det_Dv0.070_projection_diag.json,data/segregating/VS_run_8_det_Dv0.070_projection_history.csv,800,clip,0.0,1e-14,0.001,2000000,800,False,2621.5886464118958,0.0,0.0,0.0,0.0,0.0,0.0,0.0,0.0,23646521867.964584,23646521867.964584,0.0,0.0,0.0,0.0,0.0,0.0,0.0,0.0,0.0,0.0,0.0,0.0,0.0,0.0,0.0,0.0,0.0,2000000.0,0.0,0.0,0.0,0.0,0.0,0.0,4000000.0,0.0,0.0,0.0,0.0,0.0
segregating,0.06999999999999999,9,data/segregating/VS_run_9_det_Dv0.070_projection_diag.json,data/segregating/VS_run_9_det_Dv0.070_projection_history.csv,800,clip,0.0,1e-14,0.001,2000000,800,False,2584.137505531311,0.0,0.0,0.0,0.0,0.0,0.0,0.0,0.0,23644674679.984077,23644674679.984077,0.0,0.0,0.0,0.0,0.0,0.0,0.0,0.0,0.0,0.0,0.0,0.0,0.0,0.0,0.0,0.0,0.0,2000000.0,0.0,0.0,0.0,0.0,0.0,0.0,4000000.0,0.0,0.0,0.0,0.0,0.0
segregating,0.08,0,data/segregating/VS_run_0_det_Dv0.080_projection_diag.json,data/segregating/VS_run_0_det_Dv0.080_projection_history.csv,800,clip,0.0,1e-14,0.001,2000000,800,False,2676.1580798625946,0.0,0.0,0.0,0.0,0.0,0.0,0.0,0.0,23652187851.504158,23652187851.504158,0.0,0.0,0.0,0.0,0.0,0.0,0.0,0.0,0.0,0.0,0.0,0.0,0.0,0.0,0.0,0.0,0.0,2000000.0,0.0,0.0,0.0,0.0,0.0,0.0,4000000.0,0.0,0.0,0.0,0.0,0.0
segregating,0.08,1,data/segregating/VS_run_1_det_Dv0.080_projection_diag.json,data/segregating/VS_run_1_det_Dv0.080_projection_history.csv,800,clip,0.0,1e-14,0.001,2000000,800,False,2586.2221031188965,0.0,0.0,0.0,0.0,0.0,0.0,0.0,0.0,23689998583.526245,23689998583.526245,0.0,0.0,0.0,0.0,0.0,0.0,0.0,0.0,0.0,0.0,0.0,0.0,0.0,0.0,0.0,0.0,0.0,2000000.0,0.0,0.0,0.0,0.0,0.0,0.0,4000000.0,0.0,0.0,0.0,0.0,0.0
segregating,0.08,2,data/segregating/VS_run_2_det_Dv0.080_projection_diag.json,data/segregating/VS_run_2_det_Dv0.080_projection_history.csv,800,clip,0.0,1e-14,0.001,2000000,800,False,2668.7299542427063,0.0,0.0,0.0,0.0,0.0,0.0,0.0,0.0,23647975751.671154,23647975751.671154,0.0,0.0,0.0,0.0,0.0,0.0,0.0,0.0,0.0,0.0,0.0,0.0,0.0,0.0,0.0,0.0,0.0,2000000.0,0.0,0.0,0.0,0.0,0.0,0.0,4000000.0,0.0,0.0,0.0,0.0,0.0
segregating,0.08,3,data/segregating/VS_run_3_det_Dv0.080_projection_diag.json,data/segregating/VS_run_3_det_Dv0.080_projection_history.csv,800,clip,0.0,1e-14,0.001,2000000,800,False,2722.141386270523,0.0,0.0,0.0,0.0,0.0,0.0,0.0,0.0,23656350395.2026,23656350395.2026,0.0,0.0,0.0,0.0,0.0,0.0,0.0,0.0,0.0,0.0,0.0,0.0,0.0,0.0,0.0,0.0,0.0,2000000.0,0.0,0.0,0.0,0.0,0.0,0.0,4000000.0,0.0,0.0,0.0,0.0,0.0
segregating,0.08,4,data/segregating/VS_run_4_det_Dv0.080_projection_diag.json,data/segregating/VS_run_4_det_Dv0.080_projection_history.csv,800,clip,0.0,1e-14,0.001,2000000,800,False,2605.301027059555,0.0,0.0,0.0,0.0,0.0,0.0,0.0,0.0,23676932860.808598,23676932860.808598,0.0,0.0,0.0,0.0,0.0,0.0,0.0,0.0,0.0,0.0,0.0,0.0,0.0,0.0,0.0,0.0,0.0,2000000.0,0.0,0.0,0.0,0.0,0.0,0.0,4000000.0,0.0,0.0,0.0,0.0,0.0
segregating,0.08,5,data/segregating/VS_run_5_det_Dv0.080_projection_diag.json,data/segregating/VS_run_5_det_Dv0.080_projection_history.csv,800,clip,0.0,1e-14,0.001,2000000,800,False,2725.7617316246033,0.0,0.0,0.0,0.0,0.0,0.0,0.0,0.0,23640620328.211628,23640620328.211628,0.0,0.0,0.0,0.0,0.0,0.0,0.0,0.0,0.0,0.0,0.0,0.0,0.0,0.0,0.0,0.0,0.0,2000000.0,0.0,0.0,0.0,0.0,0.0,0.0,4000000.0,0.0,0.0,0.0,0.0,0.0
segregating,0.08,6,data/segregating/VS_run_6_det_Dv0.080_projection_diag.json,data/segregating/VS_run_6_det_Dv0.080_projection_history.csv,800,clip,0.0,1e-14,0.001,2000000,800,False,2644.0246982574463,0.0,0.0,0.0,0.0,0.0,0.0,0.0,0.0,23651295874.995136,23651295874.995136,0.0,0.0,0.0,0.0,0.0,0.0,0.0,0.0,0.0,0.0,0.0,0.0,0.0,0.0,0.0,0.0,0.0,2000000.0,0.0,0.0,0.0,0.0,0.0,0.0,4000000.0,0.0,0.0,0.0,0.0,0.0
segregating,0.08,7,data/segregating/VS_run_7_det_Dv0.080_projection_diag.json,data/segregating/VS_run_7_det_Dv0.080_projection_history.csv,800,clip,0.0,1e-14,0.001,2000000,800,False,2531.416401386261,0.0,0.0,0.0,0.0,0.0,0.0,0.0,0.0,23646521867.964584,23646521867.964584,0.0,0.0,0.0,0.0,0.0,0.0,0.0,0.0,0.0,0.0,0.0,0.0,0.0,0.0,0.0,0.0,0.0,2000000.0,0.0,0.0,0.0,0.0,0.0,0.0,4000000.0,0.0,0.0,0.0,0.0,0.0
segregating,0.08,8,data/segregating/VS_run_8_det_Dv0.080_projection_diag.json,data/segregating/VS_run_8_det_Dv0.080_projection_history.csv,800,clip,0.0,1e-14,0.001,2000000,800,False,2645.4656274318695,0.0,0.0,0.0,0.0,0.0,0.0,0.0,0.0,23644674679.984077,23644674679.984077,0.0,0.0,0.0,0.0,0.0,0.0,0.0,0.0,0.0,0.0,0.0,0.0,0.0,0.0,0.0,0.0,0.0,2000000.0,0.0,0.0,0.0,0.0,0.0,0.0,4000000.0,0.0,0.0,0.0,0.0,0.0
segregating,0.08,9,data/segregating/VS_run_9_det_Dv0.080_projection_diag.json,data/segregating/VS_run_9_det_Dv0.080_projection_history.csv,800,clip,0.0,1e-14,0.001,2000000,800,False,2582.3581528663635,0.0,0.0,0.0,0.0,0.0,0.0,0.0,0.0,23672609400.493767,23672609400.493767,0.0,0.0,0.0,0.0,0.0,0.0,0.0,0.0,0.0,0.0,0.0,0.0,0.0,0.0,0.0,0.0,0.0,2000000.0,0.0,0.0,0.0,0.0,0.0,0.0,4000000.0,0.0,0.0,0.0,0.0,0.0
segregating,0.09,0,data/segregating/VS_run_0_det_Dv0.090_projection_diag.json,data/segregating/VS_run_0_det_Dv0.090_projection_history.csv,800,clip,0.0,1e-14,0.001,2000000,800,False,2676.2157089710236,0.0,0.0,0.0,0.0,0.0,0.0,0.0,0.0,23689998583.526245,23689998583.526245,0.0,0.0,0.0,0.0,0.0,0.0,0.0,0.0,0.0,0.0,0.0,0.0,0.0,0.0,0.0,0.0,0.0,2000000.0,0.0,0.0,0.0,0.0,0.0,0.0,4000000.0,0.0,0.0,0.0,0.0,0.0
segregating,0.09,1,data/segregating/VS_run_1_det_Dv0.090_projection_diag.json,data/segregating/VS_run_1_det_Dv0.090_projection_history.csv,800,clip,0.0,1e-14,0.001,2000000,800,False,2596.8587398529053,0.0,0.0,0.0,0.0,0.0,0.0,0.0,0.0,23647975751.671154,23647975751.671154,0.0,0.0,0.0,0.0,0.0,0.0,0.0,0.0,0.0,0.0,0.0,0.0,0.0,0.0,0.0,0.0,0.0,2000000.0,0.0,0.0,0.0,0.0,0.0,0.0,4000000.0,0.0,0.0,0.0,0.0,0.0
segregating,0.09,2,data/segregating/VS_run_2_det_Dv0.090_projection_diag.json,data/segregating/VS_run_2_det_Dv0.090_projection_history.csv,800,clip,0.0,1e-14,0.001,2000000,800,False,2673.176197052002,0.0,0.0,0.0,0.0,0.0,0.0,0.0,0.0,23656350395.2026,23656350395.2026,0.0,0.0,0.0,0.0,0.0,0.0,0.0,0.0,0.0,0.0,0.0,0.0,0.0,0.0,0.0,0.0,0.0,2000000.0,0.0,0.0,0.0,0.0,0.0,0.0,4000000.0,0.0,0.0,0.0,0.0,0.0
segregating,0.09,3,data/segregating/VS_run_3_det_Dv0.090_projection_diag.json,data/segregating/VS_run_3_det_Dv0.090_projection_history.csv,800,clip,0.0,1e-14,0.001,2000000,800,False,2705.8664672374725,0.0,0.0,0.0,0.0,0.0,0.0,0.0,0.0,23676932860.808598,23676932860.808598,0.0,0.0,0.0,0.0,0.0,0.0,0.0,0.0,0.0,0.0,0.0,0.0,0.0,0.0,0.0,0.0,0.0,2000000.0,0.0,0.0,0.0,0.0,0.0,0.0,4000000.0,0.0,0.0,0.0,0.0,0.0
segregating,0.09,4,data/segregating/VS_run_4_det_Dv0.090_projection_diag.json,data/segregating/VS_run_4_det_Dv0.090_projection_history.csv,800,clip,0.0,1e-14,0.001,2000000,800,False,2649.188878059387,0.0,0.0,0.0,0.0,0.0,0.0,0.0,0.0,23640620328.211628,23640620328.211628,0.0,0.0,0.0,0.0,0.0,0.0,0.0,0.0,0.0,0.0,0.0,0.0,0.0,0.0,0.0,0.0,0.0,2000000.0,0.0,0.0,0.0,0.0,0.0,0.0,4000000.0,0.0,0.0,0.0,0.0,0.0
segregating,0.09,5,data/segregating/VS_run_5_det_Dv0.090_projection_diag.json,data/segregating/VS_run_5_det_Dv0.090_projection_history.csv,800,clip,0.0,1e-14,0.001,2000000,800,False,2730.846363544464,0.0,0.0,0.0,0.0,0.0,0.0,0.0,0.0,23651295874.995136,23651295874.995136,0.0,0.0,0.0,0.0,0.0,0.0,0.0,0.0,0.0,0.0,0.0,0.0,0.0,0.0,0.0,0.0,0.0,2000000.0,0.0,0.0,0.0,0.0,0.0,0.0,4000000.0,0.0,0.0,0.0,0.0,0.0
segregating,0.09,6,data/segregating/VS_run_6_det_Dv0.090_projection_diag.json,data/segregating/VS_run_6_det_Dv0.090_projection_history.csv,800,clip,0.0,1e-14,0.001,2000000,800,False,2647.259218931198,0.0,0.0,0.0,0.0,0.0,0.0,0.0,0.0,23646521867.964584,23646521867.964584,0.0,0.0,0.0,0.0,0.0,0.0,0.0,0.0,0.0,0.0,0.0,0.0,0.0,0.0,0.0,0.0,0.0,2000000.0,0.0,0.0,0.0,0.0,0.0,0.0,4000000.0,0.0,0.0,0.0,0.0,0.0
segregating,0.09,7,data/segregating/VS_run_7_det_Dv0.090_projection_diag.json,data/segregating/VS_run_7_det_Dv0.090_projection_history.csv,800,clip,0.0,1e-14,0.001,2000000,800,False,2529.2736229896545,0.0,0.0,0.0,0.0,0.0,0.0,0.0,0.0,23644674679.984077,23644674679.984077,0.0,0.0,0.0,0.0,0.0,0.0,0.0,0.0,0.0,0.0,0.0,0.0,0.0,0.0,0.0,0.0,0.0,2000000.0,0.0,0.0,0.0,0.0,0.0,0.0,4000000.0,0.0,0.0,0.0,0.0,0.0
segregating,0.09,8,data/segregating/VS_run_8_det_Dv0.090_projection_diag.json,data/segregating/VS_run_8_det_Dv0.090_projection_history.csv,800,clip,0.0,1e-14,0.001,2000000,800,False,2621.2618112564087,0.0,0.0,0.0,0.0,0.0,0.0,0.0,0.0,23672609400.493767,23672609400.493767,0.0,0.0,0.0,0.0,0.0,0.0,0.0,0.0,0.0,0.0,0.0,0.0,0.0,0.0,0.0,0.0,0.0,2000000.0,0.0,0.0,0.0,0.0,0.0,0.0,4000000.0,0.0,0.0,0.0,0.0,0.0
segregating,0.09,9,data/segregating/VS_run_9_det_Dv0.090_projection_diag.json,data/segregating/VS_run_9_det_Dv0.090_projection_history.csv,800,clip,0.0,1e-14,0.001,2000000,800,False,2560.4719574451447,0.0,0.0,0.0,0.0,0.0,0.0,0.0,0.0,23671526334.07234,23671526334.07234,0.0,0.0,0.0,0.0,0.0,0.0,0.0,0.0,0.0,0.0,0.0,0.0,0.0,0.0,0.0,0.0,0.0,2000000.0,0.0,0.0,0.0,0.0,0.0,0.0,4000000.0,0.0,0.0,0.0,0.0,0.0
segregating,0.09999999999999999,0,data/segregating/VS_run_0_det_Dv0.100_projection_diag.json,data/segregating/VS_run_0_det_Dv0.100_projection_history.csv,800,clip,0.0,1e-14,0.001,2000000,800,False,2687.493227005005,0.0,0.0,0.0,0.0,0.0,0.0,0.0,0.0,23647975751.671154,23647975751.671154,0.0,0.0,0.0,0.0,0.0,0.0,0.0,0.0,0.0,0.0,0.0,0.0,0.0,0.0,0.0,0.0,0.0,2000000.0,0.0,0.0,0.0,0.0,0.0,0.0,4000000.0,0.0,0.0,0.0,0.0,0.0
segregating,0.09999999999999999,1,data/segregating/VS_run_1_det_Dv0.100_projection_diag.json,data/segregating/VS_run_1_det_Dv0.100_projection_history.csv,800,clip,0.0,1e-14,0.001,2000000,800,False,2618.85626745224,0.0,0.0,0.0,0.0,0.0,0.0,0.0,0.0,23656350395.2026,23656350395.2026,0.0,0.0,0.0,0.0,0.0,0.0,0.0,0.0,0.0,0.0,0.0,0.0,0.0,0.0,0.0,0.0,0.0,2000000.0,0.0,0.0,0.0,0.0,0.0,0.0,4000000.0,0.0,0.0,0.0,0.0,0.0
segregating,0.09999999999999999,2,data/segregating/VS_run_2_det_Dv0.100_projection_diag.json,data/segregating/VS_run_2_det_Dv0.100_projection_history.csv,800,clip,0.0,1e-14,0.001,2000000,800,False,2653.1113760471344,0.0,0.0,0.0,0.0,0.0,0.0,0.0,0.0,23676932860.808598,23676932860.808598,0.0,0.0,0.0,0.0,0.0,0.0,0.0,0.0,0.0,0.0,0.0,0.0,0.0,0.0,0.0,0.0,0.0,2000000.0,0.0,0.0,0.0,0.0,0.0,0.0,4000000.0,0.0,0.0,0.0,0.0,0.0
segregating,0.09999999999999999,3,data/segregating/VS_run_3_det_Dv0.100_projection_diag.json,data/segregating/VS_run_3_det_Dv0.100_projection_history.csv,800,clip,0.0,1e-14,0.001,2000000,800,False,2726.9438598155975,0.0,0.0,0.0,0.0,0.0,0.0,0.0,0.0,23640620328.211628,23640620328.211628,0.0,0.0,0.0,0.0,0.0,0.0,0.0,0.0,0.0,0.0,0.0,0.0,0.0,0.0,0.0,0.0,0.0,2000000.0,0.0,0.0,0.0,0.0,0.0,0.0,4000000.0,0.0,0.0,0.0,0.0,0.0
segregating,0.09999999999999999,4,data/segregating/VS_run_4_det_Dv0.100_projection_diag.json,data/segregating/VS_run_4_det_Dv0.100_projection_history.csv,800,clip,0.0,1e-14,0.001,2000000,800,False,2641.90070605278,0.0,0.0,0.0,0.0,0.0,0.0,0.0,0.0,23651295874.995136,23651295874.995136,0.0,0.0,0.0,0.0,0.0,0.0,0.0,0.0,0.0,0.0,0.0,0.0,0.0,0.0,0.0,0.0,0.0,2000000.0,0.0,0.0,0.0,0.0,0.0,0.0,4000000.0,0.0,0.0,0.0,0.0,0.0
segregating,0.09999999999999999,5,data/segregating/VS_run_5_det_Dv0.100_projection_diag.json,data/segregating/VS_run_5_det_Dv0.100_projection_history.csv,800,clip,0.0,1e-14,0.001,2000000,800,False,2707.7630989551544,0.0,0.0,0.0,0.0,0.0,0.0,0.0,0.0,23646521867.964584,23646521867.964584,0.0,0.0,0.0,0.0,0.0,0.0,0.0,0.0,0.0,0.0,0.0,0.0,0.0,0.0,0.0,0.0,0.0,2000000.0,0.0,0.0,0.0,0.0,0.0,0.0,4000000.0,0.0,0.0,0.0,0.0,0.0
segregating,0.09999999999999999,6,data/segregating/VS_run_6_det_Dv0.100_projection_diag.json,data/segregating/VS_run_6_det_Dv0.100_projection_history.csv,800,clip,0.0,1e-14,0.001,2000000,800,False,2649.9367291927338,0.0,0.0,0.0,0.0,0.0,0.0,0.0,0.0,23644674679.984077,23644674679.984077,0.0,0.0,0.0,0.0,0.0,0.0,0.0,0.0,0.0,0.0,0.0,0.0,0.0,0.0,0.0,0.0,0.0,2000000.0,0.0,0.0,0.0,0.0,0.0,0.0,4000000.0,0.0,0.0,0.0,0.0,0.0
segregating,0.09999999999999999,7,data/segregating/VS_run_7_det_Dv0.100_projection_diag.json,data/segregating/VS_run_7_det_Dv0.100_projection_history.csv,800,clip,0.0,1e-14,0.001,2000000,800,False,2540.7725913524628,0.0,0.0,0.0,0.0,0.0,0.0,0.0,0.0,23672609400.493767,23672609400.493767,0.0,0.0,0.0,0.0,0.0,0.0,0.0,0.0,0.0,0.0,0.0,0.0,0.0,0.0,0.0,0.0,0.0,2000000.0,0.0,0.0,0.0,0.0,0.0,0.0,4000000.0,0.0,0.0,0.0,0.0,0.0
segregating,0.09999999999999999,8,data/segregating/VS_run_8_det_Dv0.100_projection_diag.json,data/segregating/VS_run_8_det_Dv0.100_projection_history.csv,800,clip,0.0,1e-14,0.001,2000000,800,False,2635.5110397338867,0.0,0.0,0.0,0.0,0.0,0.0,0.0,0.0,23671526334.07234,23671526334.07234,0.0,0.0,0.0,0.0,0.0,0.0,0.0,0.0,0.0,0.0,0.0,0.0,0.0,0.0,0.0,0.0,0.0,2000000.0,0.0,0.0,0.0,0.0,0.0,0.0,4000000.0,0.0,0.0,0.0,0.0,0.0
segregating,0.09999999999999999,9,data/segregating/VS_run_9_det_Dv0.100_projection_diag.json,data/segregating/VS_run_9_det_Dv0.100_projection_history.csv,800,clip,0.0,1e-14,0.001,2000000,800,False,2604.683310985565,0.0,0.0,0.0,0.0,0.0,0.0,0.0,0.0,23649294247.8572,23649294247.8572,0.0,0.0,0.0,0.0,0.0,0.0,0.0,0.0,0.0,0.0,0.0,0.0,0.0,0.0,0.0,0.0,0.0,2000000.0,0.0,0.0,0.0,0.0,0.0,0.0,4000000.0,0.0,0.0,0.0,0.0,0.0
segregating,0.11,0,data/segregating/VS_run_0_det_Dv0.110_projection_diag.json,data/segregating/VS_run_0_det_Dv0.110_projection_history.csv,800,clip,0.0,1e-14,0.001,2000000,800,False,2683.4805665016174,0.0,0.0,0.0,0.0,0.0,0.0,0.0,0.0,23656350395.2026,23656350395.2026,0.0,0.0,0.0,0.0,0.0,0.0,0.0,0.0,0.0,0.0,0.0,0.0,0.0,0.0,0.0,0.0,0.0,2000000.0,0.0,0.0,0.0,0.0,0.0,0.0,4000000.0,0.0,0.0,0.0,0.0,0.0
segregating,0.11,1,data/segregating/VS_run_1_det_Dv0.110_projection_diag.json,data/segregating/VS_run_1_det_Dv0.110_projection_history.csv,800,clip,0.0,1e-14,0.001,2000000,800,False,2603.2899317741394,0.0,0.0,0.0,0.0,0.0,0.0,0.0,0.0,23676932860.808598,23676932860.808598,0.0,0.0,0.0,0.0,0.0,0.0,0.0,0.0,0.0,0.0,0.0,0.0,0.0,0.0,0.0,0.0,0.0,2000000.0,0.0,0.0,0.0,0.0,0.0,0.0,4000000.0,0.0,0.0,0.0,0.0,0.0
segregating,0.11,2,data/segregating/VS_run_2_det_Dv0.110_projection_diag.json,data/segregating/VS_run_2_det_Dv0.110_projection_history.csv,800,clip,0.0,1e-14,0.001,2000000,800,False,2669.4397292137146,0.0,0.0,0.0,0.0,0.0,0.0,0.0,0.0,23640620328.211628,23640620328.211628,0.0,0.0,0.0,0.0,0.0,0.0,0.0,0.0,0.0,0.0,0.0,0.0,0.0,0.0,0.0,0.0,0.0,2000000.0,0.0,0.0,0.0,0.0,0.0,0.0,4000000.0,0.0,0.0,0.0,0.0,0.0
segregating,0.11,3,data/segregating/VS_run_3_det_Dv0.110_projection_diag.json,data/segregating/VS_run_3_det_Dv0.110_projection_history.csv,800,clip,0.0,1e-14,0.001,2000000,800,False,2723.766462087631,0.0,0.0,0.0,0.0,0.0,0.0,0.0,0.0,23651295874.995136,23651295874.995136,0.0,0.0,0.0,0.0,0.0,0.0,0.0,0.0,0.0,0.0,0.0,0.0,0.0,0.0,0.0,0.0,0.0,2000000.0,0.0,0.0,0.0,0.0,0.0,0.0,4000000.0,0.0,0.0,0.0,0.0,0.0
segregating,0.11,4,data/segregating/VS_run_4_det_Dv0.110_projection_diag.json,data/segregating/VS_run_4_det_Dv0.110_projection_history.csv,800,clip,0.0,1e-14,0.001,2000000,800,False,2637.8933141231537,0.0,0.0,0.0,0.0,0.0,0.0,0.0,0.0,23646521867.964584,23646521867.964584,0.0,0.0,0.0,0.0,0.0,0.0,0.0,0.0,0.0,0.0,0.0,0.0,0.0,0.0,0.0,0.0,0.0,2000000.0,0.0,0.0,0.0,0.0,0.0,0.0,4000000.0,0.0,0.0,0.0,0.0,0.0
segregating,0.11,5,data/segregating/VS_run_5_det_Dv0.110_projection_diag.json,data/segregating/VS_run_5_det_Dv0.110_projection_history.csv,800,clip,0.0,1e-14,0.001,2000000,800,False,2728.1206018924713,0.0,0.0,0.0,0.0,0.0,0.0,0.0,0.0,23644674679.984077,23644674679.984077,0.0,0.0,0.0,0.0,0.0,0.0,0.0,0.0,0.0,0.0,0.0,0.0,0.0,0.0,0.0,0.0,0.0,2000000.0,0.0,0.0,0.0,0.0,0.0,0.0,4000000.0,0.0,0.0,0.0,0.0,0.0
segregating,0.11,6,data/segregating/VS_run_6_det_Dv0.110_projection_diag.json,data/segregating/VS_run_6_det_Dv0.110_projection_history.csv,800,clip,0.0,1e-14,0.001,2000000,800,False,2650.000224351883,0.0,0.0,0.0,0.0,0.0,0.0,0.0,0.0,23672609400.493767,23672609400.493767,0.0,0.0,0.0,0.0,0.0,0.0,0.0,0.0,0.0,0.0,0.0,0.0,0.0,0.0,0.0,0.0,0.0,2000000.0,0.0,0.0,0.0,0.0,0.0,0.0,4000000.0,0.0,0.0,0.0,0.0,0.0
segregating,0.11,7,data/segregating/VS_run_7_det_Dv0.110_projection_diag.json,data/segregating/VS_run_7_det_Dv0.110_projection_history.csv,800,clip,0.0,1e-14,0.001,2000000,800,False,2540.354788541794,0.0,0.0,0.0,0.0,0.0,0.0,0.0,0.0,23671526334.07234,23671526334.07234,0.0,0.0,0.0,0.0,0.0,0.0,0.0,0.0,0.0,0.0,0.0,0.0,0.0,0.0,0.0,0.0,0.0,2000000.0,0.0,0.0,0.0,0.0,0.0,0.0,4000000.0,0.0,0.0,0.0,0.0,0.0
segregating,0.11,8,data/segregating/VS_run_8_det_Dv0.110_projection_diag.json,data/segregating/VS_run_8_det_Dv0.110_projection_history.csv,800,clip,0.0,1e-14,0.001,2000000,800,False,2641.8612649440765,0.0,0.0,0.0,0.0,0.0,0.0,0.0,0.0,23649294247.8572,23649294247.8572,0.0,0.0,0.0,0.0,0.0,0.0,0.0,0.0,0.0,0.0,0.0,0.0,0.0,0.0,0.0,0.0,0.0,2000000.0,0.0,0.0,0.0,0.0,0.0,0.0,4000000.0,0.0,0.0,0.0,0.0,0.0
segregating,0.11,9,data/segregating/VS_run_9_det_Dv0.110_projection_diag.json,data/segregating/VS_run_9_det_Dv0.110_projection_history.csv,800,clip,0.0,1e-14,0.001,2000000,800,False,2604.6145260334015,0.0,0.0,0.0,0.0,0.0,0.0,0.0,0.0,23645931350.04966,23645931350.04966,0.0,0.0,0.0,0.0,0.0,0.0,0.0,0.0,0.0,0.0,0.0,0.0,0.0,0.0,0.0,0.0,0.0,2000000.0,0.0,0.0,0.0,0.0,0.0,0.0,4000000.0,0.0,0.0,0.0,0.0,0.0
segregating,0.12,0,data/segregating/VS_run_0_det_Dv0.120_projection_diag.json,data/segregating/VS_run_0_det_Dv0.120_projection_history.csv,800,clip,0.0,1e-14,0.001,2000000,800,False,2694.838403940201,0.0,0.0,0.0,0.0,0.0,0.0,0.0,0.0,23676932860.808598,23676932860.808598,0.0,0.0,0.0,0.0,0.0,0.0,0.0,0.0,0.0,0.0,0.0,0.0,0.0,0.0,0.0,0.0,0.0,2000000.0,0.0,0.0,0.0,0.0,0.0,0.0,4000000.0,0.0,0.0,0.0,0.0,0.0
segregating,0.12,1,data/segregating/VS_run_1_det_Dv0.120_projection_diag.json,data/segregating/VS_run_1_det_Dv0.120_projection_history.csv,800,clip,0.0,1e-14,0.001,2000000,800,False,2601.840622663498,0.0,0.0,0.0,0.0,0.0,0.0,0.0,0.0,23640620328.211628,23640620328.211628,0.0,0.0,0.0,0.0,0.0,0.0,0.0,0.0,0.0,0.0,0.0,0.0,0.0,0.0,0.0,0.0,0.0,2000000.0,0.0,0.0,0.0,0.0,0.0,0.0,4000000.0,0.0,0.0,0.0,0.0,0.0
segregating,0.12,2,data/segregating/VS_run_2_det_Dv0.120_projection_diag.json,data/segregating/VS_run_2_det_Dv0.120_projection_history.csv,800,clip,0.0,1e-14,0.001,2000000,800,False,2670.678466320038,0.0,0.0,0.0,0.0,0.0,0.0,0.0,0.0,23651295874.995136,23651295874.995136,0.0,0.0,0.0,0.0,0.0,0.0,0.0,0.0,0.0,0.0,0.0,0.0,0.0,0.0,0.0,0.0,0.0,2000000.0,0.0,0.0,0.0,0.0,0.0,0.0,4000000.0,0.0,0.0,0.0,0.0,0.0
segregating,0.12,3,data/segregating/VS_run_3_det_Dv0.120_projection_diag.json,data/segregating/VS_run_3_det_Dv0.120_projection_history.csv,800,clip,0.0,1e-14,0.001,2000000,800,False,2731.7304286956787,0.0,0.0,0.0,0.0,0.0,0.0,0.0,0.0,23646521867.964584,23646521867.964584,0.0,0.0,0.0,0.0,0.0,0.0,0.0,0.0,0.0,0.0,0.0,0.0,0.0,0.0,0.0,0.0,0.0,2000000.0,0.0,0.0,0.0,0.0,0.0,0.0,4000000.0,0.0,0.0,0.0,0.0,0.0
segregating,0.12,4,data/segregating/VS_run_4_det_Dv0.120_projection_diag.json,data/segregating/VS_run_4_det_Dv0.120_projection_history.csv,800,clip,0.0,1e-14,0.001,2000000,800,False,2626.6519236564636,0.0,0.0,0.0,0.0,0.0,0.0,0.0,0.0,23644674679.984077,23644674679.984077,0.0,0.0,0.0,0.0,0.0,0.0,0.0,0.0,0.0,0.0,0.0,0.0,0.0,0.0,0.0,0.0,0.0,2000000.0,0.0,0.0,0.0,0.0,0.0,0.0,4000000.0,0.0,0.0,0.0,0.0,0.0
segregating,0.12,5,data/segregating/VS_run_5_det_Dv0.120_projection_diag.json,data/segregating/VS_run_5_det_Dv0.120_projection_history.csv,800,clip,0.0,1e-14,0.001,2000000,800,False,2705.752883195877,0.0,0.0,0.0,0.0,0.0,0.0,0.0,0.0,23672609400.493767,23672609400.493767,0.0,0.0,0.0,0.0,0.0,0.0,0.0,0.0,0.0,0.0,0.0,0.0,0.0,0.0,0.0,0.0,0.0,2000000.0,0.0,0.0,0.0,0.0,0.0,0.0,4000000.0,0.0,0.0,0.0,0.0,0.0
segregating,0.12,6,data/segregating/VS_run_6_det_Dv0.120_projection_diag.json,data/segregating/VS_run_6_det_Dv0.120_projection_history.csv,800,clip,0.0,1e-14,0.001,2000000,800,False,2646.3747313022614,0.0,0.0,0.0,0.0,0.0,0.0,0.0,0.0,23671526334.07234,23671526334.07234,0.0,0.0,0.0,0.0,0.0,0.0,0.0,0.0,0.0,0.0,0.0,0.0,0.0,0.0,0.0,0.0,0.0,2000000.0,0.0,0.0,0.0,0.0,0.0,0.0,4000000.0,0.0,0.0,0.0,0.0,0.0
segregating,0.12,7,data/segregating/VS_run_7_det_Dv0.120_projection_diag.json,data/segregating/VS_run_7_det_Dv0.120_projection_history.csv,800,clip,0.0,1e-14,0.001,2000000,800,False,2536.1480259895325,0.0,0.0,0.0,0.0,0.0,0.0,0.0,0.0,23649294247.8572,23649294247.8572,0.0,0.0,0.0,0.0,0.0,0.0,0.0,0.0,0.0,0.0,0.0,0.0,0.0,0.0,0.0,0.0,0.0,2000000.0,0.0,0.0,0.0,0.0,0.0,0.0,4000000.0,0.0,0.0,0.0,0.0,0.0
segregating,0.12,8,data/segregating/VS_run_8_det_Dv0.120_projection_diag.json,data/segregating/VS_run_8_det_Dv0.120_projection_history.csv,800,clip,0.0,1e-14,0.001,2000000,800,False,2646.8484086990356,0.0,0.0,0.0,0.0,0.0,0.0,0.0,0.0,23645931350.04966,23645931350.04966,0.0,0.0,0.0,0.0,0.0,0.0,0.0,0.0,0.0,0.0,0.0,0.0,0.0,0.0,0.0,0.0,0.0,2000000.0,0.0,0.0,0.0,0.0,0.0,0.0,4000000.0,0.0,0.0,0.0,0.0,0.0
segregating,0.12,9,data/segregating/VS_run_9_det_Dv0.120_projection_diag.json,data/segregating/VS_run_9_det_Dv0.120_projection_history.csv,800,clip,0.0,1e-14,0.001,2000000,800,False,2552.714316368103,0.0,0.0,0.0,0.0,0.0,0.0,0.0,0.0,23642290341.99421,23642290341.99421,0.0,0.0,0.0,0.0,0.0,0.0,0.0,0.0,0.0,0.0,0.0,0.0,0.0,0.0,0.0,0.0,0.0,2000000.0,0.0,0.0,0.0,0.0,0.0,0.0,4000000.0,0.0,0.0,0.0,0.0,0.0
segregating,0.13,0,data/segregating/VS_run_0_det_Dv0.130_projection_diag.json,data/segregating/VS_run_0_det_Dv0.130_projection_history.csv,800,clip,0.0,1e-14,0.001,2000000,800,False,2683.5895853042603,0.0,0.0,0.0,0.0,0.0,0.0,0.0,0.0,23640620328.211628,23640620328.211628,0.0,0.0,0.0,0.0,0.0,0.0,0.0,0.0,0.0,0.0,0.0,0.0,0.0,0.0,0.0,0.0,0.0,2000000.0,0.0,0.0,0.0,0.0,0.0,0.0,4000000.0,0.0,0.0,0.0,0.0,0.0
segregating,0.13,1,data/segregating/VS_run_1_det_Dv0.130_projection_diag.json,data/segregating/VS_run_1_det_Dv0.130_projection_history.csv,800,clip,0.0,1e-14,0.001,2000000,800,False,2598.7204492092133,0.0,0.0,0.0,0.0,0.0,0.0,0.0,0.0,23651295874.995136,23651295874.995136,0.0,0.0,0.0,0.0,0.0,0.0,0.0,0.0,0.0,0.0,0.0,0.0,0.0,0.0,0.0,0.0,0.0,2000000.0,0.0,0.0,0.0,0.0,0.0,0.0,4000000.0,0.0,0.0,0.0,0.0,0.0
segregating,0.13,2,data/segregating/VS_run_2_det_Dv0.130_projection_diag.json,data/segregating/VS_run_2_det_Dv0.130_projection_history.csv,800,clip,0.0,1e-14,0.001,2000000,800,False,2670.535519838333,0.0,0.0,0.0,0.0,0.0,0.0,0.0,0.0,23646521867.964584,23646521867.964584,0.0,0.0,0.0,0.0,0.0,0.0,0.0,0.0,0.0,0.0,0.0,0.0,0.0,0.0,0.0,0.0,0.0,2000000.0,0.0,0.0,0.0,0.0,0.0,0.0,4000000.0,0.0,0.0,0.0,0.0,0.0
segregating,0.13,3,data/segregating/VS_run_3_det_Dv0.130_projection_diag.json,data/segregating/VS_run_3_det_Dv0.130_projection_history.csv,800,clip,0.0,1e-14,0.001,2000000,800,False,2736.231237888336,0.0,0.0,0.0,0.0,0.0,0.0,0.0,0.0,23644674679.984077,23644674679.984077,0.0,0.0,0.0,0.0,0.0,0.0,0.0,0.0,0.0,0.0,0.0,0.0,0.0,0.0,0.0,0.0,0.0,2000000.0,0.0,0.0,0.0,0.0,0.0,0.0,4000000.0,0.0,0.0,0.0,0.0,0.0
segregating,0.13,4,data/segregating/VS_run_4_det_Dv0.130_projection_diag.json,data/segregating/VS_run_4_det_Dv0.130_projection_history.csv,800,clip,0.0,1e-14,0.001,2000000,800,False,2626.607836008072,0.0,0.0,0.0,0.0,0.0,0.0,0.0,0.0,23672609400.493767,23672609400.493767,0.0,0.0,0.0,0.0,0.0,0.0,0.0,0.0,0.0,0.0,0.0,0.0,0.0,0.0,0.0,0.0,0.0,2000000.0,0.0,0.0,0.0,0.0,0.0,0.0,4000000.0,0.0,0.0,0.0,0.0,0.0
segregating,0.13,5,data/segregating/VS_run_5_det_Dv0.130_projection_diag.json,data/segregating/VS_run_5_det_Dv0.130_projection_history.csv,800,clip,0.0,1e-14,0.001,2000000,800,False,2730.36843085289,0.0,0.0,0.0,0.0,0.0,0.0,0.0,0.0,23671526334.07234,23671526334.07234,0.0,0.0,0.0,0.0,0.0,0.0,0.0,0.0,0.0,0.0,0.0,0.0,0.0,0.0,0.0,0.0,0.0,2000000.0,0.0,0.0,0.0,0.0,0.0,0.0,4000000.0,0.0,0.0,0.0,0.0,0.0
segregating,0.13,6,data/segregating/VS_run_6_det_Dv0.130_projection_diag.json,data/segregating/VS_run_6_det_Dv0.130_projection_history.csv,800,clip,0.0,1e-14,0.001,2000000,800,False,2643.2825860977173,0.0,0.0,0.0,0.0,0.0,0.0,0.0,0.0,23649294247.8572,23649294247.8572,0.0,0.0,0.0,0.0,0.0,0.0,0.0,0.0,0.0,0.0,0.0,0.0,0.0,0.0,0.0,0.0,0.0,2000000.0,0.0,0.0,0.0,0.0,0.0,0.0,4000000.0,0.0,0.0,0.0,0.0,0.0
segregating,0.13,7,data/segregating/VS_run_7_det_Dv0.130_projection_diag.json,data/segregating/VS_run_7_det_Dv0.130_projection_history.csv,800,clip,0.0,1e-14,0.001,2000000,800,False,2539.014086961746,0.0,0.0,0.0,0.0,0.0,0.0,0.0,0.0,23645931350.04966,23645931350.04966,0.0,0.0,0.0,0.0,0.0,0.0,0.0,0.0,0.0,0.0,0.0,0.0,0.0,0.0,0.0,0.0,0.0,2000000.0,0.0,0.0,0.0,0.0,0.0,0.0,4000000.0,0.0,0.0,0.0,0.0,0.0
segregating,0.13,8,data/segregating/VS_run_8_det_Dv0.130_projection_diag.json,data/segregating/VS_run_8_det_Dv0.130_projection_history.csv,800,clip,0.0,1e-14,0.001,2000000,800,False,2644.326387166977,0.0,0.0,0.0,0.0,0.0,0.0,0.0,0.0,23642290341.99421,23642290341.99421,0.0,0.0,0.0,0.0,0.0,0.0,0.0,0.0,0.0,0.0,0.0,0.0,0.0,0.0,0.0,0.0,0.0,2000000.0,0.0,0.0,0.0,0.0,0.0,0.0,4000000.0,0.0,0.0,0.0,0.0,0.0
segregating,0.13,9,data/segregating/VS_run_9_det_Dv0.130_projection_diag.json,data/segregating/VS_run_9_det_Dv0.130_projection_history.csv,800,clip,0.0,1e-14,0.001,2000000,800,False,2604.9651119709015,0.0,0.0,0.0,0.0,0.0,0.0,0.0,0.0,23665834562.00226,23665834562.00226,0.0,0.0,0.0,0.0,0.0,0.0,0.0,0.0,0.0,0.0,0.0,0.0,0.0,0.0,0.0,0.0,0.0,2000000.0,0.0,0.0,0.0,0.0,0.0,0.0,4000000.0,0.0,0.0,0.0,0.0,0.0
segregating,0.14,0,data/segregating/VS_run_0_det_Dv0.140_projection_diag.json,data/segregating/VS_run_0_det_Dv0.140_projection_history.csv,800,clip,0.0,1e-14,0.001,2000000,800,False,2699.5158660411835,0.0,0.0,0.0,0.0,0.0,0.0,0.0,0.0,23651295874.995136,23651295874.995136,0.0,0.0,0.0,0.0,0.0,0.0,0.0,0.0,0.0,0.0,0.0,0.0,0.0,0.0,0.0,0.0,0.0,2000000.0,0.0,0.0,0.0,0.0,0.0,0.0,4000000.0,0.0,0.0,0.0,0.0,0.0
segregating,0.14,1,data/segregating/VS_run_1_det_Dv0.140_projection_diag.json,data/segregating/VS_run_1_det_Dv0.140_projection_history.csv,800,clip,0.0,1e-14,0.001,2000000,800,False,2618.3550310134888,0.0,0.0,0.0,0.0,0.0,0.0,0.0,0.0,23646521867.964584,23646521867.964584,0.0,0.0,0.0,0.0,0.0,0.0,0.0,0.0,0.0,0.0,0.0,0.0,0.0,0.0,0.0,0.0,0.0,2000000.0,0.0,0.0,0.0,0.0,0.0,0.0,4000000.0,0.0,0.0,0.0,0.0,0.0
segregating,0.14,2,data/segregating/VS_run_2_det_Dv0.140_projection_diag.json,data/segregating/VS_run_2_det_Dv0.140_projection_history.csv,800,clip,0.0,1e-14,0.001,2000000,800,False,2670.6059000492096,0.0,0.0,0.0,0.0,0.0,0.0,0.0,0.0,23644674679.984077,23644674679.984077,0.0,0.0,0.0,0.0,0.0,0.0,0.0,0.0,0.0,0.0,0.0,0.0,0.0,0.0,0.0,0.0,0.0,2000000.0,0.0,0.0,0.0,0.0,0.0,0.0,4000000.0,0.0,0.0,0.0,0.0,0.0
segregating,0.14,3,data/segregating/VS_run_3_det_Dv0.140_projection_diag.json,data/segregating/VS_run_3_det_Dv0.140_projection_history.csv,800,clip,0.0,1e-14,0.001,2000000,800,False,2746.9613733291626,0.0,0.0,0.0,0.0,0.0,0.0,0.0,0.0,23672609400.493767,23672609400.493767,0.0,0.0,0.0,0.0,0.0,0.0,0.0,0.0,0.0,0.0,0.0,0.0,0.0,0.0,0.0,0.0,0.0,2000000.0,0.0,0.0,0.0,0.0,0.0,0.0,4000000.0,0.0,0.0,0.0,0.0,0.0
segregating,0.14,4,data/segregating/VS_run_4_det_Dv0.140_projection_diag.json,data/segregating/VS_run_4_det_Dv0.140_projection_history.csv,800,clip,0.0,1e-14,0.001,2000000,800,False,2636.466341972351,0.0,0.0,0.0,0.0,0.0,0.0,0.0,0.0,23671526334.07234,23671526334.07234,0.0,0.0,0.0,0.0,0.0,0.0,0.0,0.0,0.0,0.0,0.0,0.0,0.0,0.0,0.0,0.0,0.0,2000000.0,0.0,0.0,0.0,0.0,0.0,0.0,4000000.0,0.0,0.0,0.0,0.0,0.0
segregating,0.14,5,data/segregating/VS_run_5_det_Dv0.140_projection_diag.json,data/segregating/VS_run_5_det_Dv0.140_projection_history.csv,800,clip,0.0,1e-14,0.001,2000000,800,False,2718.4548931121826,0.0,0.0,0.0,0.0,0.0,0.0,0.0,0.0,23649294247.8572,23649294247.8572,0.0,0.0,0.0,0.0,0.0,0.0,0.0,0.0,0.0,0.0,0.0,0.0,0.0,0.0,0.0,0.0,0.0,2000000.0,0.0,0.0,0.0,0.0,0.0,0.0,4000000.0,0.0,0.0,0.0,0.0,0.0
segregating,0.14,6,data/segregating/VS_run_6_det_Dv0.140_projection_diag.json,data/segregating/VS_run_6_det_Dv0.140_projection_history.csv,800,clip,0.0,1e-14,0.001,2000000,800,False,2643.3943762779236,0.0,0.0,0.0,0.0,0.0,0.0,0.0,0.0,23645931350.04966,23645931350.04966,0.0,0.0,0.0,0.0,0.0,0.0,0.0,0.0,0.0,0.0,0.0,0.0,0.0,0.0,0.0,0.0,0.0,2000000.0,0.0,0.0,0.0,0.0,0.0,0.0,4000000.0,0.0,0.0,0.0,0.0,0.0
segregating,0.14,7,data/segregating/VS_run_7_det_Dv0.140_projection_diag.json,data/segregating/VS_run_7_det_Dv0.140_projection_history.csv,800,clip,0.0,1e-14,0.001,2000000,800,False,2533.531504869461,0.0,0.0,0.0,0.0,0.0,0.0,0.0,0.0,23642290341.99421,23642290341.99421,0.0,0.0,0.0,0.0,0.0,0.0,0.0,0.0,0.0,0.0,0.0,0.0,0.0,0.0,0.0,0.0,0.0,2000000.0,0.0,0.0,0.0,0.0,0.0,0.0,4000000.0,0.0,0.0,0.0,0.0,0.0
segregating,0.14,8,data/segregating/VS_run_8_det_Dv0.140_projection_diag.json,data/segregating/VS_run_8_det_Dv0.140_projection_history.csv,800,clip,0.0,1e-14,0.001,2000000,800,False,2637.9092075824738,0.0,0.0,0.0,0.0,0.0,0.0,0.0,0.0,23665834562.00226,23665834562.00226,0.0,0.0,0.0,0.0,0.0,0.0,0.0,0.0,0.0,0.0,0.0,0.0,0.0,0.0,0.0,0.0,0.0,2000000.0,0.0,0.0,0.0,0.0,0.0,0.0,4000000.0,0.0,0.0,0.0,0.0,0.0
segregating,0.14,9,data/segregating/VS_run_9_det_Dv0.140_projection_diag.json,data/segregating/VS_run_9_det_Dv0.140_projection_history.csv,800,clip,0.0,1e-14,0.001,2000000,800,False,2590.9682037830353,0.0,0.0,0.0,0.0,0.0,0.0,0.0,0.0,23668534705.98336,23668534705.98336,0.0,0.0,0.0,0.0,0.0,0.0,0.0,0.0,0.0,0.0,0.0,0.0,0.0,0.0,0.0,0.0,0.0,2000000.0,0.0,0.0,0.0,0.0,0.0,0.0,4000000.0,0.0,0.0,0.0,0.0,0.0
segregating,0.15000000000000002,0,data/segregating/VS_run_0_det_Dv0.150_projection_diag.json,data/segregating/VS_run_0_det_Dv0.150_projection_history.csv,800,clip,0.0,1e-14,0.001,2000000,800,False,2687.219008207321,0.0,0.0,0.0,0.0,0.0,0.0,0.0,0.0,23646521867.964584,23646521867.964584,0.0,0.0,0.0,0.0,0.0,0.0,0.0,0.0,0.0,0.0,0.0,0.0,0.0,0.0,0.0,0.0,0.0,2000000.0,0.0,0.0,0.0,0.0,0.0,0.0,4000000.0,0.0,0.0,0.0,0.0,0.0
segregating,0.15000000000000002,1,data/segregating/VS_run_1_det_Dv0.150_projection_diag.json,data/segregating/VS_run_1_det_Dv0.150_projection_history.csv,800,clip,0.0,1e-14,0.001,2000000,800,False,2600.23299241066,0.0,0.0,0.0,0.0,0.0,0.0,0.0,0.0,23644674679.984077,23644674679.984077,0.0,0.0,0.0,0.0,0.0,0.0,0.0,0.0,0.0,0.0,0.0,0.0,0.0,0.0,0.0,0.0,0.0,2000000.0,0.0,0.0,0.0,0.0,0.0,0.0,4000000.0,0.0,0.0,0.0,0.0,0.0
segregating,0.15000000000000002,2,data/segregating/VS_run_2_det_Dv0.150_projection_diag.json,data/segregating/VS_run_2_det_Dv0.150_projection_history.csv,800,clip,0.0,1e-14,0.001,2000000,800,False,2672.3282063007355,0.0,0.0,0.0,0.0,0.0,0.0,0.0,0.0,23672609400.493767,23672609400.493767,0.0,0.0,0.0,0.0,0.0,0.0,0.0,0.0,0.0,0.0,0.0,0.0,0.0,0.0,0.0,0.0,0.0,2000000.0,0.0,0.0,0.0,0.0,0.0,0.0,4000000.0,0.0,0.0,0.0,0.0,0.0
segregating,0.15000000000000002,3,data/segregating/VS_run_3_det_Dv0.150_projection_diag.json,data/segregating/VS_run_3_det_Dv0.150_projection_history.csv,800,clip,0.0,1e-14,0.001,2000000,800,False,2731.656167984009,0.0,0.0,0.0,0.0,0.0,0.0,0.0,0.0,23671526334.07234,23671526334.07234,0.0,0.0,0.0,0.0,0.0,0.0,0.0,0.0,0.0,0.0,0.0,0.0,0.0,0.0,0.0,0.0,0.0,2000000.0,0.0,0.0,0.0,0.0,0.0,0.0,4000000.0,0.0,0.0,0.0,0.0,0.0
segregating,0.15000000000000002,4,data/segregating/VS_run_4_det_Dv0.150_projection_diag.json,data/segregating/VS_run_4_det_Dv0.150_projection_history.csv,800,clip,0.0,1e-14,0.001,2000000,800,False,2626.6811215877533,0.0,0.0,0.0,0.0,0.0,0.0,0.0,0.0,23649294247.8572,23649294247.8572,0.0,0.0,0.0,0.0,0.0,0.0,0.0,0.0,0.0,0.0,0.0,0.0,0.0,0.0,0.0,0.0,0.0,2000000.0,0.0,0.0,0.0,0.0,0.0,0.0,4000000.0,0.0,0.0,0.0,0.0,0.0
segregating,0.15000000000000002,5,data/segregating/VS_run_5_det_Dv0.150_projection_diag.json,data/segregating/VS_run_5_det_Dv0.150_projection_history.csv,800,clip,0.0,1e-14,0.001,2000000,800,False,2692.8272054195404,0.0,0.0,0.0,0.0,0.0,0.0,0.0,0.0,23645931350.04966,23645931350.04966,0.0,0.0,0.0,0.0,0.0,0.0,0.0,0.0,0.0,0.0,0.0,0.0,0.0,0.0,0.0,0.0,0.0,2000000.0,0.0,0.0,0.0,0.0,0.0,0.0,4000000.0,0.0,0.0,0.0,0.0,0.0
segregating,0.15000000000000002,6,data/segregating/VS_run_6_det_Dv0.150_projection_diag.json,data/segregating/VS_run_6_det_Dv0.150_projection_history.csv,800,clip,0.0,1e-14,0.001,2000000,800,False,2644.277480363846,0.0,0.0,0.0,0.0,0.0,0.0,0.0,0.0,23642290341.99421,23642290341.99421,0.0,0.0,0.0,0.0,0.0,0.0,0.0,0.0,0.0,0.0,0.0,0.0,0.0,0.0,0.0,0.0,0.0,2000000.0,0.0,0.0,0.0,0.0,0.0,0.0,4000000.0,0.0,0.0,0.0,0.0,0.0
segregating,0.15000000000000002,7,data/segregating/VS_run_7_det_Dv0.150_projection_diag.json,data/segregating/VS_run_7_det_Dv0.150_projection_history.csv,800,clip,0.0,1e-14,0.001,2000000,800,False,2540.4719338417053,0.0,0.0,0.0,0.0,0.0,0.0,0.0,0.0,23665834562.00226,23665834562.00226,0.0,0.0,0.0,0.0,0.0,0.0,0.0,0.0,0.0,0.0,0.0,0.0,0.0,0.0,0.0,0.0,0.0,2000000.0,0.0,0.0,0.0,0.0,0.0,0.0,4000000.0,0.0,0.0,0.0,0.0,0.0
segregating,0.15000000000000002,8,data/segregating/VS_run_8_det_Dv0.150_projection_diag.json,data/segregating/VS_run_8_det_Dv0.150_projection_history.csv,800,clip,0.0,1e-14,0.001,2000000,800,False,2650.2452878952026,0.0,0.0,0.0,0.0,0.0,0.0,0.0,0.0,23668534705.98336,23668534705.98336,0.0,0.0,0.0,0.0,0.0,0.0,0.0,0.0,0.0,0.0,0.0,0.0,0.0,0.0,0.0,0.0,0.0,2000000.0,0.0,0.0,0.0,0.0,0.0,0.0,4000000.0,0.0,0.0,0.0,0.0,0.0
segregating,0.15000000000000002,9,data/segregating/VS_run_9_det_Dv0.150_projection_diag.json,data/segregating/VS_run_9_det_Dv0.150_projection_history.csv,800,clip,0.0,1e-14,0.001,2000000,800,False,2546.8227791786194,0.0,0.0,0.0,0.0,0.0,0.0,0.0,0.0,23640442776.941406,23640442776.941406,0.0,0.0,0.0,0.0,0.0,0.0,0.0,0.0,0.0,0.0,0.0,0.0,0.0,0.0,0.0,0.0,0.0,2000000.0,0.0,0.0,0.0,0.0,0.0,0.0,4000000.0,0.0,0.0,0.0,0.0,0.0
segregating,0.16,0,data/segregating/VS_run_0_det_Dv0.160_projection_diag.json,data/segregating/VS_run_0_det_Dv0.160_projection_history.csv,800,clip,0.0,1e-14,0.001,2000000,800,False,2691.490054368973,0.0,0.0,0.0,0.0,0.0,0.0,0.0,0.0,23644674679.984077,23644674679.984077,0.0,0.0,0.0,0.0,0.0,0.0,0.0,0.0,0.0,0.0,0.0,0.0,0.0,0.0,0.0,0.0,0.0,2000000.0,0.0,0.0,0.0,0.0,0.0,0.0,4000000.0,0.0,0.0,0.0,0.0,0.0
segregating,0.16,1,data/segregating/VS_run_1_det_Dv0.160_projection_diag.json,data/segregating/VS_run_1_det_Dv0.160_projection_history.csv,800,clip,0.0,1e-14,0.001,2000000,800,False,2594.8774745464325,0.0,0.0,0.0,0.0,0.0,0.0,0.0,0.0,23672609400.493767,23672609400.493767,0.0,0.0,0.0,0.0,0.0,0.0,0.0,0.0,0.0,0.0,0.0,0.0,0.0,0.0,0.0,0.0,0.0,2000000.0,0.0,0.0,0.0,0.0,0.0,0.0,4000000.0,0.0,0.0,0.0,0.0,0.0
segregating,0.16,2,data/segregating/VS_run_2_det_Dv0.160_projection_diag.json,data/segregating/VS_run_2_det_Dv0.160_projection_history.csv,800,clip,0.0,1e-14,0.001,2000000,800,False,2664.561693906784,0.0,0.0,0.0,0.0,0.0,0.0,0.0,0.0,23671526334.07234,23671526334.07234,0.0,0.0,0.0,0.0,0.0,0.0,0.0,0.0,0.0,0.0,0.0,0.0,0.0,0.0,0.0,0.0,0.0,2000000.0,0.0,0.0,0.0,0.0,0.0,0.0,4000000.0,0.0,0.0,0.0,0.0,0.0
segregating,0.16,3,data/segregating/VS_run_3_det_Dv0.160_projection_diag.json,data/segregating/VS_run_3_det_Dv0.160_projection_history.csv,800,clip,0.0,1e-14,0.001,2000000,800,False,2712.3595821857452,0.0,0.0,0.0,0.0,0.0,0.0,0.0,0.0,23649294247.8572,23649294247.8572,0.0,0.0,0.0,0.0,0.0,0.0,0.0,0.0,0.0,0.0,0.0,0.0,0.0,0.0,0.0,0.0,0.0,2000000.0,0.0,0.0,0.0,0.0,0.0,0.0,4000000.0,0.0,0.0,0.0,0.0,0.0
segregating,0.16,4,data/segregating/VS_run_4_det_Dv0.160_projection_diag.json,data/segregating/VS_run_4_det_Dv0.160_projection_history.csv,800,clip,0.0,1e-14,0.001,2000000,800,False,2617.481694459915,0.0,0.0,0.0,0.0,0.0,0.0,0.0,0.0,23645931350.04966,23645931350.04966,0.0,0.0,0.0,0.0,0.0,0.0,0.0,0.0,0.0,0.0,0.0,0.0,0.0,0.0,0.0,0.0,0.0,2000000.0,0.0,0.0,0.0,0.0,0.0,0.0,4000000.0,0.0,0.0,0.0,0.0,0.0
segregating,0.16,5,data/segregating/VS_run_5_det_Dv0.160_projection_diag.json,data/segregating/VS_run_5_det_Dv0.160_projection_history.csv,800,clip,0.0,1e-14,0.001,2000000,800,False,2722.370047569275,0.0,0.0,0.0,0.0,0.0,0.0,0.0,0.0,23642290341.99421,23642290341.99421,0.0,0.0,0.0,0.0,0.0,0.0,0.0,0.0,0.0,0.0,0.0,0.0,0.0,0.0,0.0,0.0,0.0,2000000.0,0.0,0.0,0.0,0.0,0.0,0.0,4000000.0,0.0,0.0,0.0,0.0,0.0
segregating,0.16,6,data/segregating/VS_run_6_det_Dv0.160_projection_diag.json,data/segregating/VS_run_6_det_Dv0.160_projection_history.csv,800,clip,0.0,1e-14,0.001,2000000,800,False,2635.7763752937317,0.0,0.0,0.0,0.0,0.0,0.0,0.0,0.0,23665834562.00226,23665834562.00226,0.0,0.0,0.0,0.0,0.0,0.0,0.0,0.0,0.0,0.0,0.0,0.0,0.0,0.0,0.0,0.0,0.0,2000000.0,0.0,0.0,0.0,0.0,0.0,0.0,4000000.0,0.0,0.0,0.0,0.0,0.0
segregating,0.16,7,data/segregating/VS_run_7_det_Dv0.160_projection_diag.json,data/segregating/VS_run_7_det_Dv0.160_projection_history.csv,800,clip,0.0,1e-14,0.001,2000000,800,False,2533.19078874588,0.0,0.0,0.0,0.0,0.0,0.0,0.0,0.0,23668534705.98336,23668534705.98336,0.0,0.0,0.0,0.0,0.0,0.0,0.0,0.0,0.0,0.0,0.0,0.0,0.0,0.0,0.0,0.0,0.0,2000000.0,0.0,0.0,0.0,0.0,0.0,0.0,4000000.0,0.0,0.0,0.0,0.0,0.0
segregating,0.16,8,data/segregating/VS_run_8_det_Dv0.160_projection_diag.json,data/segregating/VS_run_8_det_Dv0.160_projection_history.csv,800,clip,0.0,1e-14,0.001,2000000,800,False,2638.7541258335114,0.0,0.0,0.0,0.0,0.0,0.0,0.0,0.0,23640442776.941406,23640442776.941406,0.0,0.0,0.0,0.0,0.0,0.0,0.0,0.0,0.0,0.0,0.0,0.0,0.0,0.0,0.0,0.0,0.0,2000000.0,0.0,0.0,0.0,0.0,0.0,0.0,4000000.0,0.0,0.0,0.0,0.0,0.0
segregating,0.16,9,data/segregating/VS_run_9_det_Dv0.160_projection_diag.json,data/segregating/VS_run_9_det_Dv0.160_projection_history.csv,800,clip,0.0,1e-14,0.001,2000000,800,False,2594.851595401764,0.0,0.0,0.0,0.0,0.0,0.0,0.0,0.0,23651012276.25861,23651012276.25861,0.0,0.0,0.0,0.0,0.0,0.0,0.0,0.0,0.0,0.0,0.0,0.0,0.0,0.0,0.0,0.0,0.0,2000000.0,0.0,0.0,0.0,0.0,0.0,0.0,4000000.0,0.0,0.0,0.0,0.0,0.0
segregating,0.17,0,data/segregating/VS_run_0_det_Dv0.170_projection_diag.json,data/segregating/VS_run_0_det_Dv0.170_projection_history.csv,800,clip,0.0,1e-14,0.001,2000000,800,False,2148.077630996704,0.0,0.0,0.0,0.0,0.0,0.0,0.0,0.0,23672609400.493767,23672609400.493767,0.0,0.0,0.0,0.0,0.0,0.0,0.0,0.0,0.0,0.0,0.0,0.0,0.0,0.0,0.0,0.0,0.0,2000000.0,0.0,0.0,0.0,0.0,0.0,0.0,4000000.0,0.0,0.0,0.0,0.0,0.0
segregating,0.17,1,data/segregating/VS_run_1_det_Dv0.170_projection_diag.json,data/segregating/VS_run_1_det_Dv0.170_projection_history.csv,800,clip,0.0,1e-14,0.001,2000000,800,False,2136.2131826877594,0.0,0.0,0.0,0.0,0.0,0.0,0.0,0.0,23671526334.07234,23671526334.07234,0.0,0.0,0.0,0.0,0.0,0.0,0.0,0.0,0.0,0.0,0.0,0.0,0.0,0.0,0.0,0.0,0.0,2000000.0,0.0,0.0,0.0,0.0,0.0,0.0,4000000.0,0.0,0.0,0.0,0.0,0.0
segregating,0.17,2,data/segregating/VS_run_2_det_Dv0.170_projection_diag.json,data/segregating/VS_run_2_det_Dv0.170_projection_history.csv,800,clip,0.0,1e-14,0.001,2000000,800,False,2118.055060148239,0.0,0.0,0.0,0.0,0.0,0.0,0.0,0.0,23649294247.8572,23649294247.8572,0.0,0.0,0.0,0.0,0.0,0.0,0.0,0.0,0.0,0.0,0.0,0.0,0.0,0.0,0.0,0.0,0.0,2000000.0,0.0,0.0,0.0,0.0,0.0,0.0,4000000.0,0.0,0.0,0.0,0.0,0.0
segregating,0.17,3,data/segregating/VS_run_3_det_Dv0.170_projection_diag.json,data/segregating/VS_run_3_det_Dv0.170_projection_history.csv,800,clip,0.0,1e-14,0.001,2000000,800,False,2117.7631754875183,0.0,0.0,0.0,0.0,0.0,0.0,0.0,0.0,23645931350.04966,23645931350.04966,0.0,0.0,0.0,0.0,0.0,0.0,0.0,0.0,0.0,0.0,0.0,0.0,0.0,0.0,0.0,0.0,0.0,2000000.0,0.0,0.0,0.0,0.0,0.0,0.0,4000000.0,0.0,0.0,0.0,0.0,0.0
segregating,0.17,4,data/segregating/VS_run_4_det_Dv0.170_projection_diag.json,data/segregating/VS_run_4_det_Dv0.170_projection_history.csv,800,clip,0.0,1e-14,0.001,2000000,800,False,2145.52845287323,0.0,0.0,0.0,0.0,0.0,0.0,0.0,0.0,23642290341.99421,23642290341.99421,0.0,0.0,0.0,0.0,0.0,0.0,0.0,0.0,0.0,0.0,0.0,0.0,0.0,0.0,0.0,0.0,0.0,2000000.0,0.0,0.0,0.0,0.0,0.0,0.0,4000000.0,0.0,0.0,0.0,0.0,0.0
segregating,0.17,5,data/segregating/VS_run_5_det_Dv0.170_projection_diag.json,data/segregating/VS_run_5_det_Dv0.170_projection_history.csv,800,clip,0.0,1e-14,0.001,2000000,800,False,2159.881271123886,0.0,0.0,0.0,0.0,0.0,0.0,0.0,0.0,23665834562.00226,23665834562.00226,0.0,0.0,0.0,0.0,0.0,0.0,0.0,0.0,0.0,0.0,0.0,0.0,0.0,0.0,0.0,0.0,0.0,2000000.0,0.0,0.0,0.0,0.0,0.0,0.0,4000000.0,0.0,0.0,0.0,0.0,0.0
segregating,0.17,6,data/segregating/VS_run_6_det_Dv0.170_projection_diag.json,data/segregating/VS_run_6_det_Dv0.170_projection_history.csv,800,clip,0.0,1e-14,0.001,2000000,800,False,2145.9243404865265,0.0,0.0,0.0,0.0,0.0,0.0,0.0,0.0,23668534705.98336,23668534705.98336,0.0,0.0,0.0,0.0,0.0,0.0,0.0,0.0,0.0,0.0,0.0,0.0,0.0,0.0,0.0,0.0,0.0,2000000.0,0.0,0.0,0.0,0.0,0.0,0.0,4000000.0,0.0,0.0,0.0,0.0,0.0
segregating,0.17,7,data/segregating/VS_run_7_det_Dv0.170_projection_diag.json,data/segregating/VS_run_7_det_Dv0.170_projection_history.csv,800,clip,0.0,1e-14,0.001,2000000,800,False,2116.2489907741547,0.0,0.0,0.0,0.0,0.0,0.0,0.0,0.0,23640442776.941406,23640442776.941406,0.0,0.0,0.0,0.0,0.0,0.0,0.0,0.0,0.0,0.0,0.0,0.0,0.0,0.0,0.0,0.0,0.0,2000000.0,0.0,0.0,0.0,0.0,0.0,0.0,4000000.0,0.0,0.0,0.0,0.0,0.0
segregating,0.17,8,data/segregating/VS_run_8_det_Dv0.170_projection_diag.json,data/segregating/VS_run_8_det_Dv0.170_projection_history.csv,800,clip,0.0,1e-14,0.001,2000000,800,False,2149.222062110901,0.0,0.0,0.0,0.0,0.0,0.0,0.0,0.0,23651012276.25861,23651012276.25861,0.0,0.0,0.0,0.0,0.0,0.0,0.0,0.0,0.0,0.0,0.0,0.0,0.0,0.0,0.0,0.0,0.0,2000000.0,0.0,0.0,0.0,0.0,0.0,0.0,4000000.0,0.0,0.0,0.0,0.0,0.0
segregating,0.17,9,data/segregating/VS_run_9_det_Dv0.170_projection_diag.json,data/segregating/VS_run_9_det_Dv0.170_projection_history.csv,800,clip,0.0,1e-14,0.001,2000000,800,False,2149.0934562683105,0.0,0.0,0.0,0.0,0.0,0.0,0.0,0.0,23655817955.01708,23655817955.01708,0.0,0.0,0.0,0.0,0.0,0.0,0.0,0.0,0.0,0.0,0.0,0.0,0.0,0.0,0.0,0.0,0.0,2000000.0,0.0,0.0,0.0,0.0,0.0,0.0,4000000.0,0.0,0.0,0.0,0.0,0.0
segregating,0.18000000000000002,0,data/segregating/VS_run_0_det_Dv0.180_projection_diag.json,data/segregating/VS_run_0_det_Dv0.180_projection_history.csv,800,clip,0.0,1e-14,0.001,2000000,800,False,2148.8542408943176,0.0,0.0,0.0,0.0,0.0,0.0,0.0,0.0,23671526334.07234,23671526334.07234,0.0,0.0,0.0,0.0,0.0,0.0,0.0,0.0,0.0,0.0,0.0,0.0,0.0,0.0,0.0,0.0,0.0,2000000.0,0.0,0.0,0.0,0.0,0.0,0.0,4000000.0,0.0,0.0,0.0,0.0,0.0
segregating,0.18000000000000002,1,data/segregating/VS_run_1_det_Dv0.180_projection_diag.json,data/segregating/VS_run_1_det_Dv0.180_projection_history.csv,800,clip,0.0,1e-14,0.001,2000000,800,False,2146.054426431656,0.0,0.0,0.0,0.0,0.0,0.0,0.0,0.0,23649294247.8572,23649294247.8572,0.0,0.0,0.0,0.0,0.0,0.0,0.0,0.0,0.0,0.0,0.0,0.0,0.0,0.0,0.0,0.0,0.0,2000000.0,0.0,0.0,0.0,0.0,0.0,0.0,4000000.0,0.0,0.0,0.0,0.0,0.0
segregating,0.18000000000000002,2,data/segregating/VS_run_2_det_Dv0.180_projection_diag.json,data/segregating/VS_run_2_det_Dv0.180_projection_history.csv,800,clip,0.0,1e-14,0.001,2000000,800,False,2119.4358587265015,0.0,0.0,0.0,0.0,0.0,0.0,0.0,0.0,23645931350.04966,23645931350.04966,0.0,0.0,0.0,0.0,0.0,0.0,0.0,0.0,0.0,0.0,0.0,0.0,0.0,0.0,0.0,0.0,0.0,2000000.0,0.0,0.0,0.0,0.0,0.0,0.0,4000000.0,0.0,0.0,0.0,0.0,0.0
segregating,0.18000000000000002,3,data/segregating/VS_run_3_det_Dv0.180_projection_diag.json,data/segregating/VS_run_3_det_Dv0.180_projection_history.csv,800,clip,0.0,1e-14,0.001,2000000,800,False,2115.0662150382996,0.0,0.0,0.0,0.0,0.0,0.0,0.0,0.0,23642290341.99421,23642290341.99421,0.0,0.0,0.0,0.0,0.0,0.0,0.0,0.0,0.0,0.0,0.0,0.0,0.0,0.0,0.0,0.0,0.0,2000000.0,0.0,0.0,0.0,0.0,0.0,0.0,4000000.0,0.0,0.0,0.0,0.0,0.0
segregating,0.18000000000000002,4,data/segregating/VS_run_4_det_Dv0.180_projection_diag.json,data/segregating/VS_run_4_det_Dv0.180_projection_history.csv,800,clip,0.0,1e-14,0.001,2000000,800,False,2147.098018169403,0.0,0.0,0.0,0.0,0.0,0.0,0.0,0.0,23665834562.00226,23665834562.00226,0.0,0.0,0.0,0.0,0.0,0.0,0.0,0.0,0.0,0.0,0.0,0.0,0.0,0.0,0.0,0.0,0.0,2000000.0,0.0,0.0,0.0,0.0,0.0,0.0,4000000.0,0.0,0.0,0.0,0.0,0.0
segregating,0.18000000000000002,5,data/segregating/VS_run_5_det_Dv0.180_projection_diag.json,data/segregating/VS_run_5_det_Dv0.180_projection_history.csv,800,clip,0.0,1e-14,0.001,2000000,800,False,2156.0217270851135,0.0,0.0,0.0,0.0,0.0,0.0,0.0,0.0,23668534705.98336,23668534705.98336,0.0,0.0,0.0,0.0,0.0,0.0,0.0,0.0,0.0,0.0,0.0,0.0,0.0,0.0,0.0,0.0,0.0,2000000.0,0.0,0.0,0.0,0.0,0.0,0.0,4000000.0,0.0,0.0,0.0,0.0,0.0
segregating,0.18000000000000002,6,data/segregating/VS_run_6_det_Dv0.180_projection_diag.json,data/segregating/VS_run_6_det_Dv0.180_projection_history.csv,800,clip,0.0,1e-14,0.001,2000000,800,False,2146.730490207672,0.0,0.0,0.0,0.0,0.0,0.0,0.0,0.0,23640442776.941406,23640442776.941406,0.0,0.0,0.0,0.0,0.0,0.0,0.0,0.0,0.0,0.0,0.0,0.0,0.0,0.0,0.0,0.0,0.0,2000000.0,0.0,0.0,0.0,0.0,0.0,0.0,4000000.0,0.0,0.0,0.0,0.0,0.0
segregating,0.18000000000000002,7,data/segregating/VS_run_7_det_Dv0.180_projection_diag.json,data/segregating/VS_run_7_det_Dv0.180_projection_history.csv,800,clip,0.0,1e-14,0.001,2000000,800,False,2125.590386867523,0.0,0.0,0.0,0.0,0.0,0.0,0.0,0.0,23651012276.25861,23651012276.25861,0.0,0.0,0.0,0.0,0.0,0.0,0.0,0.0,0.0,0.0,0.0,0.0,0.0,0.0,0.0,0.0,0.0,2000000.0,0.0,0.0,0.0,0.0,0.0,0.0,4000000.0,0.0,0.0,0.0,0.0,0.0
segregating,0.18000000000000002,8,data/segregating/VS_run_8_det_Dv0.180_projection_diag.json,data/segregating/VS_run_8_det_Dv0.180_projection_history.csv,800,clip,0.0,1e-14,0.001,2000000,800,False,2144.6173815727234,0.0,0.0,0.0,0.0,0.0,0.0,0.0,0.0,23655817955.01708,23655817955.01708,0.0,0.0,0.0,0.0,0.0,0.0,0.0,0.0,0.0,0.0,0.0,0.0,0.0,0.0,0.0,0.0,0.0,2000000.0,0.0,0.0,0.0,0.0,0.0,0.0,4000000.0,0.0,0.0,0.0,0.0,0.0
segregating,0.18000000000000002,9,data/segregating/VS_run_9_det_Dv0.180_projection_diag.json,data/segregating/VS_run_9_det_Dv0.180_projection_history.csv,800,clip,0.0,1e-14,0.001,2000000,800,False,2146.9654438495636,0.0,0.0,0.0,0.0,0.0,0.0,0.0,0.0,23682827499.39792,23682827499.39792,0.0,0.0,0.0,0.0,0.0,0.0,0.0,0.0,0.0,0.0,0.0,0.0,0.0,0.0,0.0,0.0,0.0,2000000.0,0.0,0.0,0.0,0.0,0.0,0.0,4000000.0,0.0,0.0,0.0,0.0,0.0
segregating,0.19,0,data/segregating/VS_run_0_det_Dv0.190_projection_diag.json,data/segregating/VS_run_0_det_Dv0.190_projection_history.csv,800,clip,0.0,1e-14,0.001,2000000,800,False,2146.889461994171,0.0,0.0,0.0,0.0,0.0,0.0,0.0,0.0,23649294247.8572,23649294247.8572,0.0,0.0,0.0,0.0,0.0,0.0,0.0,0.0,0.0,0.0,0.0,0.0,0.0,0.0,0.0,0.0,0.0,2000000.0,0.0,0.0,0.0,0.0,0.0,0.0,4000000.0,0.0,0.0,0.0,0.0,0.0
segregating,0.19,1,data/segregating/VS_run_1_det_Dv0.190_projection_diag.json,data/segregating/VS_run_1_det_Dv0.190_projection_history.csv,800,clip,0.0,1e-14,0.001,2000000,800,False,2139.450593471527,0.0,0.0,0.0,0.0,0.0,0.0,0.0,0.0,23645931350.04966,23645931350.04966,0.0,0.0,0.0,0.0,0.0,0.0,0.0,0.0,0.0,0.0,0.0,0.0,0.0,0.0,0.0,0.0,0.0,2000000.0,0.0,0.0,0.0,0.0,0.0,0.0,4000000.0,0.0,0.0,0.0,0.0,0.0
segregating,0.19,2,data/segregating/VS_run_2_det_Dv0.190_projection_diag.json,data/segregating/VS_run_2_det_Dv0.190_projection_history.csv,800,clip,0.0,1e-14,0.001,2000000,800,False,2117.9368529319763,0.0,0.0,0.0,0.0,0.0,0.0,0.0,0.0,23642290341.99421,23642290341.99421,0.0,0.0,0.0,0.0,0.0,0.0,0.0,0.0,0.0,0.0,0.0,0.0,0.0,0.0,0.0,0.0,0.0,2000000.0,0.0,0.0,0.0,0.0,0.0,0.0,4000000.0,0.0,0.0,0.0,0.0,0.0
segregating,0.19,3,data/segregating/VS_run_3_det_Dv0.190_projection_diag.json,data/segregating/VS_run_3_det_Dv0.190_projection_history.csv,800,clip,0.0,1e-14,0.001,2000000,800,False,2117.1489639282227,0.0,0.0,0.0,0.0,0.0,0.0,0.0,0.0,23665834562.00226,23665834562.00226,0.0,0.0,0.0,0.0,0.0,0.0,0.0,0.0,0.0,0.0,0.0,0.0,0.0,0.0,0.0,0.0,0.0,2000000.0,0.0,0.0,0.0,0.0,0.0,0.0,4000000.0,0.0,0.0,0.0,0.0,0.0
segregating,0.19,4,data/segregating/VS_run_4_det_Dv0.190_projection_diag.json,data/segregating/VS_run_4_det_Dv0.190_projection_history.csv,800,clip,0.0,1e-14,0.001,2000000,800,False,2146.792542219162,0.0,0.0,0.0,0.0,0.0,0.0,0.0,0.0,23668534705.98336,23668534705.98336,0.0,0.0,0.0,0.0,0.0,0.0,0.0,0.0,0.0,0.0,0.0,0.0,0.0,0.0,0.0,0.0,0.0,2000000.0,0.0,0.0,0.0,0.0,0.0,0.0,4000000.0,0.0,0.0,0.0,0.0,0.0
segregating,0.19,5,data/segregating/VS_run_5_det_Dv0.190_projection_diag.json,data/segregating/VS_run_5_det_Dv0.190_projection_history.csv,800,clip,0.0,1e-14,0.001,2000000,800,False,2154.3648035526276,0.0,0.0,0.0,0.0,0.0,0.0,0.0,0.0,23640442776.941406,23640442776.941406,0.0,0.0,0.0,0.0,0.0,0.0,0.0,0.0,0.0,0.0,0.0,0.0,0.0,0.0,0.0,0.0,0.0,2000000.0,0.0,0.0,0.0,0.0,0.0,0.0,4000000.0,0.0,0.0,0.0,0.0,0.0
segregating,0.19,6,data/segregating/VS_run_6_det_Dv0.190_projection_diag.json,data/segregating/VS_run_6_det_Dv0.190_projection_history.csv,800,clip,0.0,1e-14,0.001,2000000,800,False,2143.1503727436066,0.0,0.0,0.0,0.0,0.0,0.0,0.0,0.0,23651012276.25861,23651012276.25861,0.0,0.0,0.0,0.0,0.0,0.0,0.0,0.0,0.0,0.0,0.0,0.0,0.0,0.0,0.0,0.0,0.0,2000000.0,0.0,0.0,0.0,0.0,0.0,0.0,4000000.0,0.0,0.0,0.0,0.0,0.0
segregating,0.19,7,data/segregating/VS_run_7_det_Dv0.190_projection_diag.json,data/segregating/VS_run_7_det_Dv0.190_projection_history.csv,800,clip,0.0,1e-14,0.001,2000000,800,False,2122.9988005161285,0.0,0.0,0.0,0.0,0.0,0.0,0.0,0.0,23655817955.01708,23655817955.01708,0.0,0.0,0.0,0.0,0.0,0.0,0.0,0.0,0.0,0.0,0.0,0.0,0.0,0.0,0.0,0.0,0.0,2000000.0,0.0,0.0,0.0,0.0,0.0,0.0,4000000.0,0.0,0.0,0.0,0.0,0.0
segregating,0.19,8,data/segregating/VS_run_8_det_Dv0.190_projection_diag.json,data/segregating/VS_run_8_det_Dv0.190_projection_history.csv,800,clip,0.0,1e-14,0.001,2000000,800,False,2147.1622817516327,0.0,0.0,0.0,0.0,0.0,0.0,0.0,0.0,23682827499.39792,23682827499.39792,0.0,0.0,0.0,0.0,0.0,0.0,0.0,0.0,0.0,0.0,0.0,0.0,0.0,0.0,0.0,0.0,0.0,2000000.0,0.0,0.0,0.0,0.0,0.0,0.0,4000000.0,0.0,0.0,0.0,0.0,0.0
segregating,0.19,9,data/segregating/VS_run_9_det_Dv0.190_projection_diag.json,data/segregating/VS_run_9_det_Dv0.190_projection_history.csv,800,clip,0.0,1e-14,0.001,2000000,800,False,2147.9667942523956,0.0,0.0,0.0,0.0,0.0,0.0,0.0,0.0,23661031220.174835,23661031220.174835,0.0,0.0,0.0,0.0,0.0,0.0,0.0,0.0,0.0,0.0,0.0,0.0,0.0,0.0,0.0,0.0,0.0,2000000.0,0.0,0.0,0.0,0.0,0.0,0.0,4000000.0,0.0,0.0,0.0,0.0,0.0
segregating,0.2,0,data/segregating/VS_run_0_det_Dv0.200_projection_diag.json,data/segregating/VS_run_0_det_Dv0.200_projection_history.csv,800,clip,0.0,1e-14,0.001,2000000,800,False,2148.728926181793,0.0,0.0,0.0,0.0,0.0,0.0,0.0,0.0,23645931350.04966,23645931350.04966,0.0,0.0,0.0,0.0,0.0,0.0,0.0,0.0,0.0,0.0,0.0,0.0,0.0,0.0,0.0,0.0,0.0,2000000.0,0.0,0.0,0.0,0.0,0.0,0.0,4000000.0,0.0,0.0,0.0,0.0,0.0
segregating,0.2,1,data/segregating/VS_run_1_det_Dv0.200_projection_diag.json,data/segregating/VS_run_1_det_Dv0.200_projection_history.csv,800,clip,0.0,1e-14,0.001,2000000,800,False,2139.9253585338593,0.0,0.0,0.0,0.0,0.0,0.0,0.0,0.0,23642290341.99421,23642290341.99421,0.0,0.0,0.0,0.0,0.0,0.0,0.0,0.0,0.0,0.0,0.0,0.0,0.0,0.0,0.0,0.0,0.0,2000000.0,0.0,0.0,0.0,0.0,0.0,0.0,4000000.0,0.0,0.0,0.0,0.0,0.0
segregating,0.2,2,data/segregating/VS_run_2_det_Dv0.200_projection_diag.json,data/segregating/VS_run_2_det_Dv0.200_projection_history.csv,800,clip,0.0,1e-14,0.001,2000000,800,False,2117.839560985565,0.0,0.0,0.0,0.0,0.0,0.0,0.0,0.0,23665834562.00226,23665834562.00226,0.0,0.0,0.0,0.0,0.0,0.0,0.0,0.0,0.0,0.0,0.0,0.0,0.0,0.0,0.0,0.0,0.0,2000000.0,0.0,0.0,0.0,0.0,0.0,0.0,4000000.0,0.0,0.0,0.0,0.0,0.0
segregating,0.2,3,data/segregating/VS_run_3_det_Dv0.200_projection_diag.json,data/segregating/VS_run_3_det_Dv0.200_projection_history.csv,800,clip,0.0,1e-14,0.001,2000000,800,False,2113.8445525169373,0.0,0.0,0.0,0.0,0.0,0.0,0.0,0.0,23668534705.98336,23668534705.98336,0.0,0.0,0.0,0.0,0.0,0.0,0.0,0.0,0.0,0.0,0.0,0.0,0.0,0.0,0.0,0.0,0.0,2000000.0,0.0,0.0,0.0,0.0,0.0,0.0,4000000.0,0.0,0.0,0.0,0.0,0.0
segregating,0.2,4,data/segregating/VS_run_4_det_Dv0.200_projection_diag.json,data/segregating/VS_run_4_det_Dv0.200_projection_history.csv,800,clip,0.0,1e-14,0.001,2000000,800,False,2147.463706254959,0.0,0.0,0.0,0.0,0.0,0.0,0.0,0.0,23640442776.941406,23640442776.941406,0.0,0.0,0.0,0.0,0.0,0.0,0.0,0.0,0.0,0.0,0.0,0.0,0.0,0.0,0.0,0.0,0.0,2000000.0,0.0,0.0,0.0,0.0,0.0,0.0,4000000.0,0.0,0.0,0.0,0.0,0.0
segregating,0.2,5,data/segregating/VS_run_5_det_Dv0.200_projection_diag.json,data/segregating/VS_run_5_det_Dv0.200_projection_history.csv,800,clip,0.0,1e-14,0.001,2000000,800,False,2161.4382967948914,0.0,0.0,0.0,0.0,0.0,0.0,0.0,0.0,23651012276.25861,23651012276.25861,0.0,0.0,0.0,0.0,0.0,0.0,0.0,0.0,0.0,0.0,0.0,0.0,0.0,0.0,0.0,0.0,0.0,2000000.0,0.0,0.0,0.0,0.0,0.0,0.0,4000000.0,0.0,0.0,0.0,0.0,0.0
segregating,0.2,6,data/segregating/VS_run_6_det_Dv0.200_projection_diag.json,data/segregating/VS_run_6_det_Dv0.200_projection_history.csv,800,clip,0.0,1e-14,0.001,2000000,800,False,2143.2428731918335,0.0,0.0,0.0,0.0,0.0,0.0,0.0,0.0,23655817955.01708,23655817955.01708,0.0,0.0,0.0,0.0,0.0,0.0,0.0,0.0,0.0,0.0,0.0,0.0,0.0,0.0,0.0,0.0,0.0,2000000.0,0.0,0.0,0.0,0.0,0.0,0.0,4000000.0,0.0,0.0,0.0,0.0,0.0
segregating,0.2,7,data/segregating/VS_run_7_det_Dv0.200_projection_diag.json,data/segregating/VS_run_7_det_Dv0.200_projection_history.csv,800,clip,0.0,1e-14,0.001,2000000,800,False,2120.1535227298737,0.0,0.0,0.0,0.0,0.0,0.0,0.0,0.0,23682827499.39792,23682827499.39792,0.0,0.0,0.0,0.0,0.0,0.0,0.0,0.0,0.0,0.0,0.0,0.0,0.0,0.0,0.0,0.0,0.0,2000000.0,0.0,0.0,0.0,0.0,0.0,0.0,4000000.0,0.0,0.0,0.0,0.0,0.0
segregating,0.2,8,data/segregating/VS_run_8_det_Dv0.200_projection_diag.json,data/segregating/VS_run_8_det_Dv0.200_projection_history.csv,800,clip,0.0,1e-14,0.001,2000000,800,False,2143.3415207862854,0.0,0.0,0.0,0.0,0.0,0.0,0.0,0.0,23661031220.174835,23661031220.174835,0.0,0.0,0.0,0.0,0.0,0.0,0.0,0.0,0.0,0.0,0.0,0.0,0.0,0.0,0.0,0.0,0.0,2000000.0,0.0,0.0,0.0,0.0,0.0,0.0,4000000.0,0.0,0.0,0.0,0.0,0.0
segregating,0.2,9,data/segregating/VS_run_9_det_Dv0.200_projection_diag.json,data/segregating/VS_run_9_det_Dv0.200_projection_history.csv,800,clip,0.0,1e-14,0.001,2000000,800,False,2151.7798981666565,0.0,0.0,0.0,0.0,0.0,0.0,0.0,0.0,23678448074.343357,23678448074.343357,0.0,0.0,0.0,0.0,0.0,0.0,0.0,0.0,0.0,0.0,0.0,0.0,0.0,0.0,0.0,0.0,0.0,2000000.0,0.0,0.0,0.0,0.0,0.0,0.0,4000000.0,0.0,0.0,0.0,0.0,0.0
integrating,0.01,0,data/integrating/VS_run_0_det_Dv0.010_projection_diag.json,data/integrating/VS_run_0_det_Dv0.010_projection_history.csv,800,clip,0.0,1e-14,0.001,2000000,800,False,2585.3755869865417,0.0,0.0,0.0,0.0,0.0,0.0,0.0,0.0,23656191973.457443,23656191973.457443,0.0,0.0,0.0,0.0,0.0,0.0,0.0,0.0,0.0,0.0,0.0,0.0,0.0,0.0,0.0,0.0,0.0,2000000.0,0.0,0.0,0.0,0.0,0.0,0.0,4000000.0,0.0,0.0,0.0,0.0,0.0
integrating,0.01,1,data/integrating/VS_run_1_det_Dv0.010_projection_diag.json,data/integrating/VS_run_1_det_Dv0.010_projection_history.csv,800,clip,0.0,1e-14,0.001,2000000,800,False,2606.1250987052917,0.0,0.0,0.0,0.0,0.0,0.0,0.0,0.0,23629980287.73493,23629980287.73493,0.0,0.0,0.0,0.0,0.0,0.0,0.0,0.0,0.0,0.0,0.0,0.0,0.0,0.0,0.0,0.0,0.0,2000000.0,0.0,0.0,0.0,0.0,0.0,0.0,4000000.0,0.0,0.0,0.0,0.0,0.0
integrating,0.01,2,data/integrating/VS_run_2_det_Dv0.010_projection_diag.json,data/integrating/VS_run_2_det_Dv0.010_projection_history.csv,800,clip,0.0,1e-14,0.001,2000000,800,False,2527.7073056697845,0.0,0.0,0.0,0.0,0.0,0.0,0.0,0.0,23655478063.248375,23655478063.248375,0.0,0.0,0.0,0.0,0.0,0.0,0.0,0.0,0.0,0.0,0.0,0.0,0.0,0.0,0.0,0.0,0.0,2000000.0,0.0,0.0,0.0,0.0,0.0,0.0,4000000.0,0.0,0.0,0.0,0.0,0.0
integrating,0.01,3,data/integrating/VS_run_3_det_Dv0.010_projection_diag.json,data/integrating/VS_run_3_det_Dv0.010_projection_history.csv,800,clip,0.0,1e-14,0.001,2000000,800,False,2536.6824309825897,0.0,0.0,0.0,0.0,0.0,0.0,0.0,0.0,23645666345.90839,23645666345.90839,0.0,0.0,0.0,0.0,0.0,0.0,0.0,0.0,0.0,0.0,0.0,0.0,0.0,0.0,0.0,0.0,0.0,2000000.0,0.0,0.0,0.0,0.0,0.0,0.0,4000000.0,0.0,0.0,0.0,0.0,0.0
integrating,0.01,4,data/integrating/VS_run_4_det_Dv0.010_projection_diag.json,data/integrating/VS_run_4_det_Dv0.010_projection_history.csv,800,clip,0.0,1e-14,0.001,2000000,800,False,2580.595694541931,0.0,0.0,0.0,0.0,0.0,0.0,0.0,0.0,23680914430.91693,23680914430.91693,0.0,0.0,0.0,0.0,0.0,0.0,0.0,0.0,0.0,0.0,0.0,0.0,0.0,0.0,0.0,0.0,0.0,2000000.0,0.0,0.0,0.0,0.0,0.0,0.0,4000000.0,0.0,0.0,0.0,0.0,0.0
integrating,0.01,5,data/integrating/VS_run_5_det_Dv0.010_projection_diag.json,data/integrating/VS_run_5_det_Dv0.010_projection_history.csv,800,clip,0.0,1e-14,0.001,2000000,800,False,2540.501552581787,0.0,0.0,0.0,0.0,0.0,0.0,0.0,0.0,23682392588.481007,23682392588.481007,0.0,0.0,0.0,0.0,0.0,0.0,0.0,0.0,0.0,0.0,0.0,0.0,0.0,0.0,0.0,0.0,0.0,2000000.0,0.0,0.0,0.0,0.0,0.0,0.0,4000000.0,0.0,0.0,0.0,0.0,0.0
integrating,0.01,6,data/integrating/VS_run_6_det_Dv0.010_projection_diag.json,data/integrating/VS_run_6_det_Dv0.010_projection_history.csv,800,clip,0.0,1e-14,0.001,2000000,800,False,2606.3775045871735,0.0,0.0,0.0,0.0,0.0,0.0,0.0,0.0,23694638091.90934,23694638091.90934,0.0,0.0,0.0,0.0,0.0,0.0,0.0,0.0,0.0,0.0,0.0,0.0,0.0,0.0,0.0,0.0,0.0,2000000.0,0.0,0.0,0.0,0.0,0.0,0.0,4000000.0,0.0,0.0,0.0,0.0,0.0
integrating,0.01,7,data/integrating/VS_run_7_det_Dv0.010_projection_diag.json,data/integrating/VS_run_7_det_Dv0.010_projection_history.csv,800,clip,0.0,1e-14,0.001,2000000,800,False,2584.856621980667,0.0,0.0,0.0,0.0,0.0,0.0,0.0,0.0,23661988265.301487,23661988265.301487,0.0,0.0,0.0,0.0,0.0,0.0,0.0,0.0,0.0,0.0,0.0,0.0,0.0,0.0,0.0,0.0,0.0,2000000.0,0.0,0.0,0.0,0.0,0.0,0.0,4000000.0,0.0,0.0,0.0,0.0,0.0
integrating,0.01,8,data/integrating/VS_run_8_det_Dv0.010_projection_diag.json,data/integrating/VS_run_8_det_Dv0.010_projection_history.csv,800,clip,0.0,1e-14,0.001,2000000,800,False,2596.9638333320618,0.0,0.0,0.0,0.0,0.0,0.0,0.0,0.0,23682194017.58096,23682194017.58096,0.0,0.0,0.0,0.0,0.0,0.0,0.0,0.0,0.0,0.0,0.0,0.0,0.0,0.0,0.0,0.0,0.0,2000000.0,0.0,0.0,0.0,0.0,0.0,0.0,4000000.0,0.0,0.0,0.0,0.0,0.0
integrating,0.01,9,data/integrating/VS_run_9_det_Dv0.010_projection_diag.json,data/integrating/VS_run_9_det_Dv0.010_projection_history.csv,800,clip,0.0,1e-14,0.001,2000000,800,False,2584.8907504081726,0.0,0.0,0.0,0.0,0.0,0.0,0.0,0.0,23681948811.65985,23681948811.65985,0.0,0.0,0.0,0.0,0.0,0.0,0.0,0.0,0.0,0.0,0.0,0.0,0.0,0.0,0.0,0.0,0.0,2000000.0,0.0,0.0,0.0,0.0,0.0,0.0,4000000.0,0.0,0.0,0.0,0.0,0.0
integrating,0.02,0,data/integrating/VS_run_0_det_Dv0.020_projection_diag.json,data/integrating/VS_run_0_det_Dv0.020_projection_history.csv,800,clip,0.0,1e-14,0.001,2000000,800,False,2572.4030973911285,0.0,0.0,0.0,0.0,0.0,0.0,0.0,0.0,23629980287.73493,23629980287.73493,0.0,0.0,0.0,0.0,0.0,0.0,0.0,0.0,0.0,0.0,0.0,0.0,0.0,0.0,0.0,0.0,0.0,2000000.0,0.0,0.0,0.0,0.0,0.0,0.0,4000000.0,0.0,0.0,0.0,0.0,0.0
integrating,0.02,1,data/integrating/VS_run_1_det_Dv0.020_projection_diag.json,data/integrating/VS_run_1_det_Dv0.020_projection_history.csv,800,clip,0.0,1e-14,0.001,2000000,800,False,2597.0240433216095,0.0,0.0,0.0,0.0,0.0,0.0,0.0,0.0,23655478063.248375,23655478063.248375,0.0,0.0,0.0,0.0,0.0,0.0,0.0,0.0,0.0,0.0,0.0,0.0,0.0,0.0,0.0,0.0,0.0,2000000.0,0.0,0.0,0.0,0.0,0.0,0.0,4000000.0,0.0,0.0,0.0,0.0,0.0
integrating,0.02,2,data/integrating/VS_run_2_det_Dv0.020_projection_diag.json,data/integrating/VS_run_2_det_Dv0.020_projection_history.csv,800,clip,0.0,1e-14,0.001,2000000,800,False,2543.0681114196777,0.0,0.0,0.0,0.0,0.0,0.0,0.0,0.0,23645666345.90839,23645666345.90839,0.0,0.0,0.0,0.0,0.0,0.0,0.0,0.0,0.0,0.0,0.0,0.0,0.0,0.0,0.0,0.0,0.0,2000000.0,0.0,0.0,0.0,0.0,0.0,0.0,4000000.0,0.0,0.0,0.0,0.0,0.0
integrating,0.02,3,data/integrating/VS_run_3_det_Dv0.020_projection_diag.json,data/integrating/VS_run_3_det_Dv0.020_projection_history.csv,800,clip,0.0,1e-14,0.001,2000000,800,False,2549.931049346924,0.0,0.0,0.0,0.0,0.0,0.0,0.0,0.0,23680914430.91693,23680914430.91693,0.0,0.0,0.0,0.0,0.0,0.0,0.0,0.0,0.0,0.0,0.0,0.0,0.0,0.0,0.0,0.0,0.0,2000000.0,0.0,0.0,0.0,0.0,0.0,0.0,4000000.0,0.0,0.0,0.0,0.0,0.0
integrating,0.02,4,data/integrating/VS_run_4_det_Dv0.020_projection_diag.json,data/integrating/VS_run_4_det_Dv0.020_projection_history.csv,800,clip,0.0,1e-14,0.001,2000000,800,False,2584.402930021286,0.0,0.0,0.0,0.0,0.0,0.0,0.0,0.0,23682392588.481007,23682392588.481007,0.0,0.0,0.0,0.0,0.0,0.0,0.0,0.0,0.0,0.0,0.0,0.0,0.0,0.0,0.0,0.0,0.0,2000000.0,0.0,0.0,0.0,0.0,0.0,0.0,4000000.0,0.0,0.0,0.0,0.0,0.0
integrating,0.02,5,data/integrating/VS_run_5_det_Dv0.020_projection_diag.json,data/integrating/VS_run_5_det_Dv0.020_projection_history.csv,800,clip,0.0,1e-14,0.001,2000000,800,False,2527.038339138031,0.0,0.0,0.0,0.0,0.0,0.0,0.0,0.0,23694638091.90934,23694638091.90934,0.0,0.0,0.0,0.0,0.0,0.0,0.0,0.0,0.0,0.0,0.0,0.0,0.0,0.0,0.0,0.0,0.0,2000000.0,0.0,0.0,0.0,0.0,0.0,0.0,4000000.0,0.0,0.0,0.0,0.0,0.0
integrating,0.02,6,data/integrating/VS_run_6_det_Dv0.020_projection_diag.json,data/integrating/VS_run_6_det_Dv0.020_projection_history.csv,800,clip,0.0,1e-14,0.001,2000000,800,False,2597.1832966804504,0.0,0.0,0.0,0.0,0.0,0.0,0.0,0.0,23661988265.301487,23661988265.301487,0.0,0.0,0.0,0.0,0.0,0.0,0.0,0.0,0.0,0.0,0.0,0.0,0.0,0.0,0.0,0.0,0.0,2000000.0,0.0,0.0,0.0,0.0,0.0,0.0,4000000.0,0.0,0.0,0.0,0.0,0.0
integrating,0.02,7,data/integrating/VS_run_7_det_Dv0.020_projection_diag.json,data/integrating/VS_run_7_det_Dv0.020_projection_history.csv,800,clip,0.0,1e-14,0.001,2000000,800,False,2582.0221829414368,0.0,0.0,0.0,0.0,0.0,0.0,0.0,0.0,23682194017.58096,23682194017.58096,0.0,0.0,0.0,0.0,0.0,0.0,0.0,0.0,0.0,0.0,0.0,0.0,0.0,0.0,0.0,0.0,0.0,2000000.0,0.0,0.0,0.0,0.0,0.0,0.0,4000000.0,0.0,0.0,0.0,0.0,0.0
integrating,0.02,8,data/integrating/VS_run_8_det_Dv0.020_projection_diag.json,data/integrating/VS_run_8_det_Dv0.020_projection_history.csv,800,clip,0.0,1e-14,0.001,2000000,800,False,2645.496778488159,0.0,0.0,0.0,0.0,0.0,0.0,0.0,0.0,23681948811.65985,23681948811.65985,0.0,0.0,0.0,0.0,0.0,0.0,0.0,0.0,0.0,0.0,0.0,0.0,0.0,0.0,0.0,0.0,0.0,2000000.0,0.0,0.0,0.0,0.0,0.0,0.0,4000000.0,0.0,0.0,0.0,0.0,0.0
integrating,0.02,9,data/integrating/VS_run_9_det_Dv0.020_projection_diag.json,data/integrating/VS_run_9_det_Dv0.020_projection_history.csv,800,clip,0.0,1e-14,0.001,2000000,800,False,2572.5567557811737,0.0,0.0,0.0,0.0,0.0,0.0,0.0,0.0,23655844406.29293,23655844406.29293,0.0,0.0,0.0,0.0,0.0,0.0,0.0,0.0,0.0,0.0,0.0,0.0,0.0,0.0,0.0,0.0,0.0,2000000.0,0.0,0.0,0.0,0.0,0.0,0.0,4000000.0,0.0,0.0,0.0,0.0,0.0
integrating,0.03,0,data/integrating/VS_run_0_det_Dv0.030_projection_diag.json,data/integrating/VS_run_0_det_Dv0.030_projection_history.csv,800,clip,0.0,1e-14,0.001,2000000,800,False,2596.2722465991974,0.0,0.0,0.0,0.0,0.0,0.0,0.0,0.0,23655478063.248375,23655478063.248375,0.0,0.0,0.0,0.0,0.0,0.0,0.0,0.0,0.0,0.0,0.0,0.0,0.0,0.0,0.0,0.0,0.0,2000000.0,0.0,0.0,0.0,0.0,0.0,0.0,4000000.0,0.0,0.0,0.0,0.0,0.0
integrating,0.03,1,data/integrating/VS_run_1_det_Dv0.030_projection_diag.json,data/integrating/VS_run_1_det_Dv0.030_projection_history.csv,800,clip,0.0,1e-14,0.001,2000000,800,False,2597.477827310562,0.0,0.0,0.0,0.0,0.0,0.0,0.0,0.0,23645666345.90839,23645666345.90839,0.0,0.0,0.0,0.0,0.0,0.0,0.0,0.0,0.0,0.0,0.0,0.0,0.0,0.0,0.0,0.0,0.0,2000000.0,0.0,0.0,0.0,0.0,0.0,0.0,4000000.0,0.0,0.0,0.0,0.0,0.0
integrating,0.03,2,data/integrating/VS_run_2_det_Dv0.030_projection_diag.json,data/integrating/VS_run_2_det_Dv0.030_projection_history.csv,800,clip,0.0,1e-14,0.001,2000000,800,False,2525.19939661026,0.0,0.0,0.0,0.0,0.0,0.0,0.0,0.0,23680914430.91693,23680914430.91693,0.0,0.0,0.0,0.0,0.0,0.0,0.0,0.0,0.0,0.0,0.0,0.0,0.0,0.0,0.0,0.0,0.0,2000000.0,0.0,0.0,0.0,0.0,0.0,0.0,4000000.0,0.0,0.0,0.0,0.0,0.0
integrating,0.03,3,data/integrating/VS_run_3_det_Dv0.030_projection_diag.json,data/integrating/VS_run_3_det_Dv0.030_projection_history.csv,800,clip,0.0,1e-14,0.001,2000000,800,False,2540.474927186966,0.0,0.0,0.0,0.0,0.0,0.0,0.0,0.0,23682392588.481007,23682392588.481007,0.0,0.0,0.0,0.0,0.0,0.0,0.0,0.0,0.0,0.0,0.0,0.0,0.0,0.0,0.0,0.0,0.0,2000000.0,0.0,0.0,0.0,0.0,0.0,0.0,4000000.0,0.0,0.0,0.0,0.0,0.0
integrating,0.03,4,data/integrating/VS_run_4_det_Dv0.030_projection_diag.json,data/integrating/VS_run_4_det_Dv0.030_projection_history.csv,800,clip,0.0,1e-14,0.001,2000000,800,False,2587.4777953624725,0.0,0.0,0.0,0.0,0.0,0.0,0.0,0.0,23694638091.90934,23694638091.90934,0.0,0.0,0.0,0.0,0.0,0.0,0.0,0.0,0.0,0.0,0.0,0.0,0.0,0.0,0.0,0.0,0.0,2000000.0,0.0,0.0,0.0,0.0,0.0,0.0,4000000.0,0.0,0.0,0.0,0.0,0.0
integrating,0.03,5,data/integrating/VS_run_5_det_Dv0.030_projection_diag.json,data/integrating/VS_run_5_det_Dv0.030_projection_history.csv,800,clip,0.0,1e-14,0.001,2000000,800,False,2540.4086303710938,0.0,0.0,0.0,0.0,0.0,0.0,0.0,0.0,23661988265.301487,23661988265.301487,0.0,0.0,0.0,0.0,0.0,0.0,0.0,0.0,0.0,0.0,0.0,0.0,0.0,0.0,0.0,0.0,0.0,2000000.0,0.0,0.0,0.0,0.0,0.0,0.0,4000000.0,0.0,0.0,0.0,0.0,0.0
integrating,0.03,6,data/integrating/VS_run_6_det_Dv0.030_projection_diag.json,data/integrating/VS_run_6_det_Dv0.030_projection_history.csv,800,clip,0.0,1e-14,0.001,2000000,800,False,2597.588536500931,0.0,0.0,0.0,0.0,0.0,0.0,0.0,0.0,23682194017.58096,23682194017.58096,0.0,0.0,0.0,0.0,0.0,0.0,0.0,0.0,0.0,0.0,0.0,0.0,0.0,0.0,0.0,0.0,0.0,2000000.0,0.0,0.0,0.0,0.0,0.0,0.0,4000000.0,0.0,0.0,0.0,0.0,0.0
integrating,0.03,7,data/integrating/VS_run_7_det_Dv0.030_projection_diag.json,data/integrating/VS_run_7_det_Dv0.030_projection_history.csv,800,clip,0.0,1e-14,0.001,2000000,800,False,2587.1639382839203,0.0,0.0,0.0,0.0,0.0,0.0,0.0,0.0,23681948811.65985,23681948811.65985,0.0,0.0,0.0,0.0,0.0,0.0,0.0,0.0,0.0,0.0,0.0,0.0,0.0,0.0,0.0,0.0,0.0,2000000.0,0.0,0.0,0.0,0.0,0.0,0.0,4000000.0,0.0,0.0,0.0,0.0,0.0
integrating,0.03,8,data/integrating/VS_run_8_det_Dv0.030_projection_diag.json,data/integrating/VS_run_8_det_Dv0.030_projection_history.csv,800,clip,0.0,1e-14,0.001,2000000,800,False,2617.059221506119,0.0,0.0,0.0,0.0,0.0,0.0,0.0,0.0,23655844406.29293,23655844406.29293,0.0,0.0,0.0,0.0,0.0,0.0,0.0,0.0,0.0,0.0,0.0,0.0,0.0,0.0,0.0,0.0,0.0,2000000.0,0.0,0.0,0.0,0.0,0.0,0.0,4000000.0,0.0,0.0,0.0,0.0,0.0
integrating,0.03,9,data/integrating/VS_run_9_det_Dv0.030_projection_diag.json,data/integrating/VS_run_9_det_Dv0.030_projection_history.csv,800,clip,0.0,1e-14,0.001,2000000,800,False,2572.7795367240906,0.0,0.0,0.0,0.0,0.0,0.0,0.0,0.0,23659374689.404217,23659374689.404217,0.0,0.0,0.0,0.0,0.0,0.0,0.0,0.0,0.0,0.0,0.0,0.0,0.0,0.0,0.0,0.0,0.0,2000000.0,0.0,0.0,0.0,0.0,0.0,0.0,4000000.0,0.0,0.0,0.0,0.0,0.0
integrating,0.04,0,data/integrating/VS_run_0_det_Dv0.040_projection_diag.json,data/integrating/VS_run_0_det_Dv0.040_projection_history.csv,800,clip,0.0,1e-14,0.001,2000000,800,False,2600.008930206299,0.0,0.0,0.0,0.0,0.0,0.0,0.0,0.0,23645666345.90839,23645666345.90839,0.0,0.0,0.0,0.0,0.0,0.0,0.0,0.0,0.0,0.0,0.0,0.0,0.0,0.0,0.0,0.0,0.0,2000000.0,0.0,0.0,0.0,0.0,0.0,0.0,4000000.0,0.0,0.0,0.0,0.0,0.0
integrating,0.04,1,data/integrating/VS_run_1_det_Dv0.040_projection_diag.json,data/integrating/VS_run_1_det_Dv0.040_projection_history.csv,800,clip,0.0,1e-14,0.001,2000000,800,False,2604.958936214447,0.0,0.0,0.0,0.0,0.0,0.0,0.0,0.0,23680914430.91693,23680914430.91693,0.0,0.0,0.0,0.0,0.0,0.0,0.0,0.0,0.0,0.0,0.0,0.0,0.0,0.0,0.0,0.0,0.0,2000000.0,0.0,0.0,0.0,0.0,0.0,0.0,4000000.0,0.0,0.0,0.0,0.0,0.0
integrating,0.04,2,data/integrating/VS_run_2_det_Dv0.040_projection_diag.json,data/integrating/VS_run_2_det_Dv0.040_projection_history.csv,800,clip,0.0,1e-14,0.001,2000000,800,False,2523.718731880188,0.0,0.0,0.0,0.0,0.0,0.0,0.0,0.0,23682392588.481007,23682392588.481007,0.0,0.0,0.0,0.0,0.0,0.0,0.0,0.0,0.0,0.0,0.0,0.0,0.0,0.0,0.0,0.0,0.0,2000000.0,0.0,0.0,0.0,0.0,0.0,0.0,4000000.0,0.0,0.0,0.0,0.0,0.0
integrating,0.04,3,data/integrating/VS_run_3_det_Dv0.040_projection_diag.json,data/integrating/VS_run_3_det_Dv0.040_projection_history.csv,800,clip,0.0,1e-14,0.001,2000000,800,False,2540.5893189907074,0.0,0.0,0.0,0.0,0.0,0.0,0.0,0.0,23694638091.90934,23694638091.90934,0.0,0.0,0.0,0.0,0.0,0.0,0.0,0.0,0.0,0.0,0.0,0.0,0.0,0.0,0.0,0.0,0.0,2000000.0,0.0,0.0,0.0,0.0,0.0,0.0,4000000.0,0.0,0.0,0.0,0.0,0.0
integrating,0.04,4,data/integrating/VS_run_4_det_Dv0.040_projection_diag.json,data/integrating/VS_run_4_det_Dv0.040_projection_history.csv,800,clip,0.0,1e-14,0.001,2000000,800,False,2587.0651712417603,0.0,0.0,0.0,0.0,0.0,0.0,0.0,0.0,23661988265.301487,23661988265.301487,0.0,0.0,0.0,0.0,0.0,0.0,0.0,0.0,0.0,0.0,0.0,0.0,0.0,0.0,0.0,0.0,0.0,2000000.0,0.0,0.0,0.0,0.0,0.0,0.0,4000000.0,0.0,0.0,0.0,0.0,0.0
integrating,0.04,5,data/integrating/VS_run_5_det_Dv0.040_projection_diag.json,data/integrating/VS_run_5_det_Dv0.040_projection_history.csv,800,clip,0.0,1e-14,0.001,2000000,800,False,2522.2247836589813,0.0,0.0,0.0,0.0,0.0,0.0,0.0,0.0,23682194017.58096,23682194017.58096,0.0,0.0,0.0,0.0,0.0,0.0,0.0,0.0,0.0,0.0,0.0,0.0,0.0,0.0,0.0,0.0,0.0,2000000.0,0.0,0.0,0.0,0.0,0.0,0.0,4000000.0,0.0,0.0,0.0,0.0,0.0
integrating,0.04,6,data/integrating/VS_run_6_det_Dv0.040_projection_diag.json,data/integrating/VS_run_6_det_Dv0.040_projection_history.csv,800,clip,0.0,1e-14,0.001,2000000,800,False,2564.9032747745514,0.0,0.0,0.0,0.0,0.0,0.0,0.0,0.0,23681948811.65985,23681948811.65985,0.0,0.0,0.0,0.0,0.0,0.0,0.0,0.0,0.0,0.0,0.0,0.0,0.0,0.0,0.0,0.0,0.0,2000000.0,0.0,0.0,0.0,0.0,0.0,0.0,4000000.0,0.0,0.0,0.0,0.0,0.0
integrating,0.04,7,data/integrating/VS_run_7_det_Dv0.040_projection_diag.json,data/integrating/VS_run_7_det_Dv0.040_projection_history.csv,800,clip,0.0,1e-14,0.001,2000000,800,False,2580.641489505768,0.0,0.0,0.0,0.0,0.0,0.0,0.0,0.0,23655844406.29293,23655844406.29293,0.0,0.0,0.0,0.0,0.0,0.0,0.0,0.0,0.0,0.0,0.0,0.0,0.0,0.0,0.0,0.0,0.0,2000000.0,0.0,0.0,0.0,0.0,0.0,0.0,4000000.0,0.0,0.0,0.0,0.0,0.0
integrating,0.04,8,data/integrating/VS_run_8_det_Dv0.040_projection_diag.json,data/integrating/VS_run_8_det_Dv0.040_projection_history.csv,800,clip,0.0,1e-14,0.001,2000000,800,False,2645.3451783657074,0.0,0.0,0.0,0.0,0.0,0.0,0.0,0.0,23659374689.404217,23659374689.404217,0.0,0.0,0.0,0.0,0.0,0.0,0.0,0.0,0.0,0.0,0.0,0.0,0.0,0.0,0.0,0.0,0.0,2000000.0,0.0,0.0,0.0,0.0,0.0,0.0,4000000.0,0.0,0.0,0.0,0.0,0.0
integrating,0.04,9,data/integrating/VS_run_9_det_Dv0.040_projection_diag.json,data/integrating/VS_run_9_det_Dv0.040_projection_history.csv,800,clip,0.0,1e-14,0.001,2000000,800,False,2593.2338914871216,0.0,0.0,0.0,0.0,0.0,0.0,0.0,0.0,23677330360.41192,23677330360.41192,0.0,0.0,0.0,0.0,0.0,0.0,0.0,0.0,0.0,0.0,0.0,0.0,0.0,0.0,0.0,0.0,0.0,2000000.0,0.0,0.0,0.0,0.0,0.0,0.0,4000000.0,0.0,0.0,0.0,0.0,0.0
integrating,0.05,0,data/integrating/VS_run_0_det_Dv0.050_projection_diag.json,data/integrating/VS_run_0_det_Dv0.050_projection_history.csv,800,clip,0.0,1e-14,0.001,2000000,800,False,2590.0782520771027,0.0,0.0,0.0,0.0,0.0,0.0,0.0,0.0,23680914430.91693,23680914430.91693,0.0,0.0,0.0,0.0,0.0,0.0,0.0,0.0,0.0,0.0,0.0,0.0,0.0,0.0,0.0,0.0,0.0,2000000.0,0.0,0.0,0.0,0.0,0.0,0.0,4000000.0,0.0,0.0,0.0,0.0,0.0
integrating,0.05,1,data/integrating/VS_run_1_det_Dv0.050_projection_diag.json,data/integrating/VS_run_1_det_Dv0.050_projection_history.csv,800,clip,0.0,1e-14,0.001,2000000,800,False,2604.8281557559967,0.0,0.0,0.0,0.0,0.0,0.0,0.0,0.0,23682392588.481007,23682392588.481007,0.0,0.0,0.0,0.0,0.0,0.0,0.0,0.0,0.0,0.0,0.0,0.0,0.0,0.0,0.0,0.0,0.0,2000000.0,0.0,0.0,0.0,0.0,0.0,0.0,4000000.0,0.0,0.0,0.0,0.0,0.0
integrating,0.05,2,data/integrating/VS_run_2_det_Dv0.050_projection_diag.json,data/integrating/VS_run_2_det_Dv0.050_projection_history.csv,800,clip,0.0,1e-14,0.001,2000000,800,False,2525.7848958969116,0.0,0.0,0.0,0.0,0.0,0.0,0.0,0.0,23694638091.90934,23694638091.90934,0.0,0.0,0.0,0.0,0.0,0.0,0.0,0.0,0.0,0.0,0.0,0.0,0.0,0.0,0.0,0.0,0.0,2000000.0,0.0,0.0,0.0,0.0,0.0,0.0,4000000.0,0.0,0.0,0.0,0.0,0.0
integrating,0.05,3,data/integrating/VS_run_3_det_Dv0.050_projection_diag.json,data/integrating/VS_run_3_det_Dv0.050_projection_history.csv,800,clip,0.0,1e-14,0.001,2000000,800,False,2545.334732055664,0.0,0.0,0.0,0.0,0.0,0.0,0.0,0.0,23661988265.301487,23661988265.301487,0.0,0.0,0.0,0.0,0.0,0.0,0.0,0.0,0.0,0.0,0.0,0.0,0.0,0.0,0.0,0.0,0.0,2000000.0,0.0,0.0,0.0,0.0,0.0,0.0,4000000.0,0.0,0.0,0.0,0.0,0.0
integrating,0.05,4,data/integrating/VS_run_4_det_Dv0.050_projection_diag.json,data/integrating/VS_run_4_det_Dv0.050_projection_history.csv,800,clip,0.0,1e-14,0.001,2000000,800,False,2593.70055270195,0.0,0.0,0.0,0.0,0.0,0.0,0.0,0.0,23682194017.58096,23682194017.58096,0.0,0.0,0.0,0.0,0.0,0.0,0.0,0.0,0.0,0.0,0.0,0.0,0.0,0.0,0.0,0.0,0.0,2000000.0,0.0,0.0,0.0,0.0,0.0,0.0,4000000.0,0.0,0.0,0.0,0.0,0.0
integrating,0.05,5,data/integrating/VS_run_5_det_Dv0.050_projection_diag.json,data/integrating/VS_run_5_det_Dv0.050_projection_history.csv,800,clip,0.0,1e-14,0.001,2000000,800,False,2522.2832975387573,0.0,0.0,0.0,0.0,0.0,0.0,0.0,0.0,23681948811.65985,23681948811.65985,0.0,0.0,0.0,0.0,0.0,0.0,0.0,0.0,0.0,0.0,0.0,0.0,0.0,0.0,0.0,0.0,0.0,2000000.0,0.0,0.0,0.0,0.0,0.0,0.0,4000000.0,0.0,0.0,0.0,0.0,0.0
integrating,0.05,6,data/integrating/VS_run_6_det_Dv0.050_projection_diag.json,data/integrating/VS_run_6_det_Dv0.050_projection_history.csv,800,clip,0.0,1e-14,0.001,2000000,800,False,2573.496067762375,0.0,0.0,0.0,0.0,0.0,0.0,0.0,0.0,23655844406.29293,23655844406.29293,0.0,0.0,0.0,0.0,0.0,0.0,0.0,0.0,0.0,0.0,0.0,0.0,0.0,0.0,0.0,0.0,0.0,2000000.0,0.0,0.0,0.0,0.0,0.0,0.0,4000000.0,0.0,0.0,0.0,0.0,0.0
integrating,0.05,7,data/integrating/VS_run_7_det_Dv0.050_projection_diag.json,data/integrating/VS_run_7_det_Dv0.050_projection_history.csv,800,clip,0.0,1e-14,0.001,2000000,800,False,2591.676505804062,0.0,0.0,0.0,0.0,0.0,0.0,0.0,0.0,23659374689.404217,23659374689.404217,0.0,0.0,0.0,0.0,0.0,0.0,0.0,0.0,0.0,0.0,0.0,0.0,0.0,0.0,0.0,0.0,0.0,2000000.0,0.0,0.0,0.0,0.0,0.0,0.0,4000000.0,0.0,0.0,0.0,0.0,0.0
integrating,0.05,8,data/integrating/VS_run_8_det_Dv0.050_projection_diag.json,data/integrating/VS_run_8_det_Dv0.050_projection_history.csv,800,clip,0.0,1e-14,0.001,2000000,800,False,2637.44664812088,0.0,0.0,0.0,0.0,0.0,0.0,0.0,0.0,23677330360.41192,23677330360.41192,0.0,0.0,0.0,0.0,0.0,0.0,0.0,0.0,0.0,0.0,0.0,0.0,0.0,0.0,0.0,0.0,0.0,2000000.0,0.0,0.0,0.0,0.0,0.0,0.0,4000000.0,0.0,0.0,0.0,0.0,0.0
integrating,0.05,9,data/integrating/VS_run_9_det_Dv0.050_projection_diag.json,data/integrating/VS_run_9_det_Dv0.050_projection_history.csv,800,clip,0.0,1e-14,0.001,2000000,800,False,2581.0714979171753,0.0,0.0,0.0,0.0,0.0,0.0,0.0,0.0,23660064127.270454,23660064127.270454,0.0,0.0,0.0,0.0,0.0,0.0,0.0,0.0,0.0,0.0,0.0,0.0,0.0,0.0,0.0,0.0,0.0,2000000.0,0.0,0.0,0.0,0.0,0.0,0.0,4000000.0,0.0,0.0,0.0,0.0,0.0
integrating,0.060000000000000005,0,data/integrating/VS_run_0_det_Dv0.060_projection_diag.json,data/integrating/VS_run_0_det_Dv0.060_projection_history.csv,800,clip,0.0,1e-14,0.001,2000000,800,False,2573.7491953372955,0.0,0.0,0.0,0.0,0.0,0.0,0.0,0.0,23682392588.481007,23682392588.481007,0.0,0.0,0.0,0.0,0.0,0.0,0.0,0.0,0.0,0.0,0.0,0.0,0.0,0.0,0.0,0.0,0.0,2000000.0,0.0,0.0,0.0,0.0,0.0,0.0,4000000.0,0.0,0.0,0.0,0.0,0.0
integrating,0.060000000000000005,1,data/integrating/VS_run_1_det_Dv0.060_projection_diag.json,data/integrating/VS_run_1_det_Dv0.060_projection_history.csv,800,clip,0.0,1e-14,0.001,2000000,800,False,2615.934065103531,0.0,0.0,0.0,0.0,0.0,0.0,0.0,0.0,23694638091.90934,23694638091.90934,0.0,0.0,0.0,0.0,0.0,0.0,0.0,0.0,0.0,0.0,0.0,0.0,0.0,0.0,0.0,0.0,0.0,2000000.0,0.0,0.0,0.0,0.0,0.0,0.0,4000000.0,0.0,0.0,0.0,0.0,0.0
integrating,0.060000000000000005,2,data/integrating/VS_run_2_det_Dv0.060_projection_diag.json,data/integrating/VS_run_2_det_Dv0.060_projection_history.csv,800,clip,0.0,1e-14,0.001,2000000,800,False,2523.715385198593,0.0,0.0,0.0,0.0,0.0,0.0,0.0,0.0,23661988265.301487,23661988265.301487,0.0,0.0,0.0,0.0,0.0,0.0,0.0,0.0,0.0,0.0,0.0,0.0,0.0,0.0,0.0,0.0,0.0,2000000.0,0.0,0.0,0.0,0.0,0.0,0.0,4000000.0,0.0,0.0,0.0,0.0,0.0
integrating,0.060000000000000005,3,data/integrating/VS_run_3_det_Dv0.060_projection_diag.json,data/integrating/VS_run_3_det_Dv0.060_projection_history.csv,800,clip,0.0,1e-14,0.001,2000000,800,False,2547.0428631305695,0.0,0.0,0.0,0.0,0.0,0.0,0.0,0.0,23682194017.58096,23682194017.58096,0.0,0.0,0.0,0.0,0.0,0.0,0.0,0.0,0.0,0.0,0.0,0.0,0.0,0.0,0.0,0.0,0.0,2000000.0,0.0,0.0,0.0,0.0,0.0,0.0,4000000.0,0.0,0.0,0.0,0.0,0.0
integrating,0.060000000000000005,4,data/integrating/VS_run_4_det_Dv0.060_projection_diag.json,data/integrating/VS_run_4_det_Dv0.060_projection_history.csv,800,clip,0.0,1e-14,0.001,2000000,800,False,2587.6709587574005,0.0,0.0,0.0,0.0,0.0,0.0,0.0,0.0,23681948811.65985,23681948811.65985,0.0,0.0,0.0,0.0,0.0,0.0,0.0,0.0,0.0,0.0,0.0,0.0,0.0,0.0,0.0,0.0,0.0,2000000.0,0.0,0.0,0.0,0.0,0.0,0.0,4000000.0,0.0,0.0,0.0,0.0,0.0
integrating,0.060000000000000005,5,data/integrating/VS_run_5_det_Dv0.060_projection_diag.json,data/integrating/VS_run_5_det_Dv0.060_projection_history.csv,800,clip,0.0,1e-14,0.001,2000000,800,False,2522.234013557434,0.0,0.0,0.0,0.0,0.0,0.0,0.0,0.0,23655844406.29293,23655844406.29293,0.0,0.0,0.0,0.0,0.0,0.0,0.0,0.0,0.0,0.0,0.0,0.0,0.0,0.0,0.0,0.0,0.0,2000000.0,0.0,0.0,0.0,0.0,0.0,0.0,4000000.0,0.0,0.0,0.0,0.0,0.0
integrating,0.060000000000000005,6,data/integrating/VS_run_6_det_Dv0.060_projection_diag.json,data/integrating/VS_run_6_det_Dv0.060_projection_history.csv,800,clip,0.0,1e-14,0.001,2000000,800,False,2615.777120113373,0.0,0.0,0.0,0.0,0.0,0.0,0.0,0.0,23659374689.404217,23659374689.404217,0.0,0.0,0.0,0.0,0.0,0.0,0.0,0.0,0.0,0.0,0.0,0.0,0.0,0.0,0.0,0.0,0.0,2000000.0,0.0,0.0,0.0,0.0,0.0,0.0,4000000.0,0.0,0.0,0.0,0.0,0.0
integrating,0.060000000000000005,7,data/integrating/VS_run_7_det_Dv0.060_projection_diag.json,data/integrating/VS_run_7_det_Dv0.060_projection_history.csv,800,clip,0.0,1e-14,0.001,2000000,800,False,2583.9941477775574,0.0,0.0,0.0,0.0,0.0,0.0,0.0,0.0,23677330360.41192,23677330360.41192,0.0,0.0,0.0,0.0,0.0,0.0,0.0,0.0,0.0,0.0,0.0,0.0,0.0,0.0,0.0,0.0,0.0,2000000.0,0.0,0.0,0.0,0.0,0.0,0.0,4000000.0,0.0,0.0,0.0,0.0,0.0
integrating,0.060000000000000005,8,data/integrating/VS_run_8_det_Dv0.060_projection_diag.json,data/integrating/VS_run_8_det_Dv0.060_projection_history.csv,800,clip,0.0,1e-14,0.001,2000000,800,False,2597.124316930771,0.0,0.0,0.0,0.0,0.0,0.0,0.0,0.0,23660064127.270454,23660064127.270454,0.0,0.0,0.0,0.0,0.0,0.0,0.0,0.0,0.0,0.0,0.0,0.0,0.0,0.0,0.0,0.0,0.0,2000000.0,0.0,0.0,0.0,0.0,0.0,0.0,4000000.0,0.0,0.0,0.0,0.0,0.0
integrating,0.060000000000000005,9,data/integrating/VS_run_9_det_Dv0.060_projection_diag.json,data/integrating/VS_run_9_det_Dv0.060_projection_history.csv,800,clip,0.0,1e-14,0.001,2000000,800,False,2592.164391517639,0.0,0.0,0.0,0.0,0.0,0.0,0.0,0.0,23666864021.47227,23666864021.47227,0.0,0.0,0.0,0.0,0.0,0.0,0.0,0.0,0.0,0.0,0.0,0.0,0.0,0.0,0.0,0.0,0.0,2000000.0,0.0,0.0,0.0,0.0,0.0,0.0,4000000.0,0.0,0.0,0.0,0.0,0.0
integrating,0.06999999999999999,0,data/integrating/VS_run_0_det_Dv0.070_projection_diag.json,data/integrating/VS_run_0_det_Dv0.070_projection_history.csv,800,clip,0.0,1e-14,0.001,2000000,800,False,2595.9583435058594,0.0,0.0,0.0,0.0,0.0,0.0,0.0,0.0,23694638091.90934,23694638091.90934,0.0,0.0,0.0,0.0,0.0,0.0,0.0,0.0,0.0,0.0,0.0,0.0,0.0,0.0,0.0,0.0,0.0,2000000.0,0.0,0.0,0.0,0.0,0.0,0.0,4000000.0,0.0,0.0,0.0,0.0,0.0
integrating,0.06999999999999999,1,data/integrating/VS_run_1_det_Dv0.070_projection_diag.json,data/integrating/VS_run_1_det_Dv0.070_projection_history.csv,800,clip,0.0,1e-14,0.001,2000000,800,False,2601.348142147064,0.0,0.0,0.0,0.0,0.0,0.0,0.0,0.0,23661988265.301487,23661988265.301487,0.0,0.0,0.0,0.0,0.0,0.0,0.0,0.0,0.0,0.0,0.0,0.0,0.0,0.0,0.0,0.0,0.0,2000000.0,0.0,0.0,0.0,0.0,0.0,0.0,4000000.0,0.0,0.0,0.0,0.0,0.0
integrating,0.06999999999999999,2,data/integrating/VS_run_2_det_Dv0.070_projection_diag.json,data/integrating/VS_run_2_det_Dv0.070_projection_history.csv,800,clip,0.0,1e-14,0.001,2000000,800,False,2524.0044922828674,0.0,0.0,0.0,0.0,0.0,0.0,0.0,0.0,23682194017.58096,23682194017.58096,0.0,0.0,0.0,0.0,0.0,0.0,0.0,0.0,0.0,0.0,0.0,0.0,0.0,0.0,0.0,0.0,0.0,2000000.0,0.0,0.0,0.0,0.0,0.0,0.0,4000000.0,0.0,0.0,0.0,0.0,0.0
integrating,0.06999999999999999,3,data/integrating/VS_run_3_det_Dv0.070_projection_diag.json,data/integrating/VS_run_3_det_Dv0.070_projection_history.csv,800,clip,0.0,1e-14,0.001,2000000,800,False,2536.6996455192566,0.0,0.0,0.0,0.0,0.0,0.0,0.0,0.0,23681948811.65985,23681948811.65985,0.0,0.0,0.0,0.0,0.0,0.0,0.0,0.0,0.0,0.0,0.0,0.0,0.0,0.0,0.0,0.0,0.0,2000000.0,0.0,0.0,0.0,0.0,0.0,0.0,4000000.0,0.0,0.0,0.0,0.0,0.0
integrating,0.06999999999999999,4,data/integrating/VS_run_4_det_Dv0.070_projection_diag.json,data/integrating/VS_run_4_det_Dv0.070_projection_history.csv,800,clip,0.0,1e-14,0.001,2000000,800,False,2580.132976293564,0.0,0.0,0.0,0.0,0.0,0.0,0.0,0.0,23655844406.29293,23655844406.29293,0.0,0.0,0.0,0.0,0.0,0.0,0.0,0.0,0.0,0.0,0.0,0.0,0.0,0.0,0.0,0.0,0.0,2000000.0,0.0,0.0,0.0,0.0,0.0,0.0,4000000.0,0.0,0.0,0.0,0.0,0.0
integrating,0.06999999999999999,5,data/integrating/VS_run_5_det_Dv0.070_projection_diag.json,data/integrating/VS_run_5_det_Dv0.070_projection_history.csv,800,clip,0.0,1e-14,0.001,2000000,800,False,2527.62361907959,0.0,0.0,0.0,0.0,0.0,0.0,0.0,0.0,23659374689.404217,23659374689.404217,0.0,0.0,0.0,0.0,0.0,0.0,0.0,0.0,0.0,0.0,0.0,0.0,0.0,0.0,0.0,0.0,0.0,2000000.0,0.0,0.0,0.0,0.0,0.0,0.0,4000000.0,0.0,0.0,0.0,0.0,0.0
integrating,0.06999999999999999,6,data/integrating/VS_run_6_det_Dv0.070_projection_diag.json,data/integrating/VS_run_6_det_Dv0.070_projection_history.csv,800,clip,0.0,1e-14,0.001,2000000,800,False,2615.3340129852295,0.0,0.0,0.0,0.0,0.0,0.0,0.0,0.0,23677330360.41192,23677330360.41192,0.0,0.0,0.0,0.0,0.0,0.0,0.0,0.0,0.0,0.0,0.0,0.0,0.0,0.0,0.0,0.0,0.0,2000000.0,0.0,0.0,0.0,0.0,0.0,0.0,4000000.0,0.0,0.0,0.0,0.0,0.0
integrating,0.06999999999999999,7,data/integrating/VS_run_7_det_Dv0.070_projection_diag.json,data/integrating/VS_run_7_det_Dv0.070_projection_history.csv,800,clip,0.0,1e-14,0.001,2000000,800,False,2572.7969286441803,0.0,0.0,0.0,0.0,0.0,0.0,0.0,0.0,23660064127.270454,23660064127.270454,0.0,0.0,0.0,0.0,0.0,0.0,0.0,0.0,0.0,0.0,0.0,0.0,0.0,0.0,0.0,0.0,0.0,2000000.0,0.0,0.0,0.0,0.0,0.0,0.0,4000000.0,0.0,0.0,0.0,0.0,0.0
integrating,0.06999999999999999,8,data/integrating/VS_run_8_det_Dv0.070_projection_diag.json,data/integrating/VS_run_8_det_Dv0.070_projection_history.csv,800,clip,0.0,1e-14,0.001,2000000,800,False,2615.018233537674,0.0,0.0,0.0,0.0,0.0,0.0,0.0,0.0,23666864021.47227,23666864021.47227,0.0,0.0,0.0,0.0,0.0,0.0,0.0,0.0,0.0,0.0,0.0,0.0,0.0,0.0,0.0,0.0,0.0,2000000.0,0.0,0.0,0.0,0.0,0.0,0.0,4000000.0,0.0,0.0,0.0,0.0,0.0
integrating,0.06999999999999999,9,data/integrating/VS_run_9_det_Dv0.070_projection_diag.json,data/integrating/VS_run_9_det_Dv0.070_projection_history.csv,800,clip,0.0,1e-14,0.001,2000000,800,False,2581.1302626132965,0.0,0.0,0.0,0.0,0.0,0.0,0.0,0.0,23655527480.916645,23655527480.916645,0.0,0.0,0.0,0.0,0.0,0.0,0.0,0.0,0.0,0.0,0.0,0.0,0.0,0.0,0.0,0.0,0.0,2000000.0,0.0,0.0,0.0,0.0,0.0,0.0,4000000.0,0.0,0.0,0.0,0.0,0.0
integrating,0.08,0,data/integrating/VS_run_0_det_Dv0.080_projection_diag.json,data/integrating/VS_run_0_det_Dv0.080_projection_history.csv,800,clip,0.0,1e-14,0.001,2000000,800,False,2614.159152507782,0.0,0.0,0.0,0.0,0.0,0.0,0.0,0.0,23661988265.301487,23661988265.301487,0.0,0.0,0.0,0.0,0.0,0.0,0.0,0.0,0.0,0.0,0.0,0.0,0.0,0.0,0.0,0.0,0.0,2000000.0,0.0,0.0,0.0,0.0,0.0,0.0,4000000.0,0.0,0.0,0.0,0.0,0.0
integrating,0.08,1,data/integrating/VS_run_1_det_Dv0.080_projection_diag.json,data/integrating/VS_run_1_det_Dv0.080_projection_history.csv,800,clip,0.0,1e-14,0.001,2000000,800,False,2605.8157238960266,0.0,0.0,0.0,0.0,0.0,0.0,0.0,0.0,23682194017.58096,23682194017.58096,0.0,0.0,0.0,0.0,0.0,0.0,0.0,0.0,0.0,0.0,0.0,0.0,0.0,0.0,0.0,0.0,0.0,2000000.0,0.0,0.0,0.0,0.0,0.0,0.0,4000000.0,0.0,0.0,0.0,0.0,0.0
integrating,0.08,2,data/integrating/VS_run_2_det_Dv0.080_projection_diag.json,data/integrating/VS_run_2_det_Dv0.080_projection_history.csv,800,clip,0.0,1e-14,0.001,2000000,800,False,2523.3462755680084,0.0,0.0,0.0,0.0,0.0,0.0,0.0,0.0,23681948811.65985,23681948811.65985,0.0,0.0,0.0,0.0,0.0,0.0,0.0,0.0,0.0,0.0,0.0,0.0,0.0,0.0,0.0,0.0,0.0,2000000.0,0.0,0.0,0.0,0.0,0.0,0.0,4000000.0,0.0,0.0,0.0,0.0,0.0
integrating,0.08,3,data/integrating/VS_run_3_det_Dv0.080_projection_diag.json,data/integrating/VS_run_3_det_Dv0.080_projection_history.csv,800,clip,0.0,1e-14,0.001,2000000,800,False,2536.7178013324738,0.0,0.0,0.0,0.0,0.0,0.0,0.0,0.0,23655844406.29293,23655844406.29293,0.0,0.0,0.0,0.0,0.0,0.0,0.0,0.0,0.0,0.0,0.0,0.0,0.0,0.0,0.0,0.0,0.0,2000000.0,0.0,0.0,0.0,0.0,0.0,0.0,4000000.0,0.0,0.0,0.0,0.0,0.0
integrating,0.08,4,data/integrating/VS_run_4_det_Dv0.080_projection_diag.json,data/integrating/VS_run_4_det_Dv0.080_projection_history.csv,800,clip,0.0,1e-14,0.001,2000000,800,False,2587.3900849819183,0.0,0.0,0.0,0.0,0.0,0.0,0.0,0.0,23659374689.404217,23659374689.404217,0.0,0.0,0.0,0.0,0.0,0.0,0.0,0.0,0.0,0.0,0.0,0.0,0.0,0.0,0.0,0.0,0.0,2000000.0,0.0,0.0,0.0,0.0,0.0,0.0,4000000.0,0.0,0.0,0.0,0.0,0.0
integrating,0.08,5,data/integrating/VS_run_5_det_Dv0.080_projection_diag.json,data/integrating/VS_run_5_det_Dv0.080_projection_history.csv,800,clip,0.0,1e-14,0.001,2000000,800,False,2525.440284013748,0.0,0.0,0.0,0.0,0.0,0.0,0.0,0.0,23677330360.41192,23677330360.41192,0.0,0.0,0.0,0.0,0.0,0.0,0.0,0.0,0.0,0.0,0.0,0.0,0.0,0.0,0.0,0.0,0.0,2000000.0,0.0,0.0,0.0,0.0,0.0,0.0,4000000.0,0.0,0.0,0.0,0.0,0.0
integrating,0.08,6,data/integrating/VS_run_6_det_Dv0.080_projection_diag.json,data/integrating/VS_run_6_det_Dv0.080_projection_history.csv,800,clip,0.0,1e-14,0.001,2000000,800,False,2607.7936713695526,0.0,0.0,0.0,0.0,0.0,0.0,0.0,0.0,23660064127.270454,23660064127.270454,0.0,0.0,0.0,0.0,0.0,0.0,0.0,0.0,0.0,0.0,0.0,0.0,0.0,0.0,0.0,0.0,0.0,2000000.0,0.0,0.0,0.0,0.0,0.0,0.0,4000000.0,0.0,0.0,0.0,0.0,0.0
integrating,0.08,7,data/integrating/VS_run_7_det_Dv0.080_projection_diag.json,data/integrating/VS_run_7_det_Dv0.080_projection_history.csv,800,clip,0.0,1e-14,0.001,2000000,800,False,2589.8136746883392,0.0,0.0,0.0,0.0,0.0,0.0,0.0,0.0,23666864021.47227,23666864021.47227,0.0,0.0,0.0,0.0,0.0,0.0,0.0,0.0,0.0,0.0,0.0,0.0,0.0,0.0,0.0,0.0,0.0,2000000.0,0.0,0.0,0.0,0.0,0.0,0.0,4000000.0,0.0,0.0,0.0,0.0,0.0
integrating,0.08,8,data/integrating/VS_run_8_det_Dv0.080_projection_diag.json,data/integrating/VS_run_8_det_Dv0.080_projection_history.csv,800,clip,0.0,1e-14,0.001,2000000,800,False,2614.9469175338745,0.0,0.0,0.0,0.0,0.0,0.0,0.0,0.0,23655527480.916645,23655527480.916645,0.0,0.0,0.0,0.0,0.0,0.0,0.0,0.0,0.0,0.0,0.0,0.0,0.0,0.0,0.0,0.0,0.0,2000000.0,0.0,0.0,0.0,0.0,0.0,0.0,4000000.0,0.0,0.0,0.0,0.0,0.0
integrating,0.08,9,data/integrating/VS_run_9_det_Dv0.080_projection_diag.json,data/integrating/VS_run_9_det_Dv0.080_projection_history.csv,800,clip,0.0,1e-14,0.001,2000000,800,False,2593.487092256546,0.0,0.0,0.0,0.0,0.0,0.0,0.0,0.0,23657142313.17455,23657142313.17455,0.0,0.0,0.0,0.0,0.0,0.0,0.0,0.0,0.0,0.0,0.0,0.0,0.0,0.0,0.0,0.0,0.0,2000000.0,0.0,0.0,0.0,0.0,0.0,0.0,4000000.0,0.0,0.0,0.0,0.0,0.0
integrating,0.09,0,data/integrating/VS_run_0_det_Dv0.090_projection_diag.json,data/integrating/VS_run_0_det_Dv0.090_projection_history.csv,800,clip,0.0,1e-14,0.001,2000000,800,False,2566.8238282203674,0.0,0.0,0.0,0.0,0.0,0.0,0.0,0.0,23682194017.58096,23682194017.58096,0.0,0.0,0.0,0.0,0.0,0.0,0.0,0.0,0.0,0.0,0.0,0.0,0.0,0.0,0.0,0.0,0.0,2000000.0,0.0,0.0,0.0,0.0,0.0,0.0,4000000.0,0.0,0.0,0.0,0.0,0.0
integrating,0.09,1,data/integrating/VS_run_1_det_Dv0.090_projection_diag.json,data/integrating/VS_run_1_det_Dv0.090_projection_history.csv,800,clip,0.0,1e-14,0.001,2000000,800,False,2597.694454431534,0.0,0.0,0.0,0.0,0.0,0.0,0.0,0.0,23681948811.65985,23681948811.65985,0.0,0.0,0.0,0.0,0.0,0.0,0.0,0.0,0.0,0.0,0.0,0.0,0.0,0.0,0.0,0.0,0.0,2000000.0,0.0,0.0,0.0,0.0,0.0,0.0,4000000.0,0.0,0.0,0.0,0.0,0.0
integrating,0.09,2,data/integrating/VS_run_2_det_Dv0.090_projection_diag.json,data/integrating/VS_run_2_det_Dv0.090_projection_history.csv,800,clip,0.0,1e-14,0.001,2000000,800,False,2536.2057819366455,0.0,0.0,0.0,0.0,0.0,0.0,0.0,0.0,23655844406.29293,23655844406.29293,0.0,0.0,0.0,0.0,0.0,0.0,0.0,0.0,0.0,0.0,0.0,0.0,0.0,0.0,0.0,0.0,0.0,2000000.0,0.0,0.0,0.0,0.0,0.0,0.0,4000000.0,0.0,0.0,0.0,0.0,0.0
integrating,0.09,3,data/integrating/VS_run_3_det_Dv0.090_projection_diag.json,data/integrating/VS_run_3_det_Dv0.090_projection_history.csv,800,clip,0.0,1e-14,0.001,2000000,800,False,2529.669429540634,0.0,0.0,0.0,0.0,0.0,0.0,0.0,0.0,23659374689.404217,23659374689.404217,0.0,0.0,0.0,0.0,0.0,0.0,0.0,0.0,0.0,0.0,0.0,0.0,0.0,0.0,0.0,0.0,0.0,2000000.0,0.0,0.0,0.0,0.0,0.0,0.0,4000000.0,0.0,0.0,0.0,0.0,0.0
integrating,0.09,4,data/integrating/VS_run_4_det_Dv0.090_projection_diag.json,data/integrating/VS_run_4_det_Dv0.090_projection_history.csv,800,clip,0.0,1e-14,0.001,2000000,800,False,2579.8831696510315,0.0,0.0,0.0,0.0,0.0,0.0,0.0,0.0,23677330360.41192,23677330360.41192,0.0,0.0,0.0,0.0,0.0,0.0,0.0,0.0,0.0,0.0,0.0,0.0,0.0,0.0,0.0,0.0,0.0,2000000.0,0.0,0.0,0.0,0.0,0.0,0.0,4000000.0,0.0,0.0,0.0,0.0,0.0
integrating,0.09,5,data/integrating/VS_run_5_det_Dv0.090_projection_diag.json,data/integrating/VS_run_5_det_Dv0.090_projection_history.csv,800,clip,0.0,1e-14,0.001,2000000,800,False,2528.123037338257,0.0,0.0,0.0,0.0,0.0,0.0,0.0,0.0,23660064127.270454,23660064127.270454,0.0,0.0,0.0,0.0,0.0,0.0,0.0,0.0,0.0,0.0,0.0,0.0,0.0,0.0,0.0,0.0,0.0,2000000.0,0.0,0.0,0.0,0.0,0.0,0.0,4000000.0,0.0,0.0,0.0,0.0,0.0
integrating,0.09,6,data/integrating/VS_run_6_det_Dv0.090_projection_diag.json,data/integrating/VS_run_6_det_Dv0.090_projection_history.csv,800,clip,0.0,1e-14,0.001,2000000,800,False,2592.3066334724426,0.0,0.0,0.0,0.0,0.0,0.0,0.0,0.0,23666864021.47227,23666864021.47227,0.0,0.0,0.0,0.0,0.0,0.0,0.0,0.0,0.0,0.0,0.0,0.0,0.0,0.0,0.0,0.0,0.0,2000000.0,0.0,0.0,0.0,0.0,0.0,0.0,4000000.0,0.0,0.0,0.0,0.0,0.0
integrating,0.09,7,data/integrating/VS_run_7_det_Dv0.090_projection_diag.json,data/integrating/VS_run_7_det_Dv0.090_projection_history.csv,800,clip,0.0,1e-14,0.001,2000000,800,False,2579.145621061325,0.0,0.0,0.0,0.0,0.0,0.0,0.0,0.0,23655527480.916645,23655527480.916645,0.0,0.0,0.0,0.0,0.0,0.0,0.0,0.0,0.0,0.0,0.0,0.0,0.0,0.0,0.0,0.0,0.0,2000000.0,0.0,0.0,0.0,0.0,0.0,0.0,4000000.0,0.0,0.0,0.0,0.0,0.0
integrating,0.09,8,data/integrating/VS_run_8_det_Dv0.090_projection_diag.json,data/integrating/VS_run_8_det_Dv0.090_projection_history.csv,800,clip,0.0,1e-14,0.001,2000000,800,False,2623.560449361801,0.0,0.0,0.0,0.0,0.0,0.0,0.0,0.0,23657142313.17455,23657142313.17455,0.0,0.0,0.0,0.0,0.0,0.0,0.0,0.0,0.0,0.0,0.0,0.0,0.0,0.0,0.0,0.0,0.0,2000000.0,0.0,0.0,0.0,0.0,0.0,0.0,4000000.0,0.0,0.0,0.0,0.0,0.0
integrating,0.09,9,data/integrating/VS_run_9_det_Dv0.090_projection_diag.json,data/integrating/VS_run_9_det_Dv0.090_projection_history.csv,800,clip,0.0,1e-14,0.001,2000000,800,False,2565.259423494339,0.0,0.0,0.0,0.0,0.0,0.0,0.0,0.0,23651505993.933327,23651505993.933327,0.0,0.0,0.0,0.0,0.0,0.0,0.0,0.0,0.0,0.0,0.0,0.0,0.0,0.0,0.0,0.0,0.0,2000000.0,0.0,0.0,0.0,0.0,0.0,0.0,4000000.0,0.0,0.0,0.0,0.0,0.0
integrating,0.09999999999999999,0,data/integrating/VS_run_0_det_Dv0.100_projection_diag.json,data/integrating/VS_run_0_det_Dv0.100_projection_history.csv,800,clip,0.0,1e-14,0.001,2000000,800,False,2615.8705298900604,0.0,0.0,0.0,0.0,0.0,0.0,0.0,0.0,23681948811.65985,23681948811.65985,0.0,0.0,0.0,0.0,0.0,0.0,0.0,0.0,0.0,0.0,0.0,0.0,0.0,0.0,0.0,0.0,0.0,2000000.0,0.0,0.0,0.0,0.0,0.0,0.0,4000000.0,0.0,0.0,0.0,0.0,0.0
integrating,0.09999999999999999,1,data/integrating/VS_run_1_det_Dv0.100_projection_diag.json,data/integrating/VS_run_1_det_Dv0.100_projection_history.csv,800,clip,0.0,1e-14,0.001,2000000,800,False,2586.373860836029,0.0,0.0,0.0,0.0,0.0,0.0,0.0,0.0,23655844406.29293,23655844406.29293,0.0,0.0,0.0,0.0,0.0,0.0,0.0,0.0,0.0,0.0,0.0,0.0,0.0,0.0,0.0,0.0,0.0,2000000.0,0.0,0.0,0.0,0.0,0.0,0.0,4000000.0,0.0,0.0,0.0,0.0,0.0
integrating,0.09999999999999999,2,data/integrating/VS_run_2_det_Dv0.100_projection_diag.json,data/integrating/VS_run_2_det_Dv0.100_projection_history.csv,800,clip,0.0,1e-14,0.001,2000000,800,False,2523.7138710021973,0.0,0.0,0.0,0.0,0.0,0.0,0.0,0.0,23659374689.404217,23659374689.404217,0.0,0.0,0.0,0.0,0.0,0.0,0.0,0.0,0.0,0.0,0.0,0.0,0.0,0.0,0.0,0.0,0.0,2000000.0,0.0,0.0,0.0,0.0,0.0,0.0,4000000.0,0.0,0.0,0.0,0.0,0.0
integrating,0.09999999999999999,3,data/integrating/VS_run_3_det_Dv0.100_projection_diag.json,data/integrating/VS_run_3_det_Dv0.100_projection_history.csv,800,clip,0.0,1e-14,0.001,2000000,800,False,2536.7813432216644,0.0,0.0,0.0,0.0,0.0,0.0,0.0,0.0,23677330360.41192,23677330360.41192,0.0,0.0,0.0,0.0,0.0,0.0,0.0,0.0,0.0,0.0,0.0,0.0,0.0,0.0,0.0,0.0,0.0,2000000.0,0.0,0.0,0.0,0.0,0.0,0.0,4000000.0,0.0,0.0,0.0,0.0,0.0
integrating,0.09999999999999999,4,data/integrating/VS_run_4_det_Dv0.100_projection_diag.json,data/integrating/VS_run_4_det_Dv0.100_projection_history.csv,800,clip,0.0,1e-14,0.001,2000000,800,False,2587.5158457756042,0.0,0.0,0.0,0.0,0.0,0.0,0.0,0.0,23660064127.270454,23660064127.270454,0.0,0.0,0.0,0.0,0.0,0.0,0.0,0.0,0.0,0.0,0.0,0.0,0.0,0.0,0.0,0.0,0.0,2000000.0,0.0,0.0,0.0,0.0,0.0,0.0,4000000.0,0.0,0.0,0.0,0.0,0.0
integrating,0.09999999999999999,5,data/integrating/VS_run_5_det_Dv0.100_projection_diag.json,data/integrating/VS_run_5_det_Dv0.100_projection_history.csv,800,clip,0.0,1e-14,0.001,2000000,800,False,2526.508828639984,0.0,0.0,0.0,0.0,0.0,0.0,0.0,0.0,23666864021.47227,23666864021.47227,0.0,0.0,0.0,0.0,0.0,0.0,0.0,0.0,0.0,0.0,0.0,0.0,0.0,0.0,0.0,0.0,0.0,2000000.0,0.0,0.0,0.0,0.0,0.0,0.0,4000000.0,0.0,0.0,0.0,0.0,0.0
integrating,0.09999999999999999,6,data/integrating/VS_run_6_det_Dv0.100_projection_diag.json,data/integrating/VS_run_6_det_Dv0.100_projection_history.csv,800,clip,0.0,1e-14,0.001,2000000,800,False,2560.26984834671,0.0,0.0,0.0,0.0,0.0,0.0,0.0,0.0,23655527480.916645,23655527480.916645,0.0,0.0,0.0,0.0,0.0,0.0,0.0,0.0,0.0,0.0,0.0,0.0,0.0,0.0,0.0,0.0,0.0,2000000.0,0.0,0.0,0.0,0.0,0.0,0.0,4000000.0,0.0,0.0,0.0,0.0,0.0
integrating,0.09999999999999999,7,data/integrating/VS_run_7_det_Dv0.100_projection_diag.json,data/integrating/VS_run_7_det_Dv0.100_projection_history.csv,800,clip,0.0,1e-14,0.001,2000000,800,False,2583.5364997386932,0.0,0.0,0.0,0.0,0.0,0.0,0.0,0.0,23657142313.17455,23657142313.17455,0.0,0.0,0.0,0.0,0.0,0.0,0.0,0.0,0.0,0.0,0.0,0.0,0.0,0.0,0.0,0.0,0.0,2000000.0,0.0,0.0,0.0,0.0,0.0,0.0,4000000.0,0.0,0.0,0.0,0.0,0.0
integrating,0.09999999999999999,8,data/integrating/VS_run_8_det_Dv0.100_projection_diag.json,data/integrating/VS_run_8_det_Dv0.100_projection_history.csv,800,clip,0.0,1e-14,0.001,2000000,800,False,2621.2918214797974,0.0,0.0,0.0,0.0,0.0,0.0,0.0,0.0,23651505993.933327,23651505993.933327,0.0,0.0,0.0,0.0,0.0,0.0,0.0,0.0,0.0,0.0,0.0,0.0,0.0,0.0,0.0,0.0,0.0,2000000.0,0.0,0.0,0.0,0.0,0.0,0.0,4000000.0,0.0,0.0,0.0,0.0,0.0
integrating,0.09999999999999999,9,data/integrating/VS_run_9_det_Dv0.100_projection_diag.json,data/integrating/VS_run_9_det_Dv0.100_projection_history.csv,800,clip,0.0,1e-14,0.001,2000000,800,False,2561.813424348831,0.0,0.0,0.0,0.0,0.0,0.0,0.0,0.0,23674514854.466286,23674514854.466286,0.0,0.0,0.0,0.0,0.0,0.0,0.0,0.0,0.0,0.0,0.0,0.0,0.0,0.0,0.0,0.0,0.0,2000000.0,0.0,0.0,0.0,0.0,0.0,0.0,4000000.0,0.0,0.0,0.0,0.0,0.0
integrating,0.11,0,data/integrating/VS_run_0_det_Dv0.110_projection_diag.json,data/integrating/VS_run_0_det_Dv0.110_projection_history.csv,800,clip,0.0,1e-14,0.001,2000000,800,False,2559.915731906891,0.0,0.0,0.0,0.0,0.0,0.0,0.0,0.0,23655844406.29293,23655844406.29293,0.0,0.0,0.0,0.0,0.0,0.0,0.0,0.0,0.0,0.0,0.0,0.0,0.0,0.0,0.0,0.0,0.0,2000000.0,0.0,0.0,0.0,0.0,0.0,0.0,4000000.0,0.0,0.0,0.0,0.0,0.0
integrating,0.11,1,data/integrating/VS_run_1_det_Dv0.110_projection_diag.json,data/integrating/VS_run_1_det_Dv0.110_projection_history.csv,800,clip,0.0,1e-14,0.001,2000000,800,False,2605.5846314430237,0.0,0.0,0.0,0.0,0.0,0.0,0.0,0.0,23659374689.404217,23659374689.404217,0.0,0.0,0.0,0.0,0.0,0.0,0.0,0.0,0.0,0.0,0.0,0.0,0.0,0.0,0.0,0.0,0.0,2000000.0,0.0,0.0,0.0,0.0,0.0,0.0,4000000.0,0.0,0.0,0.0,0.0,0.0
integrating,0.11,2,data/integrating/VS_run_2_det_Dv0.110_projection_diag.json,data/integrating/VS_run_2_det_Dv0.110_projection_history.csv,800,clip,0.0,1e-14,0.001,2000000,800,False,2542.992512702942,0.0,0.0,0.0,0.0,0.0,0.0,0.0,0.0,23677330360.41192,23677330360.41192,0.0,0.0,0.0,0.0,0.0,0.0,0.0,0.0,0.0,0.0,0.0,0.0,0.0,0.0,0.0,0.0,0.0,2000000.0,0.0,0.0,0.0,0.0,0.0,0.0,4000000.0,0.0,0.0,0.0,0.0,0.0
integrating,0.11,3,data/integrating/VS_run_3_det_Dv0.110_projection_diag.json,data/integrating/VS_run_3_det_Dv0.110_projection_history.csv,800,clip,0.0,1e-14,0.001,2000000,800,False,2550.6798045635223,0.0,0.0,0.0,0.0,0.0,0.0,0.0,0.0,23660064127.270454,23660064127.270454,0.0,0.0,0.0,0.0,0.0,0.0,0.0,0.0,0.0,0.0,0.0,0.0,0.0,0.0,0.0,0.0,0.0,2000000.0,0.0,0.0,0.0,0.0,0.0,0.0,4000000.0,0.0,0.0,0.0,0.0,0.0
integrating,0.11,4,data/integrating/VS_run_4_det_Dv0.110_projection_diag.json,data/integrating/VS_run_4_det_Dv0.110_projection_history.csv,800,clip,0.0,1e-14,0.001,2000000,800,False,2585.8531041145325,0.0,0.0,0.0,0.0,0.0,0.0,0.0,0.0,23666864021.47227,23666864021.47227,0.0,0.0,0.0,0.0,0.0,0.0,0.0,0.0,0.0,0.0,0.0,0.0,0.0,0.0,0.0,0.0,0.0,2000000.0,0.0,0.0,0.0,0.0,0.0,0.0,4000000.0,0.0,0.0,0.0,0.0,0.0
integrating,0.11,5,data/integrating/VS_run_5_det_Dv0.110_projection_diag.json,data/integrating/VS_run_5_det_Dv0.110_projection_history.csv,800,clip,0.0,1e-14,0.001,2000000,800,False,2540.589251756668,0.0,0.0,0.0,0.0,0.0,0.0,0.0,0.0,23655527480.916645,23655527480.916645,0.0,0.0,0.0,0.0,0.0,0.0,0.0,0.0,0.0,0.0,0.0,0.0,0.0,0.0,0.0,0.0,0.0,2000000.0,0.0,0.0,0.0,0.0,0.0,0.0,4000000.0,0.0,0.0,0.0,0.0,0.0
integrating,0.11,6,data/integrating/VS_run_6_det_Dv0.110_projection_diag.json,data/integrating/VS_run_6_det_Dv0.110_projection_history.csv,800,clip,0.0,1e-14,0.001,2000000,800,False,2614.6614875793457,0.0,0.0,0.0,0.0,0.0,0.0,0.0,0.0,23657142313.17455,23657142313.17455,0.0,0.0,0.0,0.0,0.0,0.0,0.0,0.0,0.0,0.0,0.0,0.0,0.0,0.0,0.0,0.0,0.0,2000000.0,0.0,0.0,0.0,0.0,0.0,0.0,4000000.0,0.0,0.0,0.0,0.0,0.0
integrating,0.11,7,data/integrating/VS_run_7_det_Dv0.110_projection_diag.json,data/integrating/VS_run_7_det_Dv0.110_projection_history.csv,800,clip,0.0,1e-14,0.001,2000000,800,False,2603.1023309230804,0.0,0.0,0.0,0.0,0.0,0.0,0.0,0.0,23651505993.933327,23651505993.933327,0.0,0.0,0.0,0.0,0.0,0.0,0.0,0.0,0.0,0.0,0.0,0.0,0.0,0.0,0.0,0.0,0.0,2000000.0,0.0,0.0,0.0,0.0,0.0,0.0,4000000.0,0.0,0.0,0.0,0.0,0.0
integrating,0.11,8,data/integrating/VS_run_8_det_Dv0.110_projection_diag.json,data/integrating/VS_run_8_det_Dv0.110_projection_history.csv,800,clip,0.0,1e-14,0.001,2000000,800,False,2599.4378921985626,0.0,0.0,0.0,0.0,0.0,0.0,0.0,0.0,23674514854.466286,23674514854.466286,0.0,0.0,0.0,0.0,0.0,0.0,0.0,0.0,0.0,0.0,0.0,0.0,0.0,0.0,0.0,0.0,0.0,2000000.0,0.0,0.0,0.0,0.0,0.0,0.0,4000000.0,0.0,0.0,0.0,0.0,0.0
integrating,0.11,9,data/integrating/VS_run_9_det_Dv0.110_projection_diag.json,data/integrating/VS_run_9_det_Dv0.110_projection_history.csv,800,clip,0.0,1e-14,0.001,2000000,800,False,2565.837858915329,0.0,0.0,0.0,0.0,0.0,0.0,0.0,0.0,23659088114.514904,23659088114.514904,0.0,0.0,0.0,0.0,0.0,0.0,0.0,0.0,0.0,0.0,0.0,0.0,0.0,0.0,0.0,0.0,0.0,2000000.0,0.0,0.0,0.0,0.0,0.0,0.0,4000000.0,0.0,0.0,0.0,0.0,0.0
integrating,0.12,0,data/integrating/VS_run_0_det_Dv0.120_projection_diag.json,data/integrating/VS_run_0_det_Dv0.120_projection_history.csv,800,clip,0.0,1e-14,0.001,2000000,800,False,2598.9066076278687,0.0,0.0,0.0,0.0,0.0,0.0,0.0,0.0,23659374689.404217,23659374689.404217,0.0,0.0,0.0,0.0,0.0,0.0,0.0,0.0,0.0,0.0,0.0,0.0,0.0,0.0,0.0,0.0,0.0,2000000.0,0.0,0.0,0.0,0.0,0.0,0.0,4000000.0,0.0,0.0,0.0,0.0,0.0
integrating,0.12,1,data/integrating/VS_run_1_det_Dv0.120_projection_diag.json,data/integrating/VS_run_1_det_Dv0.120_projection_history.csv,800,clip,0.0,1e-14,0.001,2000000,800,False,2616.05385017395,0.0,0.0,0.0,0.0,0.0,0.0,0.0,0.0,23677330360.41192,23677330360.41192,0.0,0.0,0.0,0.0,0.0,0.0,0.0,0.0,0.0,0.0,0.0,0.0,0.0,0.0,0.0,0.0,0.0,2000000.0,0.0,0.0,0.0,0.0,0.0,0.0,4000000.0,0.0,0.0,0.0,0.0,0.0
integrating,0.12,2,data/integrating/VS_run_2_det_Dv0.120_projection_diag.json,data/integrating/VS_run_2_det_Dv0.120_projection_history.csv,800,clip,0.0,1e-14,0.001,2000000,800,False,2525.761122226715,0.0,0.0,0.0,0.0,0.0,0.0,0.0,0.0,23660064127.270454,23660064127.270454,0.0,0.0,0.0,0.0,0.0,0.0,0.0,0.0,0.0,0.0,0.0,0.0,0.0,0.0,0.0,0.0,0.0,2000000.0,0.0,0.0,0.0,0.0,0.0,0.0,4000000.0,0.0,0.0,0.0,0.0,0.0
integrating,0.12,3,data/integrating/VS_run_3_det_Dv0.120_projection_diag.json,data/integrating/VS_run_3_det_Dv0.120_projection_history.csv,800,clip,0.0,1e-14,0.001,2000000,800,False,2551.4828910827637,0.0,0.0,0.0,0.0,0.0,0.0,0.0,0.0,23666864021.47227,23666864021.47227,0.0,0.0,0.0,0.0,0.0,0.0,0.0,0.0,0.0,0.0,0.0,0.0,0.0,0.0,0.0,0.0,0.0,2000000.0,0.0,0.0,0.0,0.0,0.0,0.0,4000000.0,0.0,0.0,0.0,0.0,0.0
integrating,0.12,4,data/integrating/VS_run_4_det_Dv0.120_projection_diag.json,data/integrating/VS_run_4_det_Dv0.120_projection_history.csv,800,clip,0.0,1e-14,0.001,2000000,800,False,2594.04763007164,0.0,0.0,0.0,0.0,0.0,0.0,0.0,0.0,23655527480.916645,23655527480.916645,0.0,0.0,0.0,0.0,0.0,0.0,0.0,0.0,0.0,0.0,0.0,0.0,0.0,0.0,0.0,0.0,0.0,2000000.0,0.0,0.0,0.0,0.0,0.0,0.0,4000000.0,0.0,0.0,0.0,0.0,0.0
integrating,0.12,5,data/integrating/VS_run_5_det_Dv0.120_projection_diag.json,data/integrating/VS_run_5_det_Dv0.120_projection_history.csv,800,clip,0.0,1e-14,0.001,2000000,800,False,2520.854752779007,0.0,0.0,0.0,0.0,0.0,0.0,0.0,0.0,23657142313.17455,23657142313.17455,0.0,0.0,0.0,0.0,0.0,0.0,0.0,0.0,0.0,0.0,0.0,0.0,0.0,0.0,0.0,0.0,0.0,2000000.0,0.0,0.0,0.0,0.0,0.0,0.0,4000000.0,0.0,0.0,0.0,0.0,0.0
integrating,0.12,6,data/integrating/VS_run_6_det_Dv0.120_projection_diag.json,data/integrating/VS_run_6_det_Dv0.120_projection_history.csv,800,clip,0.0,1e-14,0.001,2000000,800,False,2614.920793533325,0.0,0.0,0.0,0.0,0.0,0.0,0.0,0.0,23651505993.933327,23651505993.933327,0.0,0.0,0.0,0.0,0.0,0.0,0.0,0.0,0.0,0.0,0.0,0.0,0.0,0.0,0.0,0.0,0.0,2000000.0,0.0,0.0,0.0,0.0,0.0,0.0,4000000.0,0.0,0.0,0.0,0.0,0.0
integrating,0.12,7,data/integrating/VS_run_7_det_Dv0.120_projection_diag.json,data/integrating/VS_run_7_det_Dv0.120_projection_history.csv,800,clip,0.0,1e-14,0.001,2000000,800,False,2580.3563754558563,0.0,0.0,0.0,0.0,0.0,0.0,0.0,0.0,23674514854.466286,23674514854.466286,0.0,0.0,0.0,0.0,0.0,0.0,0.0,0.0,0.0,0.0,0.0,0.0,0.0,0.0,0.0,0.0,0.0,2000000.0,0.0,0.0,0.0,0.0,0.0,0.0,4000000.0,0.0,0.0,0.0,0.0,0.0
integrating,0.12,8,data/integrating/VS_run_8_det_Dv0.120_projection_diag.json,data/integrating/VS_run_8_det_Dv0.120_projection_history.csv,800,clip,0.0,1e-14,0.001,2000000,800,False,2622.1161258220673,0.0,0.0,0.0,0.0,0.0,0.0,0.0,0.0,23659088114.514904,23659088114.514904,0.0,0.0,0.0,0.0,0.0,0.0,0.0,0.0,0.0,0.0,0.0,0.0,0.0,0.0,0.0,0.0,0.0,2000000.0,0.0,0.0,0.0,0.0,0.0,0.0,4000000.0,0.0,0.0,0.0,0.0,0.0
integrating,0.12,9,data/integrating/VS_run_9_det_Dv0.120_projection_diag.json,data/integrating/VS_run_9_det_Dv0.120_projection_history.csv,800,clip,0.0,1e-14,0.001,2000000,800,False,2576.837981939316,0.0,0.0,0.0,0.0,0.0,0.0,0.0,0.0,23653874374.94165,23653874374.94165,0.0,0.0,0.0,0.0,0.0,0.0,0.0,0.0,0.0,0.0,0.0,0.0,0.0,0.0,0.0,0.0,0.0,2000000.0,0.0,0.0,0.0,0.0,0.0,0.0,4000000.0,0.0,0.0,0.0,0.0,0.0
integrating,0.13,0,data/integrating/VS_run_0_det_Dv0.130_projection_diag.json,data/integrating/VS_run_0_det_Dv0.130_projection_history.csv,800,clip,0.0,1e-14,0.001,2000000,800,False,2552.948758840561,0.0,0.0,0.0,0.0,0.0,0.0,0.0,0.0,23677330360.41192,23677330360.41192,0.0,0.0,0.0,0.0,0.0,0.0,0.0,0.0,0.0,0.0,0.0,0.0,0.0,0.0,0.0,0.0,0.0,2000000.0,0.0,0.0,0.0,0.0,0.0,0.0,4000000.0,0.0,0.0,0.0,0.0,0.0
integrating,0.13,1,data/integrating/VS_run_1_det_Dv0.130_projection_diag.json,data/integrating/VS_run_1_det_Dv0.130_projection_history.csv,800,clip,0.0,1e-14,0.001,2000000,800,False,2604.325337409973,0.0,0.0,0.0,0.0,0.0,0.0,0.0,0.0,23660064127.270454,23660064127.270454,0.0,0.0,0.0,0.0,0.0,0.0,0.0,0.0,0.0,0.0,0.0,0.0,0.0,0.0,0.0,0.0,0.0,2000000.0,0.0,0.0,0.0,0.0,0.0,0.0,4000000.0,0.0,0.0,0.0,0.0,0.0
integrating,0.13,2,data/integrating/VS_run_2_det_Dv0.130_projection_diag.json,data/integrating/VS_run_2_det_Dv0.130_projection_history.csv,800,clip,0.0,1e-14,0.001,2000000,800,False,2542.940741300583,0.0,0.0,0.0,0.0,0.0,0.0,0.0,0.0,23666864021.47227,23666864021.47227,0.0,0.0,0.0,0.0,0.0,0.0,0.0,0.0,0.0,0.0,0.0,0.0,0.0,0.0,0.0,0.0,0.0,2000000.0,0.0,0.0,0.0,0.0,0.0,0.0,4000000.0,0.0,0.0,0.0,0.0,0.0
integrating,0.13,3,data/integrating/VS_run_3_det_Dv0.130_projection_diag.json,data/integrating/VS_run_3_det_Dv0.130_projection_history.csv,800,clip,0.0,1e-14,0.001,2000000,800,False,2540.492347717285,0.0,0.0,0.0,0.0,0.0,0.0,0.0,0.0,23655527480.916645,23655527480.916645,0.0,0.0,0.0,0.0,0.0,0.0,0.0,0.0,0.0,0.0,0.0,0.0,0.0,0.0,0.0,0.0,0.0,2000000.0,0.0,0.0,0.0,0.0,0.0,0.0,4000000.0,0.0,0.0,0.0,0.0,0.0
integrating,0.13,4,data/integrating/VS_run_4_det_Dv0.130_projection_diag.json,data/integrating/VS_run_4_det_Dv0.130_projection_history.csv,800,clip,0.0,1e-14,0.001,2000000,800,False,2589.748269557953,0.0,0.0,0.0,0.0,0.0,0.0,0.0,0.0,23657142313.17455,23657142313.17455,0.0,0.0,0.0,0.0,0.0,0.0,0.0,0.0,0.0,0.0,0.0,0.0,0.0,0.0,0.0,0.0,0.0,2000000.0,0.0,0.0,0.0,0.0,0.0,0.0,4000000.0,0.0,0.0,0.0,0.0,0.0
integrating,0.13,5,data/integrating/VS_run_5_det_Dv0.130_projection_diag.json,data/integrating/VS_run_5_det_Dv0.130_projection_history.csv,800,clip,0.0,1e-14,0.001,2000000,800,False,2525.9223458766937,0.0,0.0,0.0,0.0,0.0,0.0,0.0,0.0,23651505993.933327,23651505993.933327,0.0,0.0,0.0,0.0,0.0,0.0,0.0,0.0,0.0,0.0,0.0,0.0,0.0,0.0,0.0,0.0,0.0,2000000.0,0.0,0.0,0.0,0.0,0.0,0.0,4000000.0,0.0,0.0,0.0,0.0,0.0
integrating,0.13,6,data/integrating/VS_run_6_det_Dv0.130_projection_diag.json,data/integrating/VS_run_6_det_Dv0.130_projection_history.csv,800,clip,0.0,1e-14,0.001,2000000,800,False,2612.8187713623047,0.0,0.0,0.0,0.0,0.0,0.0,0.0,0.0,23674514854.466286,23674514854.466286,0.0,0.0,0.0,0.0,0.0,0.0,0.0,0.0,0.0,0.0,0.0,0.0,0.0,0.0,0.0,0.0,0.0,2000000.0,0.0,0.0,0.0,0.0,0.0,0.0,4000000.0,0.0,0.0,0.0,0.0,0.0
integrating,0.13,7,data/integrating/VS_run_7_det_Dv0.130_projection_diag.json,data/integrating/VS_run_7_det_Dv0.130_projection_history.csv,800,clip,0.0,1e-14,0.001,2000000,800,False,2602.120666742325,0.0,0.0,0.0,0.0,0.0,0.0,0.0,0.0,23659088114.514904,23659088114.514904,0.0,0.0,0.0,0.0,0.0,0.0,0.0,0.0,0.0,0.0,0.0,0.0,0.0,0.0,0.0,0.0,0.0,2000000.0,0.0,0.0,0.0,0.0,0.0,0.0,4000000.0,0.0,0.0,0.0,0.0,0.0
integrating,0.13,8,data/integrating/VS_run_8_det_Dv0.130_projection_diag.json,data/integrating/VS_run_8_det_Dv0.130_projection_history.csv,800,clip,0.0,1e-14,0.001,2000000,800,False,2597.448513507843,0.0,0.0,0.0,0.0,0.0,0.0,0.0,0.0,23653874374.94165,23653874374.94165,0.0,0.0,0.0,0.0,0.0,0.0,0.0,0.0,0.0,0.0,0.0,0.0,0.0,0.0,0.0,0.0,0.0,2000000.0,0.0,0.0,0.0,0.0,0.0,0.0,4000000.0,0.0,0.0,0.0,0.0,0.0
integrating,0.13,9,data/integrating/VS_run_9_det_Dv0.130_projection_diag.json,data/integrating/VS_run_9_det_Dv0.130_projection_history.csv,800,clip,0.0,1e-14,0.001,2000000,800,False,2564.9972825050354,0.0,0.0,0.0,0.0,0.0,0.0,0.0,0.0,23628331092.826336,23628331092.826336,0.0,0.0,0.0,0.0,0.0,0.0,0.0,0.0,0.0,0.0,0.0,0.0,0.0,0.0,0.0,0.0,0.0,2000000.0,0.0,0.0,0.0,0.0,0.0,0.0,4000000.0,0.0,0.0,0.0,0.0,0.0
integrating,0.14,0,data/integrating/VS_run_0_det_Dv0.140_projection_diag.json,data/integrating/VS_run_0_det_Dv0.140_projection_history.csv,800,clip,0.0,1e-14,0.001,2000000,800,False,2615.601623773575,0.0,0.0,0.0,0.0,0.0,0.0,0.0,0.0,23660064127.270454,23660064127.270454,0.0,0.0,0.0,0.0,0.0,0.0,0.0,0.0,0.0,0.0,0.0,0.0,0.0,0.0,0.0,0.0,0.0,2000000.0,0.0,0.0,0.0,0.0,0.0,0.0,4000000.0,0.0,0.0,0.0,0.0,0.0
integrating,0.14,1,data/integrating/VS_run_1_det_Dv0.140_projection_diag.json,data/integrating/VS_run_1_det_Dv0.140_projection_history.csv,800,clip,0.0,1e-14,0.001,2000000,800,False,2616.099953174591,0.0,0.0,0.0,0.0,0.0,0.0,0.0,0.0,23666864021.47227,23666864021.47227,0.0,0.0,0.0,0.0,0.0,0.0,0.0,0.0,0.0,0.0,0.0,0.0,0.0,0.0,0.0,0.0,0.0,2000000.0,0.0,0.0,0.0,0.0,0.0,0.0,4000000.0,0.0,0.0,0.0,0.0,0.0
integrating,0.14,2,data/integrating/VS_run_2_det_Dv0.140_projection_diag.json,data/integrating/VS_run_2_det_Dv0.140_projection_history.csv,800,clip,0.0,1e-14,0.001,2000000,800,False,2525.7526218891144,0.0,0.0,0.0,0.0,0.0,0.0,0.0,0.0,23655527480.916645,23655527480.916645,0.0,0.0,0.0,0.0,0.0,0.0,0.0,0.0,0.0,0.0,0.0,0.0,0.0,0.0,0.0,0.0,0.0,2000000.0,0.0,0.0,0.0,0.0,0.0,0.0,4000000.0,0.0,0.0,0.0,0.0,0.0
integrating,0.14,3,data/integrating/VS_run_3_det_Dv0.140_projection_diag.json,data/integrating/VS_run_3_det_Dv0.140_projection_history.csv,800,clip,0.0,1e-14,0.001,2000000,800,False,2550.105590581894,0.0,0.0,0.0,0.0,0.0,0.0,0.0,0.0,23657142313.17455,23657142313.17455,0.0,0.0,0.0,0.0,0.0,0.0,0.0,0.0,0.0,0.0,0.0,0.0,0.0,0.0,0.0,0.0,0.0,2000000.0,0.0,0.0,0.0,0.0,0.0,0.0,4000000.0,0.0,0.0,0.0,0.0,0.0
integrating,0.14,4,data/integrating/VS_run_4_det_Dv0.140_projection_diag.json,data/integrating/VS_run_4_det_Dv0.140_projection_history.csv,800,clip,0.0,1e-14,0.001,2000000,800,False,2593.889467716217,0.0,0.0,0.0,0.0,0.0,0.0,0.0,0.0,23651505993.933327,23651505993.933327,0.0,0.0,0.0,0.0,0.0,0.0,0.0,0.0,0.0,0.0,0.0,0.0,0.0,0.0,0.0,0.0,0.0,2000000.0,0.0,0.0,0.0,0.0,0.0,0.0,4000000.0,0.0,0.0,0.0,0.0,0.0
integrating,0.14,5,data/integrating/VS_run_5_det_Dv0.140_projection_diag.json,data/integrating/VS_run_5_det_Dv0.140_projection_history.csv,800,clip,0.0,1e-14,0.001,2000000,800,False,2523.1342825889587,0.0,0.0,0.0,0.0,0.0,0.0,0.0,0.0,23674514854.466286,23674514854.466286,0.0,0.0,0.0,0.0,0.0,0.0,0.0,0.0,0.0,0.0,0.0,0.0,0.0,0.0,0.0,0.0,0.0,2000000.0,0.0,0.0,0.0,0.0,0.0,0.0,4000000.0,0.0,0.0,0.0,0.0,0.0
integrating,0.14,6,data/integrating/VS_run_6_det_Dv0.140_projection_diag.json,data/integrating/VS_run_6_det_Dv0.140_projection_history.csv,800,clip,0.0,1e-14,0.001,2000000,800,False,2556.8161811828613,0.0,0.0,0.0,0.0,0.0,0.0,0.0,0.0,23659088114.514904,23659088114.514904,0.0,0.0,0.0,0.0,0.0,0.0,0.0,0.0,0.0,0.0,0.0,0.0,0.0,0.0,0.0,0.0,0.0,2000000.0,0.0,0.0,0.0,0.0,0.0,0.0,4000000.0,0.0,0.0,0.0,0.0,0.0
integrating,0.14,7,data/integrating/VS_run_7_det_Dv0.140_projection_diag.json,data/integrating/VS_run_7_det_Dv0.140_projection_history.csv,800,clip,0.0,1e-14,0.001,2000000,800,False,2581.328604698181,0.0,0.0,0.0,0.0,0.0,0.0,0.0,0.0,23653874374.94165,23653874374.94165,0.0,0.0,0.0,0.0,0.0,0.0,0.0,0.0,0.0,0.0,0.0,0.0,0.0,0.0,0.0,0.0,0.0,2000000.0,0.0,0.0,0.0,0.0,0.0,0.0,4000000.0,0.0,0.0,0.0,0.0,0.0
integrating,0.14,8,data/integrating/VS_run_8_det_Dv0.140_projection_diag.json,data/integrating/VS_run_8_det_Dv0.140_projection_history.csv,800,clip,0.0,1e-14,0.001,2000000,800,False,2614.801851272583,0.0,0.0,0.0,0.0,0.0,0.0,0.0,0.0,23628331092.826336,23628331092.826336,0.0,0.0,0.0,0.0,0.0,0.0,0.0,0.0,0.0,0.0,0.0,0.0,0.0,0.0,0.0,0.0,0.0,2000000.0,0.0,0.0,0.0,0.0,0.0,0.0,4000000.0,0.0,0.0,0.0,0.0,0.0
integrating,0.14,9,data/integrating/VS_run_9_det_Dv0.140_projection_diag.json,data/integrating/VS_run_9_det_Dv0.140_projection_history.csv,800,clip,0.0,1e-14,0.001,2000000,800,False,2581.0836324691772,0.0,0.0,0.0,0.0,0.0,0.0,0.0,0.0,23662974571.79006,23662974571.79006,0.0,0.0,0.0,0.0,0.0,0.0,0.0,0.0,0.0,0.0,0.0,0.0,0.0,0.0,0.0,0.0,0.0,2000000.0,0.0,0.0,0.0,0.0,0.0,0.0,4000000.0,0.0,0.0,0.0,0.0,0.0
integrating,0.15000000000000002,0,data/integrating/VS_run_0_det_Dv0.150_projection_diag.json,data/integrating/VS_run_0_det_Dv0.150_projection_history.csv,800,clip,0.0,1e-14,0.001,2000000,800,False,2598.680579662323,0.0,0.0,0.0,0.0,0.0,0.0,0.0,0.0,23666864021.47227,23666864021.47227,0.0,0.0,0.0,0.0,0.0,0.0,0.0,0.0,0.0,0.0,0.0,0.0,0.0,0.0,0.0,0.0,0.0,2000000.0,0.0,0.0,0.0,0.0,0.0,0.0,4000000.0,0.0,0.0,0.0,0.0,0.0
integrating,0.15000000000000002,1,data/integrating/VS_run_1_det_Dv0.150_projection_diag.json,data/integrating/VS_run_1_det_Dv0.150_projection_history.csv,800,clip,0.0,1e-14,0.001,2000000,800,False,2595.352711200714,0.0,0.0,0.0,0.0,0.0,0.0,0.0,0.0,23655527480.916645,23655527480.916645,0.0,0.0,0.0,0.0,0.0,0.0,0.0,0.0,0.0,0.0,0.0,0.0,0.0,0.0,0.0,0.0,0.0,2000000.0,0.0,0.0,0.0,0.0,0.0,0.0,4000000.0,0.0,0.0,0.0,0.0,0.0
integrating,0.15000000000000002,2,data/integrating/VS_run_2_det_Dv0.150_projection_diag.json,data/integrating/VS_run_2_det_Dv0.150_projection_history.csv,800,clip,0.0,1e-14,0.001,2000000,800,False,2526.9032492637634,0.0,0.0,0.0,0.0,0.0,0.0,0.0,0.0,23657142313.17455,23657142313.17455,0.0,0.0,0.0,0.0,0.0,0.0,0.0,0.0,0.0,0.0,0.0,0.0,0.0,0.0,0.0,0.0,0.0,2000000.0,0.0,0.0,0.0,0.0,0.0,0.0,4000000.0,0.0,0.0,0.0,0.0,0.0
integrating,0.15000000000000002,3,data/integrating/VS_run_3_det_Dv0.150_projection_diag.json,data/integrating/VS_run_3_det_Dv0.150_projection_history.csv,800,clip,0.0,1e-14,0.001,2000000,800,False,2550.271459579468,0.0,0.0,0.0,0.0,0.0,0.0,0.0,0.0,23651505993.933327,23651505993.933327,0.0,0.0,0.0,0.0,0.0,0.0,0.0,0.0,0.0,0.0,0.0,0.0,0.0,0.0,0.0,0.0,0.0,2000000.0,0.0,0.0,0.0,0.0,0.0,0.0,4000000.0,0.0,0.0,0.0,0.0,0.0
integrating,0.15000000000000002,4,data/integrating/VS_run_4_det_Dv0.150_projection_diag.json,data/integrating/VS_run_4_det_Dv0.150_projection_history.csv,800,clip,0.0,1e-14,0.001,2000000,800,False,2586.964120864868,0.0,0.0,0.0,0.0,0.0,0.0,0.0,0.0,23674514854.466286,23674514854.466286,0.0,0.0,0.0,0.0,0.0,0.0,0.0,0.0,0.0,0.0,0.0,0.0,0.0,0.0,0.0,0.0,0.0,2000000.0,0.0,0.0,0.0,0.0,0.0,0.0,4000000.0,0.0,0.0,0.0,0.0,0.0
integrating,0.15000000000000002,5,data/integrating/VS_run_5_det_Dv0.150_projection_diag.json,data/integrating/VS_run_5_det_Dv0.150_projection_history.csv,800,clip,0.0,1e-14,0.001,2000000,800,False,2539.450001001358,0.0,0.0,0.0,0.0,0.0,0.0,0.0,0.0,23659088114.514904,23659088114.514904,0.0,0.0,0.0,0.0,0.0,0.0,0.0,0.0,0.0,0.0,0.0,0.0,0.0,0.0,0.0,0.0,0.0,2000000.0,0.0,0.0,0.0,0.0,0.0,0.0,4000000.0,0.0,0.0,0.0,0.0,0.0
integrating,0.15000000000000002,6,data/integrating/VS_run_6_det_Dv0.150_projection_diag.json,data/integrating/VS_run_6_det_Dv0.150_projection_history.csv,800,clip,0.0,1e-14,0.001,2000000,800,False,2612.3654339313507,0.0,0.0,0.0,0.0,0.0,0.0,0.0,0.0,23653874374.94165,23653874374.94165,0.0,0.0,0.0,0.0,0.0,0.0,0.0,0.0,0.0,0.0,0.0,0.0,0.0,0.0,0.0,0.0,0.0,2000000.0,0.0,0.0,0.0,0.0,0.0,0.0,4000000.0,0.0,0.0,0.0,0.0,0.0
integrating,0.15000000000000002,7,data/integrating/VS_run_7_det_Dv0.150_projection_diag.json,data/integrating/VS_run_7_det_Dv0.150_projection_history.csv,800,clip,0.0,1e-14,0.001,2000000,800,False,2577.096989631653,0.0,0.0,0.0,0.0,0.0,0.0,0.0,0.0,23628331092.826336,23628331092.826336,0.0,0.0,0.0,0.0,0.0,0.0,0.0,0.0,0.0,0.0,0.0,0.0,0.0,0.0,0.0,0.0,0.0,2000000.0,0.0,0.0,0.0,0.0,0.0,0.0,4000000.0,0.0,0.0,0.0,0.0,0.0
integrating,0.15000000000000002,8,data/integrating/VS_run_8_det_Dv0.150_projection_diag.json,data/integrating/VS_run_8_det_Dv0.150_projection_history.csv,800,clip,0.0,1e-14,0.001,2000000,800,False,2614.942106962204,0.0,0.0,0.0,0.0,0.0,0.0,0.0,0.0,23662974571.79006,23662974571.79006,0.0,0.0,0.0,0.0,0.0,0.0,0.0,0.0,0.0,0.0,0.0,0.0,0.0,0.0,0.0,0.0,0.0,2000000.0,0.0,0.0,0.0,0.0,0.0,0.0,4000000.0,0.0,0.0,0.0,0.0,0.0
integrating,0.15000000000000002,9,data/integrating/VS_run_9_det_Dv0.150_projection_diag.json,data/integrating/VS_run_9_det_Dv0.150_projection_history.csv,800,clip,0.0,1e-14,0.001,2000000,800,False,2575.956862926483,0.0,0.0,0.0,0.0,0.0,0.0,0.0,0.0,23685934874.806725,23685934874.806725,0.0,0.0,0.0,0.0,0.0,0.0,0.0,0.0,0.0,0.0,0.0,0.0,0.0,0.0,0.0,0.0,0.0,2000000.0,0.0,0.0,0.0,0.0,0.0,0.0,4000000.0,0.0,0.0,0.0,0.0,0.0
integrating,0.16,0,data/integrating/VS_run_0_det_Dv0.160_projection_diag.json,data/integrating/VS_run_0_det_Dv0.160_projection_history.csv,800,clip,0.0,1e-14,0.001,2000000,800,False,2576.5396494865417,0.0,0.0,0.0,0.0,0.0,0.0,0.0,0.0,23655527480.916645,23655527480.916645,0.0,0.0,0.0,0.0,0.0,0.0,0.0,0.0,0.0,0.0,0.0,0.0,0.0,0.0,0.0,0.0,0.0,2000000.0,0.0,0.0,0.0,0.0,0.0,0.0,4000000.0,0.0,0.0,0.0,0.0,0.0
integrating,0.16,1,data/integrating/VS_run_1_det_Dv0.160_projection_diag.json,data/integrating/VS_run_1_det_Dv0.160_projection_history.csv,800,clip,0.0,1e-14,0.001,2000000,800,False,2615.881645679474,0.0,0.0,0.0,0.0,0.0,0.0,0.0,0.0,23657142313.17455,23657142313.17455,0.0,0.0,0.0,0.0,0.0,0.0,0.0,0.0,0.0,0.0,0.0,0.0,0.0,0.0,0.0,0.0,0.0,2000000.0,0.0,0.0,0.0,0.0,0.0,0.0,4000000.0,0.0,0.0,0.0,0.0,0.0
integrating,0.16,2,data/integrating/VS_run_2_det_Dv0.160_projection_diag.json,data/integrating/VS_run_2_det_Dv0.160_projection_history.csv,800,clip,0.0,1e-14,0.001,2000000,800,False,2525.817714691162,0.0,0.0,0.0,0.0,0.0,0.0,0.0,0.0,23651505993.933327,23651505993.933327,0.0,0.0,0.0,0.0,0.0,0.0,0.0,0.0,0.0,0.0,0.0,0.0,0.0,0.0,0.0,0.0,0.0,2000000.0,0.0,0.0,0.0,0.0,0.0,0.0,4000000.0,0.0,0.0,0.0,0.0,0.0
integrating,0.16,3,data/integrating/VS_run_3_det_Dv0.160_projection_diag.json,data/integrating/VS_run_3_det_Dv0.160_projection_history.csv,800,clip,0.0,1e-14,0.001,2000000,800,False,2544.543121576309,0.0,0.0,0.0,0.0,0.0,0.0,0.0,0.0,23674514854.466286,23674514854.466286,0.0,0.0,0.0,0.0,0.0,0.0,0.0,0.0,0.0,0.0,0.0,0.0,0.0,0.0,0.0,0.0,0.0,2000000.0,0.0,0.0,0.0,0.0,0.0,0.0,4000000.0,0.0,0.0,0.0,0.0,0.0
integrating,0.16,4,data/integrating/VS_run_4_det_Dv0.160_projection_diag.json,data/integrating/VS_run_4_det_Dv0.160_projection_history.csv,800,clip,0.0,1e-14,0.001,2000000,800,False,2586.7147023677826,0.0,0.0,0.0,0.0,0.0,0.0,0.0,0.0,23659088114.514904,23659088114.514904,0.0,0.0,0.0,0.0,0.0,0.0,0.0,0.0,0.0,0.0,0.0,0.0,0.0,0.0,0.0,0.0,0.0,2000000.0,0.0,0.0,0.0,0.0,0.0,0.0,4000000.0,0.0,0.0,0.0,0.0,0.0
integrating,0.16,5,data/integrating/VS_run_5_det_Dv0.160_projection_diag.json,data/integrating/VS_run_5_det_Dv0.160_projection_history.csv,800,clip,0.0,1e-14,0.001,2000000,800,False,2526.2653682231903,0.0,0.0,0.0,0.0,0.0,0.0,0.0,0.0,23653874374.94165,23653874374.94165,0.0,0.0,0.0,0.0,0.0,0.0,0.0,0.0,0.0,0.0,0.0,0.0,0.0,0.0,0.0,0.0,0.0,2000000.0,0.0,0.0,0.0,0.0,0.0,0.0,4000000.0,0.0,0.0,0.0,0.0,0.0
integrating,0.16,6,data/integrating/VS_run_6_det_Dv0.160_projection_diag.json,data/integrating/VS_run_6_det_Dv0.160_projection_history.csv,800,clip,0.0,1e-14,0.001,2000000,800,False,2593.5087461471558,0.0,0.0,0.0,0.0,0.0,0.0,0.0,0.0,23628331092.826336,23628331092.826336,0.0,0.0,0.0,0.0,0.0,0.0,0.0,0.0,0.0,0.0,0.0,0.0,0.0,0.0,0.0,0.0,0.0,2000000.0,0.0,0.0,0.0,0.0,0.0,0.0,4000000.0,0.0,0.0,0.0,0.0,0.0
integrating,0.16,7,data/integrating/VS_run_7_det_Dv0.160_projection_diag.json,data/integrating/VS_run_7_det_Dv0.160_projection_history.csv,800,clip,0.0,1e-14,0.001,2000000,800,False,2603.1186034679413,0.0,0.0,0.0,0.0,0.0,0.0,0.0,0.0,23662974571.79006,23662974571.79006,0.0,0.0,0.0,0.0,0.0,0.0,0.0,0.0,0.0,0.0,0.0,0.0,0.0,0.0,0.0,0.0,0.0,2000000.0,0.0,0.0,0.0,0.0,0.0,0.0,4000000.0,0.0,0.0,0.0,0.0,0.0
integrating,0.16,8,data/integrating/VS_run_8_det_Dv0.160_projection_diag.json,data/integrating/VS_run_8_det_Dv0.160_projection_history.csv,800,clip,0.0,1e-14,0.001,2000000,800,False,2645.6416161060333,0.0,0.0,0.0,0.0,0.0,0.0,0.0,0.0,23685934874.806725,23685934874.806725,0.0,0.0,0.0,0.0,0.0,0.0,0.0,0.0,0.0,0.0,0.0,0.0,0.0,0.0,0.0,0.0,0.0,2000000.0,0.0,0.0,0.0,0.0,0.0,0.0,4000000.0,0.0,0.0,0.0,0.0,0.0
integrating,0.16,9,data/integrating/VS_run_9_det_Dv0.160_projection_diag.json,data/integrating/VS_run_9_det_Dv0.160_projection_history.csv,800,clip,0.0,1e-14,0.001,2000000,800,False,2572.6799445152283,0.0,0.0,0.0,0.0,0.0,0.0,0.0,0.0,23646861908.130013,23646861908.130013,0.0,0.0,0.0,0.0,0.0,0.0,0.0,0.0,0.0,0.0,0.0,0.0,0.0,0.0,0.0,0.0,0.0,2000000.0,0.0,0.0,0.0,0.0,0.0,0.0,4000000.0,0.0,0.0,0.0,0.0,0.0
integrating,0.17,0,data/integrating/VS_run_0_det_Dv0.170_projection_diag.json,data/integrating/VS_run_0_det_Dv0.170_projection_history.csv,800,clip,0.0,1e-14,0.001,2000000,800,False,2112.009453058243,0.0,0.0,0.0,0.0,0.0,0.0,0.0,0.0,23657142313.17455,23657142313.17455,0.0,0.0,0.0,0.0,0.0,0.0,0.0,0.0,0.0,0.0,0.0,0.0,0.0,0.0,0.0,0.0,0.0,2000000.0,0.0,0.0,0.0,0.0,0.0,0.0,4000000.0,0.0,0.0,0.0,0.0,0.0
integrating,0.17,1,data/integrating/VS_run_1_det_Dv0.170_projection_diag.json,data/integrating/VS_run_1_det_Dv0.170_projection_history.csv,800,clip,0.0,1e-14,0.001,2000000,800,False,2157.758951187134,0.0,0.0,0.0,0.0,0.0,0.0,0.0,0.0,23651505993.933327,23651505993.933327,0.0,0.0,0.0,0.0,0.0,0.0,0.0,0.0,0.0,0.0,0.0,0.0,0.0,0.0,0.0,0.0,0.0,2000000.0,0.0,0.0,0.0,0.0,0.0,0.0,4000000.0,0.0,0.0,0.0,0.0,0.0
integrating,0.17,2,data/integrating/VS_run_2_det_Dv0.170_projection_diag.json,data/integrating/VS_run_2_det_Dv0.170_projection_history.csv,800,clip,0.0,1e-14,0.001,2000000,800,False,2143.0742247104645,0.0,0.0,0.0,0.0,0.0,0.0,0.0,0.0,23674514854.466286,23674514854.466286,0.0,0.0,0.0,0.0,0.0,0.0,0.0,0.0,0.0,0.0,0.0,0.0,0.0,0.0,0.0,0.0,0.0,2000000.0,0.0,0.0,0.0,0.0,0.0,0.0,4000000.0,0.0,0.0,0.0,0.0,0.0
integrating,0.17,3,data/integrating/VS_run_3_det_Dv0.170_projection_diag.json,data/integrating/VS_run_3_det_Dv0.170_projection_history.csv,800,clip,0.0,1e-14,0.001,2000000,800,False,2126.978517770767,0.0,0.0,0.0,0.0,0.0,0.0,0.0,0.0,23659088114.514904,23659088114.514904,0.0,0.0,0.0,0.0,0.0,0.0,0.0,0.0,0.0,0.0,0.0,0.0,0.0,0.0,0.0,0.0,0.0,2000000.0,0.0,0.0,0.0,0.0,0.0,0.0,4000000.0,0.0,0.0,0.0,0.0,0.0
integrating,0.17,4,data/integrating/VS_run_4_det_Dv0.170_projection_diag.json,data/integrating/VS_run_4_det_Dv0.170_projection_history.csv,800,clip,0.0,1e-14,0.001,2000000,800,False,2132.4477055072784,0.0,0.0,0.0,0.0,0.0,0.0,0.0,0.0,23653874374.94165,23653874374.94165,0.0,0.0,0.0,0.0,0.0,0.0,0.0,0.0,0.0,0.0,0.0,0.0,0.0,0.0,0.0,0.0,0.0,2000000.0,0.0,0.0,0.0,0.0,0.0,0.0,4000000.0,0.0,0.0,0.0,0.0,0.0
integrating,0.17,5,data/integrating/VS_run_5_det_Dv0.170_projection_diag.json,data/integrating/VS_run_5_det_Dv0.170_projection_history.csv,800,clip,0.0,1e-14,0.001,2000000,800,False,2115.31787276268,0.0,0.0,0.0,0.0,0.0,0.0,0.0,0.0,23628331092.826336,23628331092.826336,0.0,0.0,0.0,0.0,0.0,0.0,0.0,0.0,0.0,0.0,0.0,0.0,0.0,0.0,0.0,0.0,0.0,2000000.0,0.0,0.0,0.0,0.0,0.0,0.0,4000000.0,0.0,0.0,0.0,0.0,0.0
integrating,0.17,6,data/integrating/VS_run_6_det_Dv0.170_projection_diag.json,data/integrating/VS_run_6_det_Dv0.170_projection_history.csv,800,clip,0.0,1e-14,0.001,2000000,800,False,2129.8742384910583,0.0,0.0,0.0,0.0,0.0,0.0,0.0,0.0,23662974571.79006,23662974571.79006,0.0,0.0,0.0,0.0,0.0,0.0,0.0,0.0,0.0,0.0,0.0,0.0,0.0,0.0,0.0,0.0,0.0,2000000.0,0.0,0.0,0.0,0.0,0.0,0.0,4000000.0,0.0,0.0,0.0,0.0,0.0
integrating,0.17,7,data/integrating/VS_run_7_det_Dv0.170_projection_diag.json,data/integrating/VS_run_7_det_Dv0.170_projection_history.csv,800,clip,0.0,1e-14,0.001,2000000,800,False,2174.906265974045,0.0,0.0,0.0,0.0,0.0,0.0,0.0,0.0,23685934874.806725,23685934874.806725,0.0,0.0,0.0,0.0,0.0,0.0,0.0,0.0,0.0,0.0,0.0,0.0,0.0,0.0,0.0,0.0,0.0,2000000.0,0.0,0.0,0.0,0.0,0.0,0.0,4000000.0,0.0,0.0,0.0,0.0,0.0
integrating,0.17,8,data/integrating/VS_run_8_det_Dv0.170_projection_diag.json,data/integrating/VS_run_8_det_Dv0.170_projection_history.csv,800,clip,0.0,1e-14,0.001,2000000,800,False,2137.4799382686615,0.0,0.0,0.0,0.0,0.0,0.0,0.0,0.0,23646861908.130013,23646861908.130013,0.0,0.0,0.0,0.0,0.0,0.0,0.0,0.0,0.0,0.0,0.0,0.0,0.0,0.0,0.0,0.0,0.0,2000000.0,0.0,0.0,0.0,0.0,0.0,0.0,4000000.0,0.0,0.0,0.0,0.0,0.0
integrating,0.17,9,data/integrating/VS_run_9_det_Dv0.170_projection_diag.json,data/integrating/VS_run_9_det_Dv0.170_projection_history.csv,800,clip,0.0,1e-14,0.001,2000000,800,False,2125.494769334793,0.0,0.0,0.0,0.0,0.0,0.0,0.0,0.0,23621012608.657906,23621012608.657906,0.0,0.0,0.0,0.0,0.0,0.0,0.0,0.0,0.0,0.0,0.0,0.0,0.0,0.0,0.0,0.0,0.0,2000000.0,0.0,0.0,0.0,0.0,0.0,0.0,4000000.0,0.0,0.0,0.0,0.0,0.0
integrating,0.18000000000000002,0,data/integrating/VS_run_0_det_Dv0.180_projection_diag.json,data/integrating/VS_run_0_det_Dv0.180_projection_history.csv,800,clip,0.0,1e-14,0.001,2000000,800,False,2105.903319835663,0.0,0.0,0.0,0.0,0.0,0.0,0.0,0.0,23651505993.933327,23651505993.933327,0.0,0.0,0.0,0.0,0.0,0.0,0.0,0.0,0.0,0.0,0.0,0.0,0.0,0.0,0.0,0.0,0.0,2000000.0,0.0,0.0,0.0,0.0,0.0,0.0,4000000.0,0.0,0.0,0.0,0.0,0.0
integrating,0.18000000000000002,1,data/integrating/VS_run_1_det_Dv0.180_projection_diag.json,data/integrating/VS_run_1_det_Dv0.180_projection_history.csv,800,clip,0.0,1e-14,0.001,2000000,800,False,2151.2544536590576,0.0,0.0,0.0,0.0,0.0,0.0,0.0,0.0,23674514854.466286,23674514854.466286,0.0,0.0,0.0,0.0,0.0,0.0,0.0,0.0,0.0,0.0,0.0,0.0,0.0,0.0,0.0,0.0,0.0,2000000.0,0.0,0.0,0.0,0.0,0.0,0.0,4000000.0,0.0,0.0,0.0,0.0,0.0
integrating,0.18000000000000002,2,data/integrating/VS_run_2_det_Dv0.180_projection_diag.json,data/integrating/VS_run_2_det_Dv0.180_projection_history.csv,800,clip,0.0,1e-14,0.001,2000000,800,False,2141.1372611522675,0.0,0.0,0.0,0.0,0.0,0.0,0.0,0.0,23659088114.514904,23659088114.514904,0.0,0.0,0.0,0.0,0.0,0.0,0.0,0.0,0.0,0.0,0.0,0.0,0.0,0.0,0.0,0.0,0.0,2000000.0,0.0,0.0,0.0,0.0,0.0,0.0,4000000.0,0.0,0.0,0.0,0.0,0.0
integrating,0.18000000000000002,3,data/integrating/VS_run_3_det_Dv0.180_projection_diag.json,data/integrating/VS_run_3_det_Dv0.180_projection_history.csv,800,clip,0.0,1e-14,0.001,2000000,800,False,2126.6134672164917,0.0,0.0,0.0,0.0,0.0,0.0,0.0,0.0,23653874374.94165,23653874374.94165,0.0,0.0,0.0,0.0,0.0,0.0,0.0,0.0,0.0,0.0,0.0,0.0,0.0,0.0,0.0,0.0,0.0,2000000.0,0.0,0.0,0.0,0.0,0.0,0.0,4000000.0,0.0,0.0,0.0,0.0,0.0
integrating,0.18000000000000002,4,data/integrating/VS_run_4_det_Dv0.180_projection_diag.json,data/integrating/VS_run_4_det_Dv0.180_projection_history.csv,800,clip,0.0,1e-14,0.001,2000000,800,False,2134.072855949402,0.0,0.0,0.0,0.0,0.0,0.0,0.0,0.0,23628331092.826336,23628331092.826336,0.0,0.0,0.0,0.0,0.0,0.0,0.0,0.0,0.0,0.0,0.0,0.0,0.0,0.0,0.0,0.0,0.0,2000000.0,0.0,0.0,0.0,0.0,0.0,0.0,4000000.0,0.0,0.0,0.0,0.0,0.0
integrating,0.18000000000000002,5,data/integrating/VS_run_5_det_Dv0.180_projection_diag.json,data/integrating/VS_run_5_det_Dv0.180_projection_history.csv,800,clip,0.0,1e-14,0.001,2000000,800,False,2121.7359018325806,0.0,0.0,0.0,0.0,0.0,0.0,0.0,0.0,23662974571.79006,23662974571.79006,0.0,0.0,0.0,0.0,0.0,0.0,0.0,0.0,0.0,0.0,0.0,0.0,0.0,0.0,0.0,0.0,0.0,2000000.0,0.0,0.0,0.0,0.0,0.0,0.0,4000000.0,0.0,0.0,0.0,0.0,0.0
integrating,0.18000000000000002,6,data/integrating/VS_run_6_det_Dv0.180_projection_diag.json,data/integrating/VS_run_6_det_Dv0.180_projection_history.csv,800,clip,0.0,1e-14,0.001,2000000,800,False,2127.824118375778,0.0,0.0,0.0,0.0,0.0,0.0,0.0,0.0,23685934874.806725,23685934874.806725,0.0,0.0,0.0,0.0,0.0,0.0,0.0,0.0,0.0,0.0,0.0,0.0,0.0,0.0,0.0,0.0,0.0,2000000.0,0.0,0.0,0.0,0.0,0.0,0.0,4000000.0,0.0,0.0,0.0,0.0,0.0
integrating,0.18000000000000002,7,data/integrating/VS_run_7_det_Dv0.180_projection_diag.json,data/integrating/VS_run_7_det_Dv0.180_projection_history.csv,800,clip,0.0,1e-14,0.001,2000000,800,False,2172.4093668460846,0.0,0.0,0.0,0.0,0.0,0.0,0.0,0.0,23646861908.130013,23646861908.130013,0.0,0.0,0.0,0.0,0.0,0.0,0.0,0.0,0.0,0.0,0.0,0.0,0.0,0.0,0.0,0.0,0.0,2000000.0,0.0,0.0,0.0,0.0,0.0,0.0,4000000.0,0.0,0.0,0.0,0.0,0.0
integrating,0.18000000000000002,8,data/integrating/VS_run_8_det_Dv0.180_projection_diag.json,data/integrating/VS_run_8_det_Dv0.180_projection_history.csv,800,clip,0.0,1e-14,0.001,2000000,800,False,2140.24151968956,0.0,0.0,0.0,0.0,0.0,0.0,0.0,0.0,23621012608.657906,23621012608.657906,0.0,0.0,0.0,0.0,0.0,0.0,0.0,0.0,0.0,0.0,0.0,0.0,0.0,0.0,0.0,0.0,0.0,2000000.0,0.0,0.0,0.0,0.0,0.0,0.0,4000000.0,0.0,0.0,0.0,0.0,0.0
integrating,0.18000000000000002,9,data/integrating/VS_run_9_det_Dv0.180_projection_diag.json,data/integrating/VS_run_9_det_Dv0.180_projection_history.csv,800,clip,0.0,1e-14,0.001,2000000,800,False,2144.3998034000397,0.0,0.0,0.0,0.0,0.0,0.0,0.0,0.0,23675971572.84135,23675971572.84135,0.0,0.0,0.0,0.0,0.0,0.0,0.0,0.0,0.0,0.0,0.0,0.0,0.0,0.0,0.0,0.0,0.0,2000000.0,0.0,0.0,0.0,0.0,0.0,0.0,4000000.0,0.0,0.0,0.0,0.0,0.0
integrating,0.19,0,data/integrating/VS_run_0_det_Dv0.190_projection_diag.json,data/integrating/VS_run_0_det_Dv0.190_projection_history.csv,800,clip,0.0,1e-14,0.001,2000000,800,False,2112.785170316696,0.0,0.0,0.0,0.0,0.0,0.0,0.0,0.0,23674514854.466286,23674514854.466286,0.0,0.0,0.0,0.0,0.0,0.0,0.0,0.0,0.0,0.0,0.0,0.0,0.0,0.0,0.0,0.0,0.0,2000000.0,0.0,0.0,0.0,0.0,0.0,0.0,4000000.0,0.0,0.0,0.0,0.0,0.0
integrating,0.19,1,data/integrating/VS_run_1_det_Dv0.190_projection_diag.json,data/integrating/VS_run_1_det_Dv0.190_projection_history.csv,800,clip,0.0,1e-14,0.001,2000000,800,False,2151.1303033828735,0.0,0.0,0.0,0.0,0.0,0.0,0.0,0.0,23659088114.514904,23659088114.514904,0.0,0.0,0.0,0.0,0.0,0.0,0.0,0.0,0.0,0.0,0.0,0.0,0.0,0.0,0.0,0.0,0.0,2000000.0,0.0,0.0,0.0,0.0,0.0,0.0,4000000.0,0.0,0.0,0.0,0.0,0.0
integrating,0.19,2,data/integrating/VS_run_2_det_Dv0.190_projection_diag.json,data/integrating/VS_run_2_det_Dv0.190_projection_history.csv,800,clip,0.0,1e-14,0.001,2000000,800,False,2142.911162376404,0.0,0.0,0.0,0.0,0.0,0.0,0.0,0.0,23653874374.94165,23653874374.94165,0.0,0.0,0.0,0.0,0.0,0.0,0.0,0.0,0.0,0.0,0.0,0.0,0.0,0.0,0.0,0.0,0.0,2000000.0,0.0,0.0,0.0,0.0,0.0,0.0,4000000.0,0.0,0.0,0.0,0.0,0.0
integrating,0.19,3,data/integrating/VS_run_3_det_Dv0.190_projection_diag.json,data/integrating/VS_run_3_det_Dv0.190_projection_history.csv,800,clip,0.0,1e-14,0.001,2000000,800,False,2125.47545337677,0.0,0.0,0.0,0.0,0.0,0.0,0.0,0.0,23628331092.826336,23628331092.826336,0.0,0.0,0.0,0.0,0.0,0.0,0.0,0.0,0.0,0.0,0.0,0.0,0.0,0.0,0.0,0.0,0.0,2000000.0,0.0,0.0,0.0,0.0,0.0,0.0,4000000.0,0.0,0.0,0.0,0.0,0.0
integrating,0.19,4,data/integrating/VS_run_4_det_Dv0.190_projection_diag.json,data/integrating/VS_run_4_det_Dv0.190_projection_history.csv,800,clip,0.0,1e-14,0.001,2000000,800,False,2137.20046377182,0.0,0.0,0.0,0.0,0.0,0.0,0.0,0.0,23662974571.79006,23662974571.79006,0.0,0.0,0.0,0.0,0.0,0.0,0.0,0.0,0.0,0.0,0.0,0.0,0.0,0.0,0.0,0.0,0.0,2000000.0,0.0,0.0,0.0,0.0,0.0,0.0,4000000.0,0.0,0.0,0.0,0.0,0.0
integrating,0.19,5,data/integrating/VS_run_5_det_Dv0.190_projection_diag.json,data/integrating/VS_run_5_det_Dv0.190_projection_history.csv,800,clip,0.0,1e-14,0.001,2000000,800,False,2124.663791656494,0.0,0.0,0.0,0.0,0.0,0.0,0.0,0.0,23685934874.806725,23685934874.806725,0.0,0.0,0.0,0.0,0.0,0.0,0.0,0.0,0.0,0.0,0.0,0.0,0.0,0.0,0.0,0.0,0.0,2000000.0,0.0,0.0,0.0,0.0,0.0,0.0,4000000.0,0.0,0.0,0.0,0.0,0.0
integrating,0.19,6,data/integrating/VS_run_6_det_Dv0.190_projection_diag.json,data/integrating/VS_run_6_det_Dv0.190_projection_history.csv,800,clip,0.0,1e-14,0.001,2000000,800,False,2129.073604822159,0.0,0.0,0.0,0.0,0.0,0.0,0.0,0.0,23646861908.130013,23646861908.130013,0.0,0.0,0.0,0.0,0.0,0.0,0.0,0.0,0.0,0.0,0.0,0.0,0.0,0.0,0.0,0.0,0.0,2000000.0,0.0,0.0,0.0,0.0,0.0,0.0,4000000.0,0.0,0.0,0.0,0.0,0.0
integrating,0.19,7,data/integrating/VS_run_7_det_Dv0.190_projection_diag.json,data/integrating/VS_run_7_det_Dv0.190_projection_history.csv,800,clip,0.0,1e-14,0.001,2000000,800,False,2173.2748823165894,0.0,0.0,0.0,0.0,0.0,0.0,0.0,0.0,23621012608.657906,23621012608.657906,0.0,0.0,0.0,0.0,0.0,0.0,0.0,0.0,0.0,0.0,0.0,0.0,0.0,0.0,0.0,0.0,0.0,2000000.0,0.0,0.0,0.0,0.0,0.0,0.0,4000000.0,0.0,0.0,0.0,0.0,0.0
integrating,0.19,8,data/integrating/VS_run_8_det_Dv0.190_projection_diag.json,data/integrating/VS_run_8_det_Dv0.190_projection_history.csv,800,clip,0.0,1e-14,0.001,2000000,800,False,2140.6288652420044,0.0,0.0,0.0,0.0,0.0,0.0,0.0,0.0,23675971572.84135,23675971572.84135,0.0,0.0,0.0,0.0,0.0,0.0,0.0,0.0,0.0,0.0,0.0,0.0,0.0,0.0,0.0,0.0,0.0,2000000.0,0.0,0.0,0.0,0.0,0.0,0.0,4000000.0,0.0,0.0,0.0,0.0,0.0
integrating,0.19,9,data/integrating/VS_run_9_det_Dv0.190_projection_diag.json,data/integrating/VS_run_9_det_Dv0.190_projection_history.csv,800,clip,0.0,1e-14,0.001,2000000,800,False,2128.353880882263,0.0,0.0,0.0,0.0,0.0,0.0,0.0,0.0,23664643295.321182,23664643295.321182,0.0,0.0,0.0,0.0,0.0,0.0,0.0,0.0,0.0,0.0,0.0,0.0,0.0,0.0,0.0,0.0,0.0,2000000.0,0.0,0.0,0.0,0.0,0.0,0.0,4000000.0,0.0,0.0,0.0,0.0,0.0
integrating,0.2,0,data/integrating/VS_run_0_det_Dv0.200_projection_diag.json,data/integrating/VS_run_0_det_Dv0.200_projection_history.csv,800,clip,0.0,1e-14,0.001,2000000,800,False,2108.739230155945,0.0,0.0,0.0,0.0,0.0,0.0,0.0,0.0,23659088114.514904,23659088114.514904,0.0,0.0,0.0,0.0,0.0,0.0,0.0,0.0,0.0,0.0,0.0,0.0,0.0,0.0,0.0,0.0,0.0,2000000.0,0.0,0.0,0.0,0.0,0.0,0.0,4000000.0,0.0,0.0,0.0,0.0,0.0
integrating,0.2,1,data/integrating/VS_run_1_det_Dv0.200_projection_diag.json,data/integrating/VS_run_1_det_Dv0.200_projection_history.csv,800,clip,0.0,1e-14,0.001,2000000,800,False,2155.253142595291,0.0,0.0,0.0,0.0,0.0,0.0,0.0,0.0,23653874374.94165,23653874374.94165,0.0,0.0,0.0,0.0,0.0,0.0,0.0,0.0,0.0,0.0,0.0,0.0,0.0,0.0,0.0,0.0,0.0,2000000.0,0.0,0.0,0.0,0.0,0.0,0.0,4000000.0,0.0,0.0,0.0,0.0,0.0
integrating,0.2,2,data/integrating/VS_run_2_det_Dv0.200_projection_diag.json,data/integrating/VS_run_2_det_Dv0.200_projection_history.csv,800,clip,0.0,1e-14,0.001,2000000,800,False,2141.1900997161865,0.0,0.0,0.0,0.0,0.0,0.0,0.0,0.0,23628331092.826336,23628331092.826336,0.0,0.0,0.0,0.0,0.0,0.0,0.0,0.0,0.0,0.0,0.0,0.0,0.0,0.0,0.0,0.0,0.0,2000000.0,0.0,0.0,0.0,0.0,0.0,0.0,4000000.0,0.0,0.0,0.0,0.0,0.0
integrating,0.2,3,data/integrating/VS_run_3_det_Dv0.200_projection_diag.json,data/integrating/VS_run_3_det_Dv0.200_projection_history.csv,800,clip,0.0,1e-14,0.001,2000000,800,False,2126.9944908618927,0.0,0.0,0.0,0.0,0.0,0.0,0.0,0.0,23662974571.79006,23662974571.79006,0.0,0.0,0.0,0.0,0.0,0.0,0.0,0.0,0.0,0.0,0.0,0.0,0.0,0.0,0.0,0.0,0.0,2000000.0,0.0,0.0,0.0,0.0,0.0,0.0,4000000.0,0.0,0.0,0.0,0.0,0.0
integrating,0.2,4,data/integrating/VS_run_4_det_Dv0.200_projection_diag.json,data/integrating/VS_run_4_det_Dv0.200_projection_history.csv,800,clip,0.0,1e-14,0.001,2000000,800,False,2131.5288758277893,0.0,0.0,0.0,0.0,0.0,0.0,0.0,0.0,23685934874.806725,23685934874.806725,0.0,0.0,0.0,0.0,0.0,0.0,0.0,0.0,0.0,0.0,0.0,0.0,0.0,0.0,0.0,0.0,0.0,2000000.0,0.0,0.0,0.0,0.0,0.0,0.0,4000000.0,0.0,0.0,0.0,0.0,0.0
integrating,0.2,5,data/integrating/VS_run_5_det_Dv0.200_projection_diag.json,data/integrating/VS_run_5_det_Dv0.200_projection_history.csv,800,clip,0.0,1e-14,0.001,2000000,800,False,2113.002855539322,0.0,0.0,0.0,0.0,0.0,0.0,0.0,0.0,23646861908.130013,23646861908.130013,0.0,0.0,0.0,0.0,0.0,0.0,0.0,0.0,0.0,0.0,0.0,0.0,0.0,0.0,0.0,0.0,0.0,2000000.0,0.0,0.0,0.0,0.0,0.0,0.0,4000000.0,0.0,0.0,0.0,0.0,0.0
integrating,0.2,6,data/integrating/VS_run_6_det_Dv0.200_projection_diag.json,data/integrating/VS_run_6_det_Dv0.200_projection_history.csv,800,clip,0.0,1e-14,0.001,2000000,800,False,2134.201833963394,0.0,0.0,0.0,0.0,0.0,0.0,0.0,0.0,23621012608.657906,23621012608.657906,0.0,0.0,0.0,0.0,0.0,0.0,0.0,0.0,0.0,0.0,0.0,0.0,0.0,0.0,0.0,0.0,0.0,2000000.0,0.0,0.0,0.0,0.0,0.0,0.0,4000000.0,0.0,0.0,0.0,0.0,0.0
integrating,0.2,7,data/integrating/VS_run_7_det_Dv0.200_projection_diag.json,data/integrating/VS_run_7_det_Dv0.200_projection_history.csv,800,clip,0.0,1e-14,0.001,2000000,800,False,2169.6378240585327,0.0,0.0,0.0,0.0,0.0,0.0,0.0,0.0,23675971572.84135,23675971572.84135,0.0,0.0,0.0,0.0,0.0,0.0,0.0,0.0,0.0,0.0,0.0,0.0,0.0,0.0,0.0,0.0,0.0,2000000.0,0.0,0.0,0.0,0.0,0.0,0.0,4000000.0,0.0,0.0,0.0,0.0,0.0
integrating,0.2,8,data/integrating/VS_run_8_det_Dv0.200_projection_diag.json,data/integrating/VS_run_8_det_Dv0.200_projection_history.csv,800,clip,0.0,1e-14,0.001,2000000,800,False,2134.9074733257294,0.0,0.0,0.0,0.0,0.0,0.0,0.0,0.0,23664643295.321182,23664643295.321182,0.0,0.0,0.0,0.0,0.0,0.0,0.0,0.0,0.0,0.0,0.0,0.0,0.0,0.0,0.0,0.0,0.0,2000000.0,0.0,0.0,0.0,0.0,0.0,0.0,4000000.0,0.0,0.0,0.0,0.0,0.0
integrating,0.2,9,data/integrating/VS_run_9_det_Dv0.200_projection_diag.json,data/integrating/VS_run_9_det_Dv0.200_projection_history.csv,800,clip,0.0,1e-14,0.001,2000000,800,False,2128.3688168525696,0.0,0.0,0.0,0.0,0.0,0.0,0.0,0.0,23665704240.976685,23665704240.976685,0.0,0.0,0.0,0.0,0.0,0.0,0.0,0.0,0.0,0.0,0.0,0.0,0.0,0.0,0.0,0.0,0.0,2000000.0,0.0,0.0,0.0,0.0,0.0,0.0,4000000.0,0.0,0.0,0.0,0.0,0.0
migrating,0.01,0,data/migrating/VS_run_0_det_Dv0.010_projection_diag.json,data/migrating/VS_run_0_det_Dv0.010_projection_history.csv,800,clip,0.0,1e-14,0.001,2000000,800,False,2541.824675798416,0.0,0.0,0.0,0.0,0.0,0.0,0.0,0.0,23690577257.366352,23690577257.366352,0.0,0.0,0.0,0.0,0.0,0.0,0.0,0.0,0.0,0.0,0.0,0.0,0.0,0.0,0.0,0.0,0.0,2000000.0,0.0,0.0,0.0,0.0,0.0,0.0,4000000.0,0.0,0.0,0.0,0.0,0.0
migrating,0.01,1,data/migrating/VS_run_1_det_Dv0.010_projection_diag.json,data/migrating/VS_run_1_det_Dv0.010_projection_history.csv,800,clip,0.0,1e-14,0.001,2000000,800,False,2509.934829235077,0.0,0.0,0.0,0.0,0.0,0.0,0.0,0.0,23691274088.75651,23691274088.75651,0.0,0.0,0.0,0.0,0.0,0.0,0.0,0.0,0.0,0.0,0.0,0.0,0.0,0.0,0.0,0.0,0.0,2000000.0,0.0,0.0,0.0,0.0,0.0,0.0,4000000.0,0.0,0.0,0.0,0.0,0.0
migrating,0.01,2,data/migrating/VS_run_2_det_Dv0.010_projection_diag.json,data/migrating/VS_run_2_det_Dv0.010_projection_history.csv,800,clip,0.0,1e-14,0.001,2000000,800,False,2687.33540391922,0.0,0.0,0.0,0.0,0.0,0.0,0.0,0.0,23682008094.78746,23682008094.78746,0.0,0.0,0.0,0.0,0.0,0.0,0.0,0.0,0.0,0.0,0.0,0.0,0.0,0.0,0.0,0.0,0.0,2000000.0,0.0,0.0,0.0,0.0,0.0,0.0,4000000.0,0.0,0.0,0.0,0.0,0.0
migrating,0.01,3,data/migrating/VS_run_3_det_Dv0.010_projection_diag.json,data/migrating/VS_run_3_det_Dv0.010_projection_history.csv,800,clip,0.0,1e-14,0.001,2000000,800,False,2583.9023332595825,0.0,0.0,0.0,0.0,0.0,0.0,0.0,0.0,23646855727.46534,23646855727.46534,0.0,0.0,0.0,0.0,0.0,0.0,0.0,0.0,0.0,0.0,0.0,0.0,0.0,0.0,0.0,0.0,0.0,2000000.0,0.0,0.0,0.0,0.0,0.0,0.0,4000000.0,0.0,0.0,0.0,0.0,0.0
migrating,0.01,4,data/migrating/VS_run_4_det_Dv0.010_projection_diag.json,data/migrating/VS_run_4_det_Dv0.010_projection_history.csv,800,clip,0.0,1e-14,0.001,2000000,800,False,2646.3242819309235,0.0,0.0,0.0,0.0,0.0,0.0,0.0,0.0,23664008870.87576,23664008870.87576,0.0,0.0,0.0,0.0,0.0,0.0,0.0,0.0,0.0,0.0,0.0,0.0,0.0,0.0,0.0,0.0,0.0,2000000.0,0.0,0.0,0.0,0.0,0.0,0.0,4000000.0,0.0,0.0,0.0,0.0,0.0
migrating,0.01,5,data/migrating/VS_run_5_det_Dv0.010_projection_diag.json,data/migrating/VS_run_5_det_Dv0.010_projection_history.csv,800,clip,0.0,1e-14,0.001,2000000,800,False,2551.3442125320435,0.0,0.0,0.0,0.0,0.0,0.0,0.0,0.0,23643650512.7056,23643650512.7056,0.0,0.0,0.0,0.0,0.0,0.0,0.0,0.0,0.0,0.0,0.0,0.0,0.0,0.0,0.0,0.0,0.0,2000000.0,0.0,0.0,0.0,0.0,0.0,0.0,4000000.0,0.0,0.0,0.0,0.0,0.0
migrating,0.01,6,data/migrating/VS_run_6_det_Dv0.010_projection_diag.json,data/migrating/VS_run_6_det_Dv0.010_projection_history.csv,800,clip,0.0,1e-14,0.001,2000000,800,False,2613.0088250637054,0.0,0.0,0.0,0.0,0.0,0.0,0.0,0.0,23677532457.52027,23677532457.52027,0.0,0.0,0.0,0.0,0.0,0.0,0.0,0.0,0.0,0.0,0.0,0.0,0.0,0.0,0.0,0.0,0.0,2000000.0,0.0,0.0,0.0,0.0,0.0,0.0,4000000.0,0.0,0.0,0.0,0.0,0.0
migrating,0.01,7,data/migrating/VS_run_7_det_Dv0.010_projection_diag.json,data/migrating/VS_run_7_det_Dv0.010_projection_history.csv,800,clip,0.0,1e-14,0.001,2000000,800,False,2584.1560893058777,0.0,0.0,0.0,0.0,0.0,0.0,0.0,0.0,23666709686.108803,23666709686.108803,0.0,0.0,0.0,0.0,0.0,0.0,0.0,0.0,0.0,0.0,0.0,0.0,0.0,0.0,0.0,0.0,0.0,2000000.0,0.0,0.0,0.0,0.0,0.0,0.0,4000000.0,0.0,0.0,0.0,0.0,0.0
migrating,0.01,8,data/migrating/VS_run_8_det_Dv0.010_projection_diag.json,data/migrating/VS_run_8_det_Dv0.010_projection_history.csv,800,clip,0.0,1e-14,0.001,2000000,800,False,2538.0206093788147,0.0,0.0,0.0,0.0,0.0,0.0,0.0,0.0,23663104471.387165,23663104471.387165,0.0,0.0,0.0,0.0,0.0,0.0,0.0,0.0,0.0,0.0,0.0,0.0,0.0,0.0,0.0,0.0,0.0,2000000.0,0.0,0.0,0.0,0.0,0.0,0.0,4000000.0,0.0,0.0,0.0,0.0,0.0
migrating,0.01,9,data/migrating/VS_run_9_det_Dv0.010_projection_diag.json,data/migrating/VS_run_9_det_Dv0.010_projection_history.csv,800,clip,0.0,1e-14,0.001,2000000,800,False,2593.7353994846344,0.0,0.0,0.0,0.0,0.0,0.0,0.0,0.0,23653294425.961647,23653294425.961647,0.0,0.0,0.0,0.0,0.0,0.0,0.0,0.0,0.0,0.0,0.0,0.0,0.0,0.0,0.0,0.0,0.0,2000000.0,0.0,0.0,0.0,0.0,0.0,0.0,4000000.0,0.0,0.0,0.0,0.0,0.0
migrating,0.02,0,data/migrating/VS_run_0_det_Dv0.020_projection_diag.json,data/migrating/VS_run_0_det_Dv0.020_projection_history.csv,800,clip,0.0,1e-14,0.001,2000000,800,False,2524.6669075489044,0.0,0.0,0.0,0.0,0.0,0.0,0.0,0.0,23691274088.75651,23691274088.75651,0.0,0.0,0.0,0.0,0.0,0.0,0.0,0.0,0.0,0.0,0.0,0.0,0.0,0.0,0.0,0.0,0.0,2000000.0,0.0,0.0,0.0,0.0,0.0,0.0,4000000.0,0.0,0.0,0.0,0.0,0.0
migrating,0.02,1,data/migrating/VS_run_1_det_Dv0.020_projection_diag.json,data/migrating/VS_run_1_det_Dv0.020_projection_history.csv,800,clip,0.0,1e-14,0.001,2000000,800,False,2513.8894448280334,0.0,0.0,0.0,0.0,0.0,0.0,0.0,0.0,23682008094.78746,23682008094.78746,0.0,0.0,0.0,0.0,0.0,0.0,0.0,0.0,0.0,0.0,0.0,0.0,0.0,0.0,0.0,0.0,0.0,2000000.0,0.0,0.0,0.0,0.0,0.0,0.0,4000000.0,0.0,0.0,0.0,0.0,0.0
migrating,0.02,2,data/migrating/VS_run_2_det_Dv0.020_projection_diag.json,data/migrating/VS_run_2_det_Dv0.020_projection_history.csv,800,clip,0.0,1e-14,0.001,2000000,800,False,2688.1771898269653,0.0,0.0,0.0,0.0,0.0,0.0,0.0,0.0,23646855727.46534,23646855727.46534,0.0,0.0,0.0,0.0,0.0,0.0,0.0,0.0,0.0,0.0,0.0,0.0,0.0,0.0,0.0,0.0,0.0,2000000.0,0.0,0.0,0.0,0.0,0.0,0.0,4000000.0,0.0,0.0,0.0,0.0,0.0
migrating,0.02,3,data/migrating/VS_run_3_det_Dv0.020_projection_diag.json,data/migrating/VS_run_3_det_Dv0.020_projection_history.csv,800,clip,0.0,1e-14,0.001,2000000,800,False,2583.767292737961,0.0,0.0,0.0,0.0,0.0,0.0,0.0,0.0,23664008870.87576,23664008870.87576,0.0,0.0,0.0,0.0,0.0,0.0,0.0,0.0,0.0,0.0,0.0,0.0,0.0,0.0,0.0,0.0,0.0,2000000.0,0.0,0.0,0.0,0.0,0.0,0.0,4000000.0,0.0,0.0,0.0,0.0,0.0
migrating,0.02,4,data/migrating/VS_run_4_det_Dv0.020_projection_diag.json,data/migrating/VS_run_4_det_Dv0.020_projection_history.csv,800,clip,0.0,1e-14,0.001,2000000,800,False,2623.6624658107758,0.0,0.0,0.0,0.0,0.0,0.0,0.0,0.0,23643650512.7056,23643650512.7056,0.0,0.0,0.0,0.0,0.0,0.0,0.0,0.0,0.0,0.0,0.0,0.0,0.0,0.0,0.0,0.0,0.0,2000000.0,0.0,0.0,0.0,0.0,0.0,0.0,4000000.0,0.0,0.0,0.0,0.0,0.0
migrating,0.02,5,data/migrating/VS_run_5_det_Dv0.020_projection_diag.json,data/migrating/VS_run_5_det_Dv0.020_projection_history.csv,800,clip,0.0,1e-14,0.001,2000000,800,False,2557.9473185539246,0.0,0.0,0.0,0.0,0.0,0.0,0.0,0.0,23677532457.52027,23677532457.52027,0.0,0.0,0.0,0.0,0.0,0.0,0.0,0.0,0.0,0.0,0.0,0.0,0.0,0.0,0.0,0.0,0.0,2000000.0,0.0,0.0,0.0,0.0,0.0,0.0,4000000.0,0.0,0.0,0.0,0.0,0.0
migrating,0.02,6,data/migrating/VS_run_6_det_Dv0.020_projection_diag.json,data/migrating/VS_run_6_det_Dv0.020_projection_history.csv,800,clip,0.0,1e-14,0.001,2000000,800,False,2605.7122464179993,0.0,0.0,0.0,0.0,0.0,0.0,0.0,0.0,23666709686.108803,23666709686.108803,0.0,0.0,0.0,0.0,0.0,0.0,0.0,0.0,0.0,0.0,0.0,0.0,0.0,0.0,0.0,0.0,0.0,2000000.0,0.0,0.0,0.0,0.0,0.0,0.0,4000000.0,0.0,0.0,0.0,0.0,0.0
migrating,0.02,7,data/migrating/VS_run_7_det_Dv0.020_projection_diag.json,data/migrating/VS_run_7_det_Dv0.020_projection_history.csv,800,clip,0.0,1e-14,0.001,2000000,800,False,2584.896889448166,0.0,0.0,0.0,0.0,0.0,0.0,0.0,0.0,23663104471.387165,23663104471.387165,0.0,0.0,0.0,0.0,0.0,0.0,0.0,0.0,0.0,0.0,0.0,0.0,0.0,0.0,0.0,0.0,0.0,2000000.0,0.0,0.0,0.0,0.0,0.0,0.0,4000000.0,0.0,0.0,0.0,0.0,0.0
migrating,0.02,8,data/migrating/VS_run_8_det_Dv0.020_projection_diag.json,data/migrating/VS_run_8_det_Dv0.020_projection_history.csv,800,clip,0.0,1e-14,0.001,2000000,800,False,2524.7397236824036,0.0,0.0,0.0,0.0,0.0,0.0,0.0,0.0,23653294425.961647,23653294425.961647,0.0,0.0,0.0,0.0,0.0,0.0,0.0,0.0,0.0,0.0,0.0,0.0,0.0,0.0,0.0,0.0,0.0,2000000.0,0.0,0.0,0.0,0.0,0.0,0.0,4000000.0,0.0,0.0,0.0,0.0,0.0
migrating,0.02,9,data/migrating/VS_run_9_det_Dv0.020_projection_diag.json,data/migrating/VS_run_9_det_Dv0.020_projection_history.csv,800,clip,0.0,1e-14,0.001,2000000,800,False,2589.186410188675,0.0,0.0,0.0,0.0,0.0,0.0,0.0,0.0,23677711377.279755,23677711377.279755,0.0,0.0,0.0,0.0,0.0,0.0,0.0,0.0,0.0,0.0,0.0,0.0,0.0,0.0,0.0,0.0,0.0,2000000.0,0.0,0.0,0.0,0.0,0.0,0.0,4000000.0,0.0,0.0,0.0,0.0,0.0
migrating,0.03,0,data/migrating/VS_run_0_det_Dv0.030_projection_diag.json,data/migrating/VS_run_0_det_Dv0.030_projection_history.csv,800,clip,0.0,1e-14,0.001,2000000,800,False,2530.639387845993,0.0,0.0,0.0,0.0,0.0,0.0,0.0,0.0,23682008094.78746,23682008094.78746,0.0,0.0,0.0,0.0,0.0,0.0,0.0,0.0,0.0,0.0,0.0,0.0,0.0,0.0,0.0,0.0,0.0,2000000.0,0.0,0.0,0.0,0.0,0.0,0.0,4000000.0,0.0,0.0,0.0,0.0,0.0
migrating,0.03,1,data/migrating/VS_run_1_det_Dv0.030_projection_diag.json,data/migrating/VS_run_1_det_Dv0.030_projection_history.csv,800,clip,0.0,1e-14,0.001,2000000,800,False,2514.3656940460205,0.0,0.0,0.0,0.0,0.0,0.0,0.0,0.0,23646855727.46534,23646855727.46534,0.0,0.0,0.0,0.0,0.0,0.0,0.0,0.0,0.0,0.0,0.0,0.0,0.0,0.0,0.0,0.0,0.0,2000000.0,0.0,0.0,0.0,0.0,0.0,0.0,4000000.0,0.0,0.0,0.0,0.0,0.0
migrating,0.03,2,data/migrating/VS_run_2_det_Dv0.030_projection_diag.json,data/migrating/VS_run_2_det_Dv0.030_projection_history.csv,800,clip,0.0,1e-14,0.001,2000000,800,False,2685.7542910575867,0.0,0.0,0.0,0.0,0.0,0.0,0.0,0.0,23664008870.87576,23664008870.87576,0.0,0.0,0.0,0.0,0.0,0.0,0.0,0.0,0.0,0.0,0.0,0.0,0.0,0.0,0.0,0.0,0.0,2000000.0,0.0,0.0,0.0,0.0,0.0,0.0,4000000.0,0.0,0.0,0.0,0.0,0.0
migrating,0.03,3,data/migrating/VS_run_3_det_Dv0.030_projection_diag.json,data/migrating/VS_run_3_det_Dv0.030_projection_history.csv,800,clip,0.0,1e-14,0.001,2000000,800,False,2559.3003129959106,0.0,0.0,0.0,0.0,0.0,0.0,0.0,0.0,23643650512.7056,23643650512.7056,0.0,0.0,0.0,0.0,0.0,0.0,0.0,0.0,0.0,0.0,0.0,0.0,0.0,0.0,0.0,0.0,0.0,2000000.0,0.0,0.0,0.0,0.0,0.0,0.0,4000000.0,0.0,0.0,0.0,0.0,0.0
migrating,0.03,4,data/migrating/VS_run_4_det_Dv0.030_projection_diag.json,data/migrating/VS_run_4_det_Dv0.030_projection_history.csv,800,clip,0.0,1e-14,0.001,2000000,800,False,2606.4980702400208,0.0,0.0,0.0,0.0,0.0,0.0,0.0,0.0,23677532457.52027,23677532457.52027,0.0,0.0,0.0,0.0,0.0,0.0,0.0,0.0,0.0,0.0,0.0,0.0,0.0,0.0,0.0,0.0,0.0,2000000.0,0.0,0.0,0.0,0.0,0.0,0.0,4000000.0,0.0,0.0,0.0,0.0,0.0
migrating,0.03,5,data/migrating/VS_run_5_det_Dv0.030_projection_diag.json,data/migrating/VS_run_5_det_Dv0.030_projection_history.csv,800,clip,0.0,1e-14,0.001,2000000,800,False,2545.5454318523407,0.0,0.0,0.0,0.0,0.0,0.0,0.0,0.0,23666709686.108803,23666709686.108803,0.0,0.0,0.0,0.0,0.0,0.0,0.0,0.0,0.0,0.0,0.0,0.0,0.0,0.0,0.0,0.0,0.0,2000000.0,0.0,0.0,0.0,0.0,0.0,0.0,4000000.0,0.0,0.0,0.0,0.0,0.0
migrating,0.03,6,data/migrating/VS_run_6_det_Dv0.030_projection_diag.json,data/migrating/VS_run_6_det_Dv0.030_projection_history.csv,800,clip,0.0,1e-14,0.001,2000000,800,False,2611.8019115924835,0.0,0.0,0.0,0.0,0.0,0.0,0.0,0.0,23663104471.387165,23663104471.387165,0.0,0.0,0.0,0.0,0.0,0.0,0.0,0.0,0.0,0.0,0.0,0.0,0.0,0.0,0.0,0.0,0.0,2000000.0,0.0,0.0,0.0,0.0,0.0,0.0,4000000.0,0.0,0.0,0.0,0.0,0.0
migrating,0.03,7,data/migrating/VS_run_7_det_Dv0.030_projection_diag.json,data/migrating/VS_run_7_det_Dv0.030_projection_history.csv,800,clip,0.0,1e-14,0.001,2000000,800,False,2586.4598927497864,0.0,0.0,0.0,0.0,0.0,0.0,0.0,0.0,23653294425.961647,23653294425.961647,0.0,0.0,0.0,0.0,0.0,0.0,0.0,0.0,0.0,0.0,0.0,0.0,0.0,0.0,0.0,0.0,0.0,2000000.0,0.0,0.0,0.0,0.0,0.0,0.0,4000000.0,0.0,0.0,0.0,0.0,0.0
migrating,0.03,8,data/migrating/VS_run_8_det_Dv0.030_projection_diag.json,data/migrating/VS_run_8_det_Dv0.030_projection_history.csv,800,clip,0.0,1e-14,0.001,2000000,800,False,2546.6309311389923,0.0,0.0,0.0,0.0,0.0,0.0,0.0,0.0,23677711377.279755,23677711377.279755,0.0,0.0,0.0,0.0,0.0,0.0,0.0,0.0,0.0,0.0,0.0,0.0,0.0,0.0,0.0,0.0,0.0,2000000.0,0.0,0.0,0.0,0.0,0.0,0.0,4000000.0,0.0,0.0,0.0,0.0,0.0
migrating,0.03,9,data/migrating/VS_run_9_det_Dv0.030_projection_diag.json,data/migrating/VS_run_9_det_Dv0.030_projection_history.csv,800,clip,0.0,1e-14,0.001,2000000,800,False,2595.927480697632,0.0,0.0,0.0,0.0,0.0,0.0,0.0,0.0,23652086937.602646,23652086937.602646,0.0,0.0,0.0,0.0,0.0,0.0,0.0,0.0,0.0,0.0,0.0,0.0,0.0,0.0,0.0,0.0,0.0,2000000.0,0.0,0.0,0.0,0.0,0.0,0.0,4000000.0,0.0,0.0,0.0,0.0,0.0
migrating,0.04,0,data/migrating/VS_run_0_det_Dv0.040_projection_diag.json,data/migrating/VS_run_0_det_Dv0.040_projection_history.csv,800,clip,0.0,1e-14,0.001,2000000,800,False,2538.5577480793,0.0,0.0,0.0,0.0,0.0,0.0,0.0,0.0,23646855727.46534,23646855727.46534,0.0,0.0,0.0,0.0,0.0,0.0,0.0,0.0,0.0,0.0,0.0,0.0,0.0,0.0,0.0,0.0,0.0,2000000.0,0.0,0.0,0.0,0.0,0.0,0.0,4000000.0,0.0,0.0,0.0,0.0,0.0
migrating,0.04,1,data/migrating/VS_run_1_det_Dv0.040_projection_diag.json,data/migrating/VS_run_1_det_Dv0.040_projection_history.csv,800,clip,0.0,1e-14,0.001,2000000,800,False,2509.8165872097015,0.0,0.0,0.0,0.0,0.0,0.0,0.0,0.0,23664008870.87576,23664008870.87576,0.0,0.0,0.0,0.0,0.0,0.0,0.0,0.0,0.0,0.0,0.0,0.0,0.0,0.0,0.0,0.0,0.0,2000000.0,0.0,0.0,0.0,0.0,0.0,0.0,4000000.0,0.0,0.0,0.0,0.0,0.0
migrating,0.04,2,data/migrating/VS_run_2_det_Dv0.040_projection_diag.json,data/migrating/VS_run_2_det_Dv0.040_projection_history.csv,800,clip,0.0,1e-14,0.001,2000000,800,False,2688.8416459560394,0.0,0.0,0.0,0.0,0.0,0.0,0.0,0.0,23643650512.7056,23643650512.7056,0.0,0.0,0.0,0.0,0.0,0.0,0.0,0.0,0.0,0.0,0.0,0.0,0.0,0.0,0.0,0.0,0.0,2000000.0,0.0,0.0,0.0,0.0,0.0,0.0,4000000.0,0.0,0.0,0.0,0.0,0.0
migrating,0.04,3,data/migrating/VS_run_3_det_Dv0.040_projection_diag.json,data/migrating/VS_run_3_det_Dv0.040_projection_history.csv,800,clip,0.0,1e-14,0.001,2000000,800,False,2565.444138765335,0.0,0.0,0.0,0.0,0.0,0.0,0.0,0.0,23677532457.52027,23677532457.52027,0.0,0.0,0.0,0.0,0.0,0.0,0.0,0.0,0.0,0.0,0.0,0.0,0.0,0.0,0.0,0.0,0.0,2000000.0,0.0,0.0,0.0,0.0,0.0,0.0,4000000.0,0.0,0.0,0.0,0.0,0.0
migrating,0.04,4,data/migrating/VS_run_4_det_Dv0.040_projection_diag.json,data/migrating/VS_run_4_det_Dv0.040_projection_history.csv,800,clip,0.0,1e-14,0.001,2000000,800,False,2600.943230867386,0.0,0.0,0.0,0.0,0.0,0.0,0.0,0.0,23666709686.108803,23666709686.108803,0.0,0.0,0.0,0.0,0.0,0.0,0.0,0.0,0.0,0.0,0.0,0.0,0.0,0.0,0.0,0.0,0.0,2000000.0,0.0,0.0,0.0,0.0,0.0,0.0,4000000.0,0.0,0.0,0.0,0.0,0.0
migrating,0.04,5,data/migrating/VS_run_5_det_Dv0.040_projection_diag.json,data/migrating/VS_run_5_det_Dv0.040_projection_history.csv,800,clip,0.0,1e-14,0.001,2000000,800,False,2569.527529478073,0.0,0.0,0.0,0.0,0.0,0.0,0.0,0.0,23663104471.387165,23663104471.387165,0.0,0.0,0.0,0.0,0.0,0.0,0.0,0.0,0.0,0.0,0.0,0.0,0.0,0.0,0.0,0.0,0.0,2000000.0,0.0,0.0,0.0,0.0,0.0,0.0,4000000.0,0.0,0.0,0.0,0.0,0.0
migrating,0.04,6,data/migrating/VS_run_6_det_Dv0.040_projection_diag.json,data/migrating/VS_run_6_det_Dv0.040_projection_history.csv,800,clip,0.0,1e-14,0.001,2000000,800,False,2611.5068945884705,0.0,0.0,0.0,0.0,0.0,0.0,0.0,0.0,23653294425.961647,23653294425.961647,0.0,0.0,0.0,0.0,0.0,0.0,0.0,0.0,0.0,0.0,0.0,0.0,0.0,0.0,0.0,0.0,0.0,2000000.0,0.0,0.0,0.0,0.0,0.0,0.0,4000000.0,0.0,0.0,0.0,0.0,0.0
migrating,0.04,7,data/migrating/VS_run_7_det_Dv0.040_projection_diag.json,data/migrating/VS_run_7_det_Dv0.040_projection_history.csv,800,clip,0.0,1e-14,0.001,2000000,800,False,2583.825891971588,0.0,0.0,0.0,0.0,0.0,0.0,0.0,0.0,23677711377.279755,23677711377.279755,0.0,0.0,0.0,0.0,0.0,0.0,0.0,0.0,0.0,0.0,0.0,0.0,0.0,0.0,0.0,0.0,0.0,2000000.0,0.0,0.0,0.0,0.0,0.0,0.0,4000000.0,0.0,0.0,0.0,0.0,0.0
migrating,0.04,8,data/migrating/VS_run_8_det_Dv0.040_projection_diag.json,data/migrating/VS_run_8_det_Dv0.040_projection_history.csv,800,clip,0.0,1e-14,0.001,2000000,800,False,2533.8534529209137,0.0,0.0,0.0,0.0,0.0,0.0,0.0,0.0,23652086937.602646,23652086937.602646,0.0,0.0,0.0,0.0,0.0,0.0,0.0,0.0,0.0,0.0,0.0,0.0,0.0,0.0,0.0,0.0,0.0,2000000.0,0.0,0.0,0.0,0.0,0.0,0.0,4000000.0,0.0,0.0,0.0,0.0,0.0
migrating,0.04,9,data/migrating/VS_run_9_det_Dv0.040_projection_diag.json,data/migrating/VS_run_9_det_Dv0.040_projection_history.csv,800,clip,0.0,1e-14,0.001,2000000,800,False,2596.285789012909,0.0,0.0,0.0,0.0,0.0,0.0,0.0,0.0,23661447905.974644,23661447905.974644,0.0,0.0,0.0,0.0,0.0,0.0,0.0,0.0,0.0,0.0,0.0,0.0,0.0,0.0,0.0,0.0,0.0,2000000.0,0.0,0.0,0.0,0.0,0.0,0.0,4000000.0,0.0,0.0,0.0,0.0,0.0
migrating,0.05,0,data/migrating/VS_run_0_det_Dv0.050_projection_diag.json,data/migrating/VS_run_0_det_Dv0.050_projection_history.csv,800,clip,0.0,1e-14,0.001,2000000,800,False,2537.959462404251,0.0,0.0,0.0,0.0,0.0,0.0,0.0,0.0,23664008870.87576,23664008870.87576,0.0,0.0,0.0,0.0,0.0,0.0,0.0,0.0,0.0,0.0,0.0,0.0,0.0,0.0,0.0,0.0,0.0,2000000.0,0.0,0.0,0.0,0.0,0.0,0.0,4000000.0,0.0,0.0,0.0,0.0,0.0
migrating,0.05,1,data/migrating/VS_run_1_det_Dv0.050_projection_diag.json,data/migrating/VS_run_1_det_Dv0.050_projection_history.csv,800,clip,0.0,1e-14,0.001,2000000,800,False,2518.418262720108,0.0,0.0,0.0,0.0,0.0,0.0,0.0,0.0,23643650512.7056,23643650512.7056,0.0,0.0,0.0,0.0,0.0,0.0,0.0,0.0,0.0,0.0,0.0,0.0,0.0,0.0,0.0,0.0,0.0,2000000.0,0.0,0.0,0.0,0.0,0.0,0.0,4000000.0,0.0,0.0,0.0,0.0,0.0
migrating,0.05,2,data/migrating/VS_run_2_det_Dv0.050_projection_diag.json,data/migrating/VS_run_2_det_Dv0.050_projection_history.csv,800,clip,0.0,1e-14,0.001,2000000,800,False,2655.1850583553314,0.0,0.0,0.0,0.0,0.0,0.0,0.0,0.0,23677532457.52027,23677532457.52027,0.0,0.0,0.0,0.0,0.0,0.0,0.0,0.0,0.0,0.0,0.0,0.0,0.0,0.0,0.0,0.0,0.0,2000000.0,0.0,0.0,0.0,0.0,0.0,0.0,4000000.0,0.0,0.0,0.0,0.0,0.0
migrating,0.05,3,data/migrating/VS_run_3_det_Dv0.050_projection_diag.json,data/migrating/VS_run_3_det_Dv0.050_projection_history.csv,800,clip,0.0,1e-14,0.001,2000000,800,False,2565.724021911621,0.0,0.0,0.0,0.0,0.0,0.0,0.0,0.0,23666709686.108803,23666709686.108803,0.0,0.0,0.0,0.0,0.0,0.0,0.0,0.0,0.0,0.0,0.0,0.0,0.0,0.0,0.0,0.0,0.0,2000000.0,0.0,0.0,0.0,0.0,0.0,0.0,4000000.0,0.0,0.0,0.0,0.0,0.0
migrating,0.05,4,data/migrating/VS_run_4_det_Dv0.050_projection_diag.json,data/migrating/VS_run_4_det_Dv0.050_projection_history.csv,800,clip,0.0,1e-14,0.001,2000000,800,False,2649.4488022327423,0.0,0.0,0.0,0.0,0.0,0.0,0.0,0.0,23663104471.387165,23663104471.387165,0.0,0.0,0.0,0.0,0.0,0.0,0.0,0.0,0.0,0.0,0.0,0.0,0.0,0.0,0.0,0.0,0.0,2000000.0,0.0,0.0,0.0,0.0,0.0,0.0,4000000.0,0.0,0.0,0.0,0.0,0.0
migrating,0.05,5,data/migrating/VS_run_5_det_Dv0.050_projection_diag.json,data/migrating/VS_run_5_det_Dv0.050_projection_history.csv,800,clip,0.0,1e-14,0.001,2000000,800,False,2566.3850407600403,0.0,0.0,0.0,0.0,0.0,0.0,0.0,0.0,23653294425.961647,23653294425.961647,0.0,0.0,0.0,0.0,0.0,0.0,0.0,0.0,0.0,0.0,0.0,0.0,0.0,0.0,0.0,0.0,0.0,2000000.0,0.0,0.0,0.0,0.0,0.0,0.0,4000000.0,0.0,0.0,0.0,0.0,0.0
migrating,0.05,6,data/migrating/VS_run_6_det_Dv0.050_projection_diag.json,data/migrating/VS_run_6_det_Dv0.050_projection_history.csv,800,clip,0.0,1e-14,0.001,2000000,800,False,2599.8903365135193,0.0,0.0,0.0,0.0,0.0,0.0,0.0,0.0,23677711377.279755,23677711377.279755,0.0,0.0,0.0,0.0,0.0,0.0,0.0,0.0,0.0,0.0,0.0,0.0,0.0,0.0,0.0,0.0,0.0,2000000.0,0.0,0.0,0.0,0.0,0.0,0.0,4000000.0,0.0,0.0,0.0,0.0,0.0
migrating,0.05,7,data/migrating/VS_run_7_det_Dv0.050_projection_diag.json,data/migrating/VS_run_7_det_Dv0.050_projection_history.csv,800,clip,0.0,1e-14,0.001,2000000,800,False,2585.7904846668243,0.0,0.0,0.0,0.0,0.0,0.0,0.0,0.0,23652086937.602646,23652086937.602646,0.0,0.0,0.0,0.0,0.0,0.0,0.0,0.0,0.0,0.0,0.0,0.0,0.0,0.0,0.0,0.0,0.0,2000000.0,0.0,0.0,0.0,0.0,0.0,0.0,4000000.0,0.0,0.0,0.0,0.0,0.0
migrating,0.05,8,data/migrating/VS_run_8_det_Dv0.050_projection_diag.json,data/migrating/VS_run_8_det_Dv0.050_projection_history.csv,800,clip,0.0,1e-14,0.001,2000000,800,False,2542.2429933547974,0.0,0.0,0.0,0.0,0.0,0.0,0.0,0.0,23661447905.974644,23661447905.974644,0.0,0.0,0.0,0.0,0.0,0.0,0.0,0.0,0.0,0.0,0.0,0.0,0.0,0.0,0.0,0.0,0.0,2000000.0,0.0,0.0,0.0,0.0,0.0,0.0,4000000.0,0.0,0.0,0.0,0.0,0.0
migrating,0.05,9,data/migrating/VS_run_9_det_Dv0.050_projection_diag.json,data/migrating/VS_run_9_det_Dv0.050_projection_history.csv,800,clip,0.0,1e-14,0.001,2000000,800,False,2592.581643104553,0.0,0.0,0.0,0.0,0.0,0.0,0.0,0.0,23643560351.27379,23643560351.27379,0.0,0.0,0.0,0.0,0.0,0.0,0.0,0.0,0.0,0.0,0.0,0.0,0.0,0.0,0.0,0.0,0.0,2000000.0,0.0,0.0,0.0,0.0,0.0,0.0,4000000.0,0.0,0.0,0.0,0.0,0.0
migrating,0.060000000000000005,0,data/migrating/VS_run_0_det_Dv0.060_projection_diag.json,data/migrating/VS_run_0_det_Dv0.060_projection_history.csv,800,clip,0.0,1e-14,0.001,2000000,800,False,2537.4707605838776,0.0,0.0,0.0,0.0,0.0,0.0,0.0,0.0,23643650512.7056,23643650512.7056,0.0,0.0,0.0,0.0,0.0,0.0,0.0,0.0,0.0,0.0,0.0,0.0,0.0,0.0,0.0,0.0,0.0,2000000.0,0.0,0.0,0.0,0.0,0.0,0.0,4000000.0,0.0,0.0,0.0,0.0,0.0
migrating,0.060000000000000005,1,data/migrating/VS_run_1_det_Dv0.060_projection_diag.json,data/migrating/VS_run_1_det_Dv0.060_projection_history.csv,800,clip,0.0,1e-14,0.001,2000000,800,False,2509.404632091522,0.0,0.0,0.0,0.0,0.0,0.0,0.0,0.0,23677532457.52027,23677532457.52027,0.0,0.0,0.0,0.0,0.0,0.0,0.0,0.0,0.0,0.0,0.0,0.0,0.0,0.0,0.0,0.0,0.0,2000000.0,0.0,0.0,0.0,0.0,0.0,0.0,4000000.0,0.0,0.0,0.0,0.0,0.0
migrating,0.060000000000000005,2,data/migrating/VS_run_2_det_Dv0.060_projection_diag.json,data/migrating/VS_run_2_det_Dv0.060_projection_history.csv,800,clip,0.0,1e-14,0.001,2000000,800,False,2673.156837940216,0.0,0.0,0.0,0.0,0.0,0.0,0.0,0.0,23666709686.108803,23666709686.108803,0.0,0.0,0.0,0.0,0.0,0.0,0.0,0.0,0.0,0.0,0.0,0.0,0.0,0.0,0.0,0.0,0.0,2000000.0,0.0,0.0,0.0,0.0,0.0,0.0,4000000.0,0.0,0.0,0.0,0.0,0.0
migrating,0.060000000000000005,3,data/migrating/VS_run_3_det_Dv0.060_projection_diag.json,data/migrating/VS_run_3_det_Dv0.060_projection_history.csv,800,clip,0.0,1e-14,0.001,2000000,800,False,2538.763305902481,0.0,0.0,0.0,0.0,0.0,0.0,0.0,0.0,23663104471.387165,23663104471.387165,0.0,0.0,0.0,0.0,0.0,0.0,0.0,0.0,0.0,0.0,0.0,0.0,0.0,0.0,0.0,0.0,0.0,2000000.0,0.0,0.0,0.0,0.0,0.0,0.0,4000000.0,0.0,0.0,0.0,0.0,0.0
migrating,0.060000000000000005,4,data/migrating/VS_run_4_det_Dv0.060_projection_diag.json,data/migrating/VS_run_4_det_Dv0.060_projection_history.csv,800,clip,0.0,1e-14,0.001,2000000,800,False,2601.5719385147095,0.0,0.0,0.0,0.0,0.0,0.0,0.0,0.0,23653294425.961647,23653294425.961647,0.0,0.0,0.0,0.0,0.0,0.0,0.0,0.0,0.0,0.0,0.0,0.0,0.0,0.0,0.0,0.0,0.0,2000000.0,0.0,0.0,0.0,0.0,0.0,0.0,4000000.0,0.0,0.0,0.0,0.0,0.0
migrating,0.060000000000000005,5,data/migrating/VS_run_5_det_Dv0.060_projection_diag.json,data/migrating/VS_run_5_det_Dv0.060_projection_history.csv,800,clip,0.0,1e-14,0.001,2000000,800,False,2544.010160923004,0.0,0.0,0.0,0.0,0.0,0.0,0.0,0.0,23677711377.279755,23677711377.279755,0.0,0.0,0.0,0.0,0.0,0.0,0.0,0.0,0.0,0.0,0.0,0.0,0.0,0.0,0.0,0.0,0.0,2000000.0,0.0,0.0,0.0,0.0,0.0,0.0,4000000.0,0.0,0.0,0.0,0.0,0.0
migrating,0.060000000000000005,6,data/migrating/VS_run_6_det_Dv0.060_projection_diag.json,data/migrating/VS_run_6_det_Dv0.060_projection_history.csv,800,clip,0.0,1e-14,0.001,2000000,800,False,2615.840226173401,0.0,0.0,0.0,0.0,0.0,0.0,0.0,0.0,23652086937.602646,23652086937.602646,0.0,0.0,0.0,0.0,0.0,0.0,0.0,0.0,0.0,0.0,0.0,0.0,0.0,0.0,0.0,0.0,0.0,2000000.0,0.0,0.0,0.0,0.0,0.0,0.0,4000000.0,0.0,0.0,0.0,0.0,0.0
migrating,0.060000000000000005,7,data/migrating/VS_run_7_det_Dv0.060_projection_diag.json,data/migrating/VS_run_7_det_Dv0.060_projection_history.csv,800,clip,0.0,1e-14,0.001,2000000,800,False,2583.5878484249115,0.0,0.0,0.0,0.0,0.0,0.0,0.0,0.0,23661447905.974644,23661447905.974644,0.0,0.0,0.0,0.0,0.0,0.0,0.0,0.0,0.0,0.0,0.0,0.0,0.0,0.0,0.0,0.0,0.0,2000000.0,0.0,0.0,0.0,0.0,0.0,0.0,4000000.0,0.0,0.0,0.0,0.0,0.0
migrating,0.060000000000000005,8,data/migrating/VS_run_8_det_Dv0.060_projection_diag.json,data/migrating/VS_run_8_det_Dv0.060_projection_history.csv,800,clip,0.0,1e-14,0.001,2000000,800,False,2530.6401994228363,0.0,0.0,0.0,0.0,0.0,0.0,0.0,0.0,23643560351.27379,23643560351.27379,0.0,0.0,0.0,0.0,0.0,0.0,0.0,0.0,0.0,0.0,0.0,0.0,0.0,0.0,0.0,0.0,0.0,2000000.0,0.0,0.0,0.0,0.0,0.0,0.0,4000000.0,0.0,0.0,0.0,0.0,0.0
migrating,0.060000000000000005,9,data/migrating/VS_run_9_det_Dv0.060_projection_diag.json,data/migrating/VS_run_9_det_Dv0.060_projection_history.csv,800,clip,0.0,1e-14,0.001,2000000,800,False,2592.2574334144592,0.0,0.0,0.0,0.0,0.0,0.0,0.0,0.0,23639704019.751022,23639704019.751022,0.0,0.0,0.0,0.0,0.0,0.0,0.0,0.0,0.0,0.0,0.0,0.0,0.0,0.0,0.0,0.0,0.0,2000000.0,0.0,0.0,0.0,0.0,0.0,0.0,4000000.0,0.0,0.0,0.0,0.0,0.0
migrating,0.06999999999999999,0,data/migrating/VS_run_0_det_Dv0.070_projection_diag.json,data/migrating/VS_run_0_det_Dv0.070_projection_history.csv,800,clip,0.0,1e-14,0.001,2000000,800,False,2543.488873243332,0.0,0.0,0.0,0.0,0.0,0.0,0.0,0.0,23677532457.52027,23677532457.52027,0.0,0.0,0.0,0.0,0.0,0.0,0.0,0.0,0.0,0.0,0.0,0.0,0.0,0.0,0.0,0.0,0.0,2000000.0,0.0,0.0,0.0,0.0,0.0,0.0,4000000.0,0.0,0.0,0.0,0.0,0.0
migrating,0.06999999999999999,1,data/migrating/VS_run_1_det_Dv0.070_projection_diag.json,data/migrating/VS_run_1_det_Dv0.070_projection_history.csv,800,clip,0.0,1e-14,0.001,2000000,800,False,2497.0946588516235,0.0,0.0,0.0,0.0,0.0,0.0,0.0,0.0,23666709686.108803,23666709686.108803,0.0,0.0,0.0,0.0,0.0,0.0,0.0,0.0,0.0,0.0,0.0,0.0,0.0,0.0,0.0,0.0,0.0,2000000.0,0.0,0.0,0.0,0.0,0.0,0.0,4000000.0,0.0,0.0,0.0,0.0,0.0
migrating,0.06999999999999999,2,data/migrating/VS_run_2_det_Dv0.070_projection_diag.json,data/migrating/VS_run_2_det_Dv0.070_projection_history.csv,800,clip,0.0,1e-14,0.001,2000000,800,False,2642.6428899765015,0.0,0.0,0.0,0.0,0.0,0.0,0.0,0.0,23663104471.387165,23663104471.387165,0.0,0.0,0.0,0.0,0.0,0.0,0.0,0.0,0.0,0.0,0.0,0.0,0.0,0.0,0.0,0.0,0.0,2000000.0,0.0,0.0,0.0,0.0,0.0,0.0,4000000.0,0.0,0.0,0.0,0.0,0.0
migrating,0.06999999999999999,3,data/migrating/VS_run_3_det_Dv0.070_projection_diag.json,data/migrating/VS_run_3_det_Dv0.070_projection_history.csv,800,clip,0.0,1e-14,0.001,2000000,800,False,2581.045381784439,0.0,0.0,0.0,0.0,0.0,0.0,0.0,0.0,23653294425.961647,23653294425.961647,0.0,0.0,0.0,0.0,0.0,0.0,0.0,0.0,0.0,0.0,0.0,0.0,0.0,0.0,0.0,0.0,0.0,2000000.0,0.0,0.0,0.0,0.0,0.0,0.0,4000000.0,0.0,0.0,0.0,0.0,0.0
migrating,0.06999999999999999,4,data/migrating/VS_run_4_det_Dv0.070_projection_diag.json,data/migrating/VS_run_4_det_Dv0.070_projection_history.csv,800,clip,0.0,1e-14,0.001,2000000,800,False,2650.640615463257,0.0,0.0,0.0,0.0,0.0,0.0,0.0,0.0,23677711377.279755,23677711377.279755,0.0,0.0,0.0,0.0,0.0,0.0,0.0,0.0,0.0,0.0,0.0,0.0,0.0,0.0,0.0,0.0,0.0,2000000.0,0.0,0.0,0.0,0.0,0.0,0.0,4000000.0,0.0,0.0,0.0,0.0,0.0
migrating,0.06999999999999999,5,data/migrating/VS_run_5_det_Dv0.070_projection_diag.json,data/migrating/VS_run_5_det_Dv0.070_projection_history.csv,800,clip,0.0,1e-14,0.001,2000000,800,False,2524.1098957061768,0.0,0.0,0.0,0.0,0.0,0.0,0.0,0.0,23652086937.602646,23652086937.602646,0.0,0.0,0.0,0.0,0.0,0.0,0.0,0.0,0.0,0.0,0.0,0.0,0.0,0.0,0.0,0.0,0.0,2000000.0,0.0,0.0,0.0,0.0,0.0,0.0,4000000.0,0.0,0.0,0.0,0.0,0.0
migrating,0.06999999999999999,6,data/migrating/VS_run_6_det_Dv0.070_projection_diag.json,data/migrating/VS_run_6_det_Dv0.070_projection_history.csv,800,clip,0.0,1e-14,0.001,2000000,800,False,2602.089549303055,0.0,0.0,0.0,0.0,0.0,0.0,0.0,0.0,23661447905.974644,23661447905.974644,0.0,0.0,0.0,0.0,0.0,0.0,0.0,0.0,0.0,0.0,0.0,0.0,0.0,0.0,0.0,0.0,0.0,2000000.0,0.0,0.0,0.0,0.0,0.0,0.0,4000000.0,0.0,0.0,0.0,0.0,0.0
migrating,0.06999999999999999,7,data/migrating/VS_run_7_det_Dv0.070_projection_diag.json,data/migrating/VS_run_7_det_Dv0.070_projection_history.csv,800,clip,0.0,1e-14,0.001,2000000,800,False,2578.0338587760925,0.0,0.0,0.0,0.0,0.0,0.0,0.0,0.0,23643560351.27379,23643560351.27379,0.0,0.0,0.0,0.0,0.0,0.0,0.0,0.0,0.0,0.0,0.0,0.0,0.0,0.0,0.0,0.0,0.0,2000000.0,0.0,0.0,0.0,0.0,0.0,0.0,4000000.0,0.0,0.0,0.0,0.0,0.0
migrating,0.06999999999999999,8,data/migrating/VS_run_8_det_Dv0.070_projection_diag.json,data/migrating/VS_run_8_det_Dv0.070_projection_history.csv,800,clip,0.0,1e-14,0.001,2000000,800,False,2516.7476949691772,0.0,0.0,0.0,0.0,0.0,0.0,0.0,0.0,23639704019.751022,23639704019.751022,0.0,0.0,0.0,0.0,0.0,0.0,0.0,0.0,0.0,0.0,0.0,0.0,0.0,0.0,0.0,0.0,0.0,2000000.0,0.0,0.0,0.0,0.0,0.0,0.0,4000000.0,0.0,0.0,0.0,0.0,0.0
migrating,0.06999999999999999,9,data/migrating/VS_run_9_det_Dv0.070_projection_diag.json,data/migrating/VS_run_9_det_Dv0.070_projection_history.csv,800,clip,0.0,1e-14,0.001,2000000,800,False,2559.4419717788696,0.0,0.0,0.0,0.0,0.0,0.0,0.0,0.0,23665817705.87634,23665817705.87634,0.0,0.0,0.0,0.0,0.0,0.0,0.0,0.0,0.0,0.0,0.0,0.0,0.0,0.0,0.0,0.0,0.0,2000000.0,0.0,0.0,0.0,0.0,0.0,0.0,4000000.0,0.0,0.0,0.0,0.0,0.0
migrating,0.08,0,data/migrating/VS_run_0_det_Dv0.080_projection_diag.json,data/migrating/VS_run_0_det_Dv0.080_projection_history.csv,800,clip,0.0,1e-14,0.001,2000000,800,False,2542.350149154663,0.0,0.0,0.0,0.0,0.0,0.0,0.0,0.0,23666709686.108803,23666709686.108803,0.0,0.0,0.0,0.0,0.0,0.0,0.0,0.0,0.0,0.0,0.0,0.0,0.0,0.0,0.0,0.0,0.0,2000000.0,0.0,0.0,0.0,0.0,0.0,0.0,4000000.0,0.0,0.0,0.0,0.0,0.0
migrating,0.08,1,data/migrating/VS_run_1_det_Dv0.080_projection_diag.json,data/migrating/VS_run_1_det_Dv0.080_projection_history.csv,800,clip,0.0,1e-14,0.001,2000000,800,False,2501.701936483383,0.0,0.0,0.0,0.0,0.0,0.0,0.0,0.0,23663104471.387165,23663104471.387165,0.0,0.0,0.0,0.0,0.0,0.0,0.0,0.0,0.0,0.0,0.0,0.0,0.0,0.0,0.0,0.0,0.0,2000000.0,0.0,0.0,0.0,0.0,0.0,0.0,4000000.0,0.0,0.0,0.0,0.0,0.0
migrating,0.08,2,data/migrating/VS_run_2_det_Dv0.080_projection_diag.json,data/migrating/VS_run_2_det_Dv0.080_projection_history.csv,800,clip,0.0,1e-14,0.001,2000000,800,False,2689.351530313492,0.0,0.0,0.0,0.0,0.0,0.0,0.0,0.0,23653294425.961647,23653294425.961647,0.0,0.0,0.0,0.0,0.0,0.0,0.0,0.0,0.0,0.0,0.0,0.0,0.0,0.0,0.0,0.0,0.0,2000000.0,0.0,0.0,0.0,0.0,0.0,0.0,4000000.0,0.0,0.0,0.0,0.0,0.0
migrating,0.08,3,data/migrating/VS_run_3_det_Dv0.080_projection_diag.json,data/migrating/VS_run_3_det_Dv0.080_projection_history.csv,800,clip,0.0,1e-14,0.001,2000000,800,False,2581.9850137233734,0.0,0.0,0.0,0.0,0.0,0.0,0.0,0.0,23677711377.279755,23677711377.279755,0.0,0.0,0.0,0.0,0.0,0.0,0.0,0.0,0.0,0.0,0.0,0.0,0.0,0.0,0.0,0.0,0.0,2000000.0,0.0,0.0,0.0,0.0,0.0,0.0,4000000.0,0.0,0.0,0.0,0.0,0.0
migrating,0.08,4,data/migrating/VS_run_4_det_Dv0.080_projection_diag.json,data/migrating/VS_run_4_det_Dv0.080_projection_history.csv,800,clip,0.0,1e-14,0.001,2000000,800,False,2589.1499621868134,0.0,0.0,0.0,0.0,0.0,0.0,0.0,0.0,23652086937.602646,23652086937.602646,0.0,0.0,0.0,0.0,0.0,0.0,0.0,0.0,0.0,0.0,0.0,0.0,0.0,0.0,0.0,0.0,0.0,2000000.0,0.0,0.0,0.0,0.0,0.0,0.0,4000000.0,0.0,0.0,0.0,0.0,0.0
migrating,0.08,5,data/migrating/VS_run_5_det_Dv0.080_projection_diag.json,data/migrating/VS_run_5_det_Dv0.080_projection_history.csv,800,clip,0.0,1e-14,0.001,2000000,800,False,2552.55726480484,0.0,0.0,0.0,0.0,0.0,0.0,0.0,0.0,23661447905.974644,23661447905.974644,0.0,0.0,0.0,0.0,0.0,0.0,0.0,0.0,0.0,0.0,0.0,0.0,0.0,0.0,0.0,0.0,0.0,2000000.0,0.0,0.0,0.0,0.0,0.0,0.0,4000000.0,0.0,0.0,0.0,0.0,0.0
migrating,0.08,6,data/migrating/VS_run_6_det_Dv0.080_projection_diag.json,data/migrating/VS_run_6_det_Dv0.080_projection_history.csv,800,clip,0.0,1e-14,0.001,2000000,800,False,2610.299090862274,0.0,0.0,0.0,0.0,0.0,0.0,0.0,0.0,23643560351.27379,23643560351.27379,0.0,0.0,0.0,0.0,0.0,0.0,0.0,0.0,0.0,0.0,0.0,0.0,0.0,0.0,0.0,0.0,0.0,2000000.0,0.0,0.0,0.0,0.0,0.0,0.0,4000000.0,0.0,0.0,0.0,0.0,0.0
migrating,0.08,7,data/migrating/VS_run_7_det_Dv0.080_projection_diag.json,data/migrating/VS_run_7_det_Dv0.080_projection_history.csv,800,clip,0.0,1e-14,0.001,2000000,800,False,2583.8726172447205,0.0,0.0,0.0,0.0,0.0,0.0,0.0,0.0,23639704019.751022,23639704019.751022,0.0,0.0,0.0,0.0,0.0,0.0,0.0,0.0,0.0,0.0,0.0,0.0,0.0,0.0,0.0,0.0,0.0,2000000.0,0.0,0.0,0.0,0.0,0.0,0.0,4000000.0,0.0,0.0,0.0,0.0,0.0
migrating,0.08,8,data/migrating/VS_run_8_det_Dv0.080_projection_diag.json,data/migrating/VS_run_8_det_Dv0.080_projection_history.csv,800,clip,0.0,1e-14,0.001,2000000,800,False,2510.415271759033,0.0,0.0,0.0,0.0,0.0,0.0,0.0,0.0,23665817705.87634,23665817705.87634,0.0,0.0,0.0,0.0,0.0,0.0,0.0,0.0,0.0,0.0,0.0,0.0,0.0,0.0,0.0,0.0,0.0,2000000.0,0.0,0.0,0.0,0.0,0.0,0.0,4000000.0,0.0,0.0,0.0,0.0,0.0
migrating,0.08,9,data/migrating/VS_run_9_det_Dv0.080_projection_diag.json,data/migrating/VS_run_9_det_Dv0.080_projection_history.csv,800,clip,0.0,1e-14,0.001,2000000,800,False,2593.5485577583313,0.0,0.0,0.0,0.0,0.0,0.0,0.0,0.0,23695235898.156204,23695235898.156204,0.0,0.0,0.0,0.0,0.0,0.0,0.0,0.0,0.0,0.0,0.0,0.0,0.0,0.0,0.0,0.0,0.0,2000000.0,0.0,0.0,0.0,0.0,0.0,0.0,4000000.0,0.0,0.0,0.0,0.0,0.0
migrating,0.09,0,data/migrating/VS_run_0_det_Dv0.090_projection_diag.json,data/migrating/VS_run_0_det_Dv0.090_projection_history.csv,800,clip,0.0,1e-14,0.001,2000000,800,False,2533.078587293625,0.0,0.0,0.0,0.0,0.0,0.0,0.0,0.0,23663104471.387165,23663104471.387165,0.0,0.0,0.0,0.0,0.0,0.0,0.0,0.0,0.0,0.0,0.0,0.0,0.0,0.0,0.0,0.0,0.0,2000000.0,0.0,0.0,0.0,0.0,0.0,0.0,4000000.0,0.0,0.0,0.0,0.0,0.0
migrating,0.09,1,data/migrating/VS_run_1_det_Dv0.090_projection_diag.json,data/migrating/VS_run_1_det_Dv0.090_projection_history.csv,800,clip,0.0,1e-14,0.001,2000000,800,False,2500.212554216385,0.0,0.0,0.0,0.0,0.0,0.0,0.0,0.0,23653294425.961647,23653294425.961647,0.0,0.0,0.0,0.0,0.0,0.0,0.0,0.0,0.0,0.0,0.0,0.0,0.0,0.0,0.0,0.0,0.0,2000000.0,0.0,0.0,0.0,0.0,0.0,0.0,4000000.0,0.0,0.0,0.0,0.0,0.0
migrating,0.09,2,data/migrating/VS_run_2_det_Dv0.090_projection_diag.json,data/migrating/VS_run_2_det_Dv0.090_projection_history.csv,800,clip,0.0,1e-14,0.001,2000000,800,False,2689.261557817459,0.0,0.0,0.0,0.0,0.0,0.0,0.0,0.0,23677711377.279755,23677711377.279755,0.0,0.0,0.0,0.0,0.0,0.0,0.0,0.0,0.0,0.0,0.0,0.0,0.0,0.0,0.0,0.0,0.0,2000000.0,0.0,0.0,0.0,0.0,0.0,0.0,4000000.0,0.0,0.0,0.0,0.0,0.0
migrating,0.09,3,data/migrating/VS_run_3_det_Dv0.090_projection_diag.json,data/migrating/VS_run_3_det_Dv0.090_projection_history.csv,800,clip,0.0,1e-14,0.001,2000000,800,False,2560.981400489807,0.0,0.0,0.0,0.0,0.0,0.0,0.0,0.0,23652086937.602646,23652086937.602646,0.0,0.0,0.0,0.0,0.0,0.0,0.0,0.0,0.0,0.0,0.0,0.0,0.0,0.0,0.0,0.0,0.0,2000000.0,0.0,0.0,0.0,0.0,0.0,0.0,4000000.0,0.0,0.0,0.0,0.0,0.0
migrating,0.09,4,data/migrating/VS_run_4_det_Dv0.090_projection_diag.json,data/migrating/VS_run_4_det_Dv0.090_projection_history.csv,800,clip,0.0,1e-14,0.001,2000000,800,False,2632.553282737732,0.0,0.0,0.0,0.0,0.0,0.0,0.0,0.0,23661447905.974644,23661447905.974644,0.0,0.0,0.0,0.0,0.0,0.0,0.0,0.0,0.0,0.0,0.0,0.0,0.0,0.0,0.0,0.0,0.0,2000000.0,0.0,0.0,0.0,0.0,0.0,0.0,4000000.0,0.0,0.0,0.0,0.0,0.0
migrating,0.09,5,data/migrating/VS_run_5_det_Dv0.090_projection_diag.json,data/migrating/VS_run_5_det_Dv0.090_projection_history.csv,800,clip,0.0,1e-14,0.001,2000000,800,False,2569.5306820869446,0.0,0.0,0.0,0.0,0.0,0.0,0.0,0.0,23643560351.27379,23643560351.27379,0.0,0.0,0.0,0.0,0.0,0.0,0.0,0.0,0.0,0.0,0.0,0.0,0.0,0.0,0.0,0.0,0.0,2000000.0,0.0,0.0,0.0,0.0,0.0,0.0,4000000.0,0.0,0.0,0.0,0.0,0.0
migrating,0.09,6,data/migrating/VS_run_6_det_Dv0.090_projection_diag.json,data/migrating/VS_run_6_det_Dv0.090_projection_history.csv,800,clip,0.0,1e-14,0.001,2000000,800,False,2613.3816158771515,0.0,0.0,0.0,0.0,0.0,0.0,0.0,0.0,23639704019.751022,23639704019.751022,0.0,0.0,0.0,0.0,0.0,0.0,0.0,0.0,0.0,0.0,0.0,0.0,0.0,0.0,0.0,0.0,0.0,2000000.0,0.0,0.0,0.0,0.0,0.0,0.0,4000000.0,0.0,0.0,0.0,0.0,0.0
migrating,0.09,7,data/migrating/VS_run_7_det_Dv0.090_projection_diag.json,data/migrating/VS_run_7_det_Dv0.090_projection_history.csv,800,clip,0.0,1e-14,0.001,2000000,800,False,2576.7337176799774,0.0,0.0,0.0,0.0,0.0,0.0,0.0,0.0,23665817705.87634,23665817705.87634,0.0,0.0,0.0,0.0,0.0,0.0,0.0,0.0,0.0,0.0,0.0,0.0,0.0,0.0,0.0,0.0,0.0,2000000.0,0.0,0.0,0.0,0.0,0.0,0.0,4000000.0,0.0,0.0,0.0,0.0,0.0
migrating,0.09,8,data/migrating/VS_run_8_det_Dv0.090_projection_diag.json,data/migrating/VS_run_8_det_Dv0.090_projection_history.csv,800,clip,0.0,1e-14,0.001,2000000,800,False,2509.888997554779,0.0,0.0,0.0,0.0,0.0,0.0,0.0,0.0,23695235898.156204,23695235898.156204,0.0,0.0,0.0,0.0,0.0,0.0,0.0,0.0,0.0,0.0,0.0,0.0,0.0,0.0,0.0,0.0,0.0,2000000.0,0.0,0.0,0.0,0.0,0.0,0.0,4000000.0,0.0,0.0,0.0,0.0,0.0
migrating,0.09,9,data/migrating/VS_run_9_det_Dv0.090_projection_diag.json,data/migrating/VS_run_9_det_Dv0.090_projection_history.csv,800,clip,0.0,1e-14,0.001,2000000,800,False,2574.287901878357,0.0,0.0,0.0,0.0,0.0,0.0,0.0,0.0,23678681113.505356,23678681113.505356,0.0,0.0,0.0,0.0,0.0,0.0,0.0,0.0,0.0,0.0,0.0,0.0,0.0,0.0,0.0,0.0,0.0,2000000.0,0.0,0.0,0.0,0.0,0.0,0.0,4000000.0,0.0,0.0,0.0,0.0,0.0
migrating,0.09999999999999999,0,data/migrating/VS_run_0_det_Dv0.100_projection_diag.json,data/migrating/VS_run_0_det_Dv0.100_projection_history.csv,800,clip,0.0,1e-14,0.001,2000000,800,False,2527.7761256694794,0.0,0.0,0.0,0.0,0.0,0.0,0.0,0.0,23653294425.961647,23653294425.961647,0.0,0.0,0.0,0.0,0.0,0.0,0.0,0.0,0.0,0.0,0.0,0.0,0.0,0.0,0.0,0.0,0.0,2000000.0,0.0,0.0,0.0,0.0,0.0,0.0,4000000.0,0.0,0.0,0.0,0.0,0.0
migrating,0.09999999999999999,1,data/migrating/VS_run_1_det_Dv0.100_projection_diag.json,data/migrating/VS_run_1_det_Dv0.100_projection_history.csv,800,clip,0.0,1e-14,0.001,2000000,800,False,2501.009004354477,0.0,0.0,0.0,0.0,0.0,0.0,0.0,0.0,23677711377.279755,23677711377.279755,0.0,0.0,0.0,0.0,0.0,0.0,0.0,0.0,0.0,0.0,0.0,0.0,0.0,0.0,0.0,0.0,0.0,2000000.0,0.0,0.0,0.0,0.0,0.0,0.0,4000000.0,0.0,0.0,0.0,0.0,0.0
migrating,0.09999999999999999,2,data/migrating/VS_run_2_det_Dv0.100_projection_diag.json,data/migrating/VS_run_2_det_Dv0.100_projection_history.csv,800,clip,0.0,1e-14,0.001,2000000,800,False,2684.2416813373566,0.0,0.0,0.0,0.0,0.0,0.0,0.0,0.0,23652086937.602646,23652086937.602646,0.0,0.0,0.0,0.0,0.0,0.0,0.0,0.0,0.0,0.0,0.0,0.0,0.0,0.0,0.0,0.0,0.0,2000000.0,0.0,0.0,0.0,0.0,0.0,0.0,4000000.0,0.0,0.0,0.0,0.0,0.0
migrating,0.09999999999999999,3,data/migrating/VS_run_3_det_Dv0.100_projection_diag.json,data/migrating/VS_run_3_det_Dv0.100_projection_history.csv,800,clip,0.0,1e-14,0.001,2000000,800,False,2569.2525973320007,0.0,0.0,0.0,0.0,0.0,0.0,0.0,0.0,23661447905.974644,23661447905.974644,0.0,0.0,0.0,0.0,0.0,0.0,0.0,0.0,0.0,0.0,0.0,0.0,0.0,0.0,0.0,0.0,0.0,2000000.0,0.0,0.0,0.0,0.0,0.0,0.0,4000000.0,0.0,0.0,0.0,0.0,0.0
migrating,0.09999999999999999,4,data/migrating/VS_run_4_det_Dv0.100_projection_diag.json,data/migrating/VS_run_4_det_Dv0.100_projection_history.csv,800,clip,0.0,1e-14,0.001,2000000,800,False,2650.8011186122894,0.0,0.0,0.0,0.0,0.0,0.0,0.0,0.0,23643560351.27379,23643560351.27379,0.0,0.0,0.0,0.0,0.0,0.0,0.0,0.0,0.0,0.0,0.0,0.0,0.0,0.0,0.0,0.0,0.0,2000000.0,0.0,0.0,0.0,0.0,0.0,0.0,4000000.0,0.0,0.0,0.0,0.0,0.0
migrating,0.09999999999999999,5,data/migrating/VS_run_5_det_Dv0.100_projection_diag.json,data/migrating/VS_run_5_det_Dv0.100_projection_history.csv,800,clip,0.0,1e-14,0.001,2000000,800,False,2531.976530313492,0.0,0.0,0.0,0.0,0.0,0.0,0.0,0.0,23639704019.751022,23639704019.751022,0.0,0.0,0.0,0.0,0.0,0.0,0.0,0.0,0.0,0.0,0.0,0.0,0.0,0.0,0.0,0.0,0.0,2000000.0,0.0,0.0,0.0,0.0,0.0,0.0,4000000.0,0.0,0.0,0.0,0.0,0.0
migrating,0.09999999999999999,6,data/migrating/VS_run_6_det_Dv0.100_projection_diag.json,data/migrating/VS_run_6_det_Dv0.100_projection_history.csv,800,clip,0.0,1e-14,0.001,2000000,800,False,2614.4601011276245,0.0,0.0,0.0,0.0,0.0,0.0,0.0,0.0,23665817705.87634,23665817705.87634,0.0,0.0,0.0,0.0,0.0,0.0,0.0,0.0,0.0,0.0,0.0,0.0,0.0,0.0,0.0,0.0,0.0,2000000.0,0.0,0.0,0.0,0.0,0.0,0.0,4000000.0,0.0,0.0,0.0,0.0,0.0
migrating,0.09999999999999999,7,data/migrating/VS_run_7_det_Dv0.100_projection_diag.json,data/migrating/VS_run_7_det_Dv0.100_projection_history.csv,800,clip,0.0,1e-14,0.001,2000000,800,False,2576.7544887065887,0.0,0.0,0.0,0.0,0.0,0.0,0.0,0.0,23695235898.156204,23695235898.156204,0.0,0.0,0.0,0.0,0.0,0.0,0.0,0.0,0.0,0.0,0.0,0.0,0.0,0.0,0.0,0.0,0.0,2000000.0,0.0,0.0,0.0,0.0,0.0,0.0,4000000.0,0.0,0.0,0.0,0.0,0.0
migrating,0.09999999999999999,8,data/migrating/VS_run_8_det_Dv0.100_projection_diag.json,data/migrating/VS_run_8_det_Dv0.100_projection_history.csv,800,clip,0.0,1e-14,0.001,2000000,800,False,2519.2919940948486,0.0,0.0,0.0,0.0,0.0,0.0,0.0,0.0,23678681113.505356,23678681113.505356,0.0,0.0,0.0,0.0,0.0,0.0,0.0,0.0,0.0,0.0,0.0,0.0,0.0,0.0,0.0,0.0,0.0,2000000.0,0.0,0.0,0.0,0.0,0.0,0.0,4000000.0,0.0,0.0,0.0,0.0,0.0
migrating,0.09999999999999999,9,data/migrating/VS_run_9_det_Dv0.100_projection_diag.json,data/migrating/VS_run_9_det_Dv0.100_projection_history.csv,800,clip,0.0,1e-14,0.001,2000000,800,False,2571.025778532028,0.0,0.0,0.0,0.0,0.0,0.0,0.0,0.0,23639921984.58124,23639921984.58124,0.0,0.0,0.0,0.0,0.0,0.0,0.0,0.0,0.0,0.0,0.0,0.0,0.0,0.0,0.0,0.0,0.0,2000000.0,0.0,0.0,0.0,0.0,0.0,0.0,4000000.0,0.0,0.0,0.0,0.0,0.0
migrating,0.11,0,data/migrating/VS_run_0_det_Dv0.110_projection_diag.json,data/migrating/VS_run_0_det_Dv0.110_projection_history.csv,800,clip,0.0,1e-14,0.001,2000000,800,False,2527.5144209861755,0.0,0.0,0.0,0.0,0.0,0.0,0.0,0.0,23677711377.279755,23677711377.279755,0.0,0.0,0.0,0.0,0.0,0.0,0.0,0.0,0.0,0.0,0.0,0.0,0.0,0.0,0.0,0.0,0.0,2000000.0,0.0,0.0,0.0,0.0,0.0,0.0,4000000.0,0.0,0.0,0.0,0.0,0.0
migrating,0.11,1,data/migrating/VS_run_1_det_Dv0.110_projection_diag.json,data/migrating/VS_run_1_det_Dv0.110_projection_history.csv,800,clip,0.0,1e-14,0.001,2000000,800,False,2513.365636110306,0.0,0.0,0.0,0.0,0.0,0.0,0.0,0.0,23652086937.602646,23652086937.602646,0.0,0.0,0.0,0.0,0.0,0.0,0.0,0.0,0.0,0.0,0.0,0.0,0.0,0.0,0.0,0.0,0.0,2000000.0,0.0,0.0,0.0,0.0,0.0,0.0,4000000.0,0.0,0.0,0.0,0.0,0.0
migrating,0.11,2,data/migrating/VS_run_2_det_Dv0.110_projection_diag.json,data/migrating/VS_run_2_det_Dv0.110_projection_history.csv,800,clip,0.0,1e-14,0.001,2000000,800,False,2674.3677656650543,0.0,0.0,0.0,0.0,0.0,0.0,0.0,0.0,23661447905.974644,23661447905.974644,0.0,0.0,0.0,0.0,0.0,0.0,0.0,0.0,0.0,0.0,0.0,0.0,0.0,0.0,0.0,0.0,0.0,2000000.0,0.0,0.0,0.0,0.0,0.0,0.0,4000000.0,0.0,0.0,0.0,0.0,0.0
migrating,0.11,3,data/migrating/VS_run_3_det_Dv0.110_projection_diag.json,data/migrating/VS_run_3_det_Dv0.110_projection_history.csv,800,clip,0.0,1e-14,0.001,2000000,800,False,2562.729171514511,0.0,0.0,0.0,0.0,0.0,0.0,0.0,0.0,23643560351.27379,23643560351.27379,0.0,0.0,0.0,0.0,0.0,0.0,0.0,0.0,0.0,0.0,0.0,0.0,0.0,0.0,0.0,0.0,0.0,2000000.0,0.0,0.0,0.0,0.0,0.0,0.0,4000000.0,0.0,0.0,0.0,0.0,0.0
migrating,0.11,4,data/migrating/VS_run_4_det_Dv0.110_projection_diag.json,data/migrating/VS_run_4_det_Dv0.110_projection_history.csv,800,clip,0.0,1e-14,0.001,2000000,800,False,2632.736205816269,0.0,0.0,0.0,0.0,0.0,0.0,0.0,0.0,23639704019.751022,23639704019.751022,0.0,0.0,0.0,0.0,0.0,0.0,0.0,0.0,0.0,0.0,0.0,0.0,0.0,0.0,0.0,0.0,0.0,2000000.0,0.0,0.0,0.0,0.0,0.0,0.0,4000000.0,0.0,0.0,0.0,0.0,0.0
migrating,0.11,5,data/migrating/VS_run_5_det_Dv0.110_projection_diag.json,data/migrating/VS_run_5_det_Dv0.110_projection_history.csv,800,clip,0.0,1e-14,0.001,2000000,800,False,2569.508492231369,0.0,0.0,0.0,0.0,0.0,0.0,0.0,0.0,23665817705.87634,23665817705.87634,0.0,0.0,0.0,0.0,0.0,0.0,0.0,0.0,0.0,0.0,0.0,0.0,0.0,0.0,0.0,0.0,0.0,2000000.0,0.0,0.0,0.0,0.0,0.0,0.0,4000000.0,0.0,0.0,0.0,0.0,0.0
migrating,0.11,6,data/migrating/VS_run_6_det_Dv0.110_projection_diag.json,data/migrating/VS_run_6_det_Dv0.110_projection_history.csv,800,clip,0.0,1e-14,0.001,2000000,800,False,2612.4001309871674,0.0,0.0,0.0,0.0,0.0,0.0,0.0,0.0,23695235898.156204,23695235898.156204,0.0,0.0,0.0,0.0,0.0,0.0,0.0,0.0,0.0,0.0,0.0,0.0,0.0,0.0,0.0,0.0,0.0,2000000.0,0.0,0.0,0.0,0.0,0.0,0.0,4000000.0,0.0,0.0,0.0,0.0,0.0
migrating,0.11,7,data/migrating/VS_run_7_det_Dv0.110_projection_diag.json,data/migrating/VS_run_7_det_Dv0.110_projection_history.csv,800,clip,0.0,1e-14,0.001,2000000,800,False,2575.2825407981873,0.0,0.0,0.0,0.0,0.0,0.0,0.0,0.0,23678681113.505356,23678681113.505356,0.0,0.0,0.0,0.0,0.0,0.0,0.0,0.0,0.0,0.0,0.0,0.0,0.0,0.0,0.0,0.0,0.0,2000000.0,0.0,0.0,0.0,0.0,0.0,0.0,4000000.0,0.0,0.0,0.0,0.0,0.0
migrating,0.11,8,data/migrating/VS_run_8_det_Dv0.110_projection_diag.json,data/migrating/VS_run_8_det_Dv0.110_projection_history.csv,800,clip,0.0,1e-14,0.001,2000000,800,False,2531.9053013324738,0.0,0.0,0.0,0.0,0.0,0.0,0.0,0.0,23639921984.58124,23639921984.58124,0.0,0.0,0.0,0.0,0.0,0.0,0.0,0.0,0.0,0.0,0.0,0.0,0.0,0.0,0.0,0.0,0.0,2000000.0,0.0,0.0,0.0,0.0,0.0,0.0,4000000.0,0.0,0.0,0.0,0.0,0.0
migrating,0.11,9,data/migrating/VS_run_9_det_Dv0.110_projection_diag.json,data/migrating/VS_run_9_det_Dv0.110_projection_history.csv,800,clip,0.0,1e-14,0.001,2000000,800,False,2548.947323322296,0.0,0.0,0.0,0.0,0.0,0.0,0.0,0.0,23678084488.079403,23678084488.079403,0.0,0.0,0.0,0.0,0.0,0.0,0.0,0.0,0.0,0.0,0.0,0.0,0.0,0.0,0.0,0.0,0.0,2000000.0,0.0,0.0,0.0,0.0,0.0,0.0,4000000.0,0.0,0.0,0.0,0.0,0.0
migrating,0.12,0,data/migrating/VS_run_0_det_Dv0.120_projection_diag.json,data/migrating/VS_run_0_det_Dv0.120_projection_history.csv,800,clip,0.0,1e-14,0.001,2000000,800,False,2529.5548298358917,0.0,0.0,0.0,0.0,0.0,0.0,0.0,0.0,23652086937.602646,23652086937.602646,0.0,0.0,0.0,0.0,0.0,0.0,0.0,0.0,0.0,0.0,0.0,0.0,0.0,0.0,0.0,0.0,0.0,2000000.0,0.0,0.0,0.0,0.0,0.0,0.0,4000000.0,0.0,0.0,0.0,0.0,0.0
migrating,0.12,1,data/migrating/VS_run_1_det_Dv0.120_projection_diag.json,data/migrating/VS_run_1_det_Dv0.120_projection_history.csv,800,clip,0.0,1e-14,0.001,2000000,800,False,2518.468484401703,0.0,0.0,0.0,0.0,0.0,0.0,0.0,0.0,23661447905.974644,23661447905.974644,0.0,0.0,0.0,0.0,0.0,0.0,0.0,0.0,0.0,0.0,0.0,0.0,0.0,0.0,0.0,0.0,0.0,2000000.0,0.0,0.0,0.0,0.0,0.0,0.0,4000000.0,0.0,0.0,0.0,0.0,0.0
migrating,0.12,2,data/migrating/VS_run_2_det_Dv0.120_projection_diag.json,data/migrating/VS_run_2_det_Dv0.120_projection_history.csv,800,clip,0.0,1e-14,0.001,2000000,800,False,2671.754818916321,0.0,0.0,0.0,0.0,0.0,0.0,0.0,0.0,23643560351.27379,23643560351.27379,0.0,0.0,0.0,0.0,0.0,0.0,0.0,0.0,0.0,0.0,0.0,0.0,0.0,0.0,0.0,0.0,0.0,2000000.0,0.0,0.0,0.0,0.0,0.0,0.0,4000000.0,0.0,0.0,0.0,0.0,0.0
migrating,0.12,3,data/migrating/VS_run_3_det_Dv0.120_projection_diag.json,data/migrating/VS_run_3_det_Dv0.120_projection_history.csv,800,clip,0.0,1e-14,0.001,2000000,800,False,2563.2384915351868,0.0,0.0,0.0,0.0,0.0,0.0,0.0,0.0,23639704019.751022,23639704019.751022,0.0,0.0,0.0,0.0,0.0,0.0,0.0,0.0,0.0,0.0,0.0,0.0,0.0,0.0,0.0,0.0,0.0,2000000.0,0.0,0.0,0.0,0.0,0.0,0.0,4000000.0,0.0,0.0,0.0,0.0,0.0
migrating,0.12,4,data/migrating/VS_run_4_det_Dv0.120_projection_diag.json,data/migrating/VS_run_4_det_Dv0.120_projection_history.csv,800,clip,0.0,1e-14,0.001,2000000,800,False,2632.66002702713,0.0,0.0,0.0,0.0,0.0,0.0,0.0,0.0,23665817705.87634,23665817705.87634,0.0,0.0,0.0,0.0,0.0,0.0,0.0,0.0,0.0,0.0,0.0,0.0,0.0,0.0,0.0,0.0,0.0,2000000.0,0.0,0.0,0.0,0.0,0.0,0.0,4000000.0,0.0,0.0,0.0,0.0,0.0
migrating,0.12,5,data/migrating/VS_run_5_det_Dv0.120_projection_diag.json,data/migrating/VS_run_5_det_Dv0.120_projection_history.csv,800,clip,0.0,1e-14,0.001,2000000,800,False,2567.4467935562134,0.0,0.0,0.0,0.0,0.0,0.0,0.0,0.0,23695235898.156204,23695235898.156204,0.0,0.0,0.0,0.0,0.0,0.0,0.0,0.0,0.0,0.0,0.0,0.0,0.0,0.0,0.0,0.0,0.0,2000000.0,0.0,0.0,0.0,0.0,0.0,0.0,4000000.0,0.0,0.0,0.0,0.0,0.0
migrating,0.12,6,data/migrating/VS_run_6_det_Dv0.120_projection_diag.json,data/migrating/VS_run_6_det_Dv0.120_projection_history.csv,800,clip,0.0,1e-14,0.001,2000000,800,False,2617.025976896286,0.0,0.0,0.0,0.0,0.0,0.0,0.0,0.0,23678681113.505356,23678681113.505356,0.0,0.0,0.0,0.0,0.0,0.0,0.0,0.0,0.0,0.0,0.0,0.0,0.0,0.0,0.0,0.0,0.0,2000000.0,0.0,0.0,0.0,0.0,0.0,0.0,4000000.0,0.0,0.0,0.0,0.0,0.0
migrating,0.12,7,data/migrating/VS_run_7_det_Dv0.120_projection_diag.json,data/migrating/VS_run_7_det_Dv0.120_projection_history.csv,800,clip,0.0,1e-14,0.001,2000000,800,False,2577.129322528839,0.0,0.0,0.0,0.0,0.0,0.0,0.0,0.0,23639921984.58124,23639921984.58124,0.0,0.0,0.0,0.0,0.0,0.0,0.0,0.0,0.0,0.0,0.0,0.0,0.0,0.0,0.0,0.0,0.0,2000000.0,0.0,0.0,0.0,0.0,0.0,0.0,4000000.0,0.0,0.0,0.0,0.0,0.0
migrating,0.12,8,data/migrating/VS_run_8_det_Dv0.120_projection_diag.json,data/migrating/VS_run_8_det_Dv0.120_projection_history.csv,800,clip,0.0,1e-14,0.001,2000000,800,False,2526.7664728164673,0.0,0.0,0.0,0.0,0.0,0.0,0.0,0.0,23678084488.079403,23678084488.079403,0.0,0.0,0.0,0.0,0.0,0.0,0.0,0.0,0.0,0.0,0.0,0.0,0.0,0.0,0.0,0.0,0.0,2000000.0,0.0,0.0,0.0,0.0,0.0,0.0,4000000.0,0.0,0.0,0.0,0.0,0.0
migrating,0.12,9,data/migrating/VS_run_9_det_Dv0.120_projection_diag.json,data/migrating/VS_run_9_det_Dv0.120_projection_history.csv,800,clip,0.0,1e-14,0.001,2000000,800,False,2595.286777496338,0.0,0.0,0.0,0.0,0.0,0.0,0.0,0.0,23639862210.925106,23639862210.925106,0.0,0.0,0.0,0.0,0.0,0.0,0.0,0.0,0.0,0.0,0.0,0.0,0.0,0.0,0.0,0.0,0.0,2000000.0,0.0,0.0,0.0,0.0,0.0,0.0,4000000.0,0.0,0.0,0.0,0.0,0.0
migrating,0.13,0,data/migrating/VS_run_0_det_Dv0.130_projection_diag.json,data/migrating/VS_run_0_det_Dv0.130_projection_history.csv,800,clip,0.0,1e-14,0.001,2000000,800,False,2528.159754514694,0.0,0.0,0.0,0.0,0.0,0.0,0.0,0.0,23661447905.974644,23661447905.974644,0.0,0.0,0.0,0.0,0.0,0.0,0.0,0.0,0.0,0.0,0.0,0.0,0.0,0.0,0.0,0.0,0.0,2000000.0,0.0,0.0,0.0,0.0,0.0,0.0,4000000.0,0.0,0.0,0.0,0.0,0.0
migrating,0.13,1,data/migrating/VS_run_1_det_Dv0.130_projection_diag.json,data/migrating/VS_run_1_det_Dv0.130_projection_history.csv,800,clip,0.0,1e-14,0.001,2000000,800,False,2512.3696808815002,0.0,0.0,0.0,0.0,0.0,0.0,0.0,0.0,23643560351.27379,23643560351.27379,0.0,0.0,0.0,0.0,0.0,0.0,0.0,0.0,0.0,0.0,0.0,0.0,0.0,0.0,0.0,0.0,0.0,2000000.0,0.0,0.0,0.0,0.0,0.0,0.0,4000000.0,0.0,0.0,0.0,0.0,0.0
migrating,0.13,2,data/migrating/VS_run_2_det_Dv0.130_projection_diag.json,data/migrating/VS_run_2_det_Dv0.130_projection_history.csv,800,clip,0.0,1e-14,0.001,2000000,800,False,2669.585417509079,0.0,0.0,0.0,0.0,0.0,0.0,0.0,0.0,23639704019.751022,23639704019.751022,0.0,0.0,0.0,0.0,0.0,0.0,0.0,0.0,0.0,0.0,0.0,0.0,0.0,0.0,0.0,0.0,0.0,2000000.0,0.0,0.0,0.0,0.0,0.0,0.0,4000000.0,0.0,0.0,0.0,0.0,0.0
migrating,0.13,3,data/migrating/VS_run_3_det_Dv0.130_projection_diag.json,data/migrating/VS_run_3_det_Dv0.130_projection_history.csv,800,clip,0.0,1e-14,0.001,2000000,800,False,2565.498181581497,0.0,0.0,0.0,0.0,0.0,0.0,0.0,0.0,23665817705.87634,23665817705.87634,0.0,0.0,0.0,0.0,0.0,0.0,0.0,0.0,0.0,0.0,0.0,0.0,0.0,0.0,0.0,0.0,0.0,2000000.0,0.0,0.0,0.0,0.0,0.0,0.0,4000000.0,0.0,0.0,0.0,0.0,0.0
migrating,0.13,4,data/migrating/VS_run_4_det_Dv0.130_projection_diag.json,data/migrating/VS_run_4_det_Dv0.130_projection_history.csv,800,clip,0.0,1e-14,0.001,2000000,800,False,2595.7741525173187,0.0,0.0,0.0,0.0,0.0,0.0,0.0,0.0,23695235898.156204,23695235898.156204,0.0,0.0,0.0,0.0,0.0,0.0,0.0,0.0,0.0,0.0,0.0,0.0,0.0,0.0,0.0,0.0,0.0,2000000.0,0.0,0.0,0.0,0.0,0.0,0.0,4000000.0,0.0,0.0,0.0,0.0,0.0
migrating,0.13,5,data/migrating/VS_run_5_det_Dv0.130_projection_diag.json,data/migrating/VS_run_5_det_Dv0.130_projection_history.csv,800,clip,0.0,1e-14,0.001,2000000,800,False,2569.3083794116974,0.0,0.0,0.0,0.0,0.0,0.0,0.0,0.0,23678681113.505356,23678681113.505356,0.0,0.0,0.0,0.0,0.0,0.0,0.0,0.0,0.0,0.0,0.0,0.0,0.0,0.0,0.0,0.0,0.0,2000000.0,0.0,0.0,0.0,0.0,0.0,0.0,4000000.0,0.0,0.0,0.0,0.0,0.0
migrating,0.13,6,data/migrating/VS_run_6_det_Dv0.130_projection_diag.json,data/migrating/VS_run_6_det_Dv0.130_projection_history.csv,800,clip,0.0,1e-14,0.001,2000000,800,False,2617.402225971222,0.0,0.0,0.0,0.0,0.0,0.0,0.0,0.0,23639921984.58124,23639921984.58124,0.0,0.0,0.0,0.0,0.0,0.0,0.0,0.0,0.0,0.0,0.0,0.0,0.0,0.0,0.0,0.0,0.0,2000000.0,0.0,0.0,0.0,0.0,0.0,0.0,4000000.0,0.0,0.0,0.0,0.0,0.0
migrating,0.13,7,data/migrating/VS_run_7_det_Dv0.130_projection_diag.json,data/migrating/VS_run_7_det_Dv0.130_projection_history.csv,800,clip,0.0,1e-14,0.001,2000000,800,False,2575.2866196632385,0.0,0.0,0.0,0.0,0.0,0.0,0.0,0.0,23678084488.079403,23678084488.079403,0.0,0.0,0.0,0.0,0.0,0.0,0.0,0.0,0.0,0.0,0.0,0.0,0.0,0.0,0.0,0.0,0.0,2000000.0,0.0,0.0,0.0,0.0,0.0,0.0,4000000.0,0.0,0.0,0.0,0.0,0.0
migrating,0.13,8,data/migrating/VS_run_8_det_Dv0.130_projection_diag.json,data/migrating/VS_run_8_det_Dv0.130_projection_history.csv,800,clip,0.0,1e-14,0.001,2000000,800,False,2518.7751574516296,0.0,0.0,0.0,0.0,0.0,0.0,0.0,0.0,23639862210.925106,23639862210.925106,0.0,0.0,0.0,0.0,0.0,0.0,0.0,0.0,0.0,0.0,0.0,0.0,0.0,0.0,0.0,0.0,0.0,2000000.0,0.0,0.0,0.0,0.0,0.0,0.0,4000000.0,0.0,0.0,0.0,0.0,0.0
migrating,0.13,9,data/migrating/VS_run_9_det_Dv0.130_projection_diag.json,data/migrating/VS_run_9_det_Dv0.130_projection_history.csv,800,clip,0.0,1e-14,0.001,2000000,800,False,2591.686951637268,0.0,0.0,0.0,0.0,0.0,0.0,0.0,0.0,23657856941.352997,23657856941.352997,0.0,0.0,0.0,0.0,0.0,0.0,0.0,0.0,0.0,0.0,0.0,0.0,0.0,0.0,0.0,0.0,0.0,2000000.0,0.0,0.0,0.0,0.0,0.0,0.0,4000000.0,0.0,0.0,0.0,0.0,0.0
migrating,0.14,0,data/migrating/VS_run_0_det_Dv0.140_projection_diag.json,data/migrating/VS_run_0_det_Dv0.140_projection_history.csv,800,clip,0.0,1e-14,0.001,2000000,800,False,2531.3789250850677,0.0,0.0,0.0,0.0,0.0,0.0,0.0,0.0,23643560351.27379,23643560351.27379,0.0,0.0,0.0,0.0,0.0,0.0,0.0,0.0,0.0,0.0,0.0,0.0,0.0,0.0,0.0,0.0,0.0,2000000.0,0.0,0.0,0.0,0.0,0.0,0.0,4000000.0,0.0,0.0,0.0,0.0,0.0
migrating,0.14,1,data/migrating/VS_run_1_det_Dv0.140_projection_diag.json,data/migrating/VS_run_1_det_Dv0.140_projection_history.csv,800,clip,0.0,1e-14,0.001,2000000,800,False,2519.197404384613,0.0,0.0,0.0,0.0,0.0,0.0,0.0,0.0,23639704019.751022,23639704019.751022,0.0,0.0,0.0,0.0,0.0,0.0,0.0,0.0,0.0,0.0,0.0,0.0,0.0,0.0,0.0,0.0,0.0,2000000.0,0.0,0.0,0.0,0.0,0.0,0.0,4000000.0,0.0,0.0,0.0,0.0,0.0
migrating,0.14,2,data/migrating/VS_run_2_det_Dv0.140_projection_diag.json,data/migrating/VS_run_2_det_Dv0.140_projection_history.csv,800,clip,0.0,1e-14,0.001,2000000,800,False,2654.90204000473,0.0,0.0,0.0,0.0,0.0,0.0,0.0,0.0,23665817705.87634,23665817705.87634,0.0,0.0,0.0,0.0,0.0,0.0,0.0,0.0,0.0,0.0,0.0,0.0,0.0,0.0,0.0,0.0,0.0,2000000.0,0.0,0.0,0.0,0.0,0.0,0.0,4000000.0,0.0,0.0,0.0,0.0,0.0
migrating,0.14,3,data/migrating/VS_run_3_det_Dv0.140_projection_diag.json,data/migrating/VS_run_3_det_Dv0.140_projection_history.csv,800,clip,0.0,1e-14,0.001,2000000,800,False,2557.1000487804413,0.0,0.0,0.0,0.0,0.0,0.0,0.0,0.0,23695235898.156204,23695235898.156204,0.0,0.0,0.0,0.0,0.0,0.0,0.0,0.0,0.0,0.0,0.0,0.0,0.0,0.0,0.0,0.0,0.0,2000000.0,0.0,0.0,0.0,0.0,0.0,0.0,4000000.0,0.0,0.0,0.0,0.0,0.0
migrating,0.14,4,data/migrating/VS_run_4_det_Dv0.140_projection_diag.json,data/migrating/VS_run_4_det_Dv0.140_projection_history.csv,800,clip,0.0,1e-14,0.001,2000000,800,False,2610.440788269043,0.0,0.0,0.0,0.0,0.0,0.0,0.0,0.0,23678681113.505356,23678681113.505356,0.0,0.0,0.0,0.0,0.0,0.0,0.0,0.0,0.0,0.0,0.0,0.0,0.0,0.0,0.0,0.0,0.0,2000000.0,0.0,0.0,0.0,0.0,0.0,0.0,4000000.0,0.0,0.0,0.0,0.0,0.0
migrating,0.14,5,data/migrating/VS_run_5_det_Dv0.140_projection_diag.json,data/migrating/VS_run_5_det_Dv0.140_projection_history.csv,800,clip,0.0,1e-14,0.001,2000000,800,False,2537.163462638855,0.0,0.0,0.0,0.0,0.0,0.0,0.0,0.0,23639921984.58124,23639921984.58124,0.0,0.0,0.0,0.0,0.0,0.0,0.0,0.0,0.0,0.0,0.0,0.0,0.0,0.0,0.0,0.0,0.0,2000000.0,0.0,0.0,0.0,0.0,0.0,0.0,4000000.0,0.0,0.0,0.0,0.0,0.0
migrating,0.14,6,data/migrating/VS_run_6_det_Dv0.140_projection_diag.json,data/migrating/VS_run_6_det_Dv0.140_projection_history.csv,800,clip,0.0,1e-14,0.001,2000000,800,False,2606.5602247714996,0.0,0.0,0.0,0.0,0.0,0.0,0.0,0.0,23678084488.079403,23678084488.079403,0.0,0.0,0.0,0.0,0.0,0.0,0.0,0.0,0.0,0.0,0.0,0.0,0.0,0.0,0.0,0.0,0.0,2000000.0,0.0,0.0,0.0,0.0,0.0,0.0,4000000.0,0.0,0.0,0.0,0.0,0.0
migrating,0.14,7,data/migrating/VS_run_7_det_Dv0.140_projection_diag.json,data/migrating/VS_run_7_det_Dv0.140_projection_history.csv,800,clip,0.0,1e-14,0.001,2000000,800,False,2575.279559612274,0.0,0.0,0.0,0.0,0.0,0.0,0.0,0.0,23639862210.925106,23639862210.925106,0.0,0.0,0.0,0.0,0.0,0.0,0.0,0.0,0.0,0.0,0.0,0.0,0.0,0.0,0.0,0.0,0.0,2000000.0,0.0,0.0,0.0,0.0,0.0,0.0,4000000.0,0.0,0.0,0.0,0.0,0.0
migrating,0.14,8,data/migrating/VS_run_8_det_Dv0.140_projection_diag.json,data/migrating/VS_run_8_det_Dv0.140_projection_history.csv,800,clip,0.0,1e-14,0.001,2000000,800,False,2546.51451253891,0.0,0.0,0.0,0.0,0.0,0.0,0.0,0.0,23657856941.352997,23657856941.352997,0.0,0.0,0.0,0.0,0.0,0.0,0.0,0.0,0.0,0.0,0.0,0.0,0.0,0.0,0.0,0.0,0.0,2000000.0,0.0,0.0,0.0,0.0,0.0,0.0,4000000.0,0.0,0.0,0.0,0.0,0.0
migrating,0.14,9,data/migrating/VS_run_9_det_Dv0.140_projection_diag.json,data/migrating/VS_run_9_det_Dv0.140_projection_history.csv,800,clip,0.0,1e-14,0.001,2000000,800,False,2586.941252708435,0.0,0.0,0.0,0.0,0.0,0.0,0.0,0.0,23677029121.258904,23677029121.258904,0.0,0.0,0.0,0.0,0.0,0.0,0.0,0.0,0.0,0.0,0.0,0.0,0.0,0.0,0.0,0.0,0.0,2000000.0,0.0,0.0,0.0,0.0,0.0,0.0,4000000.0,0.0,0.0,0.0,0.0,0.0
migrating,0.15000000000000002,0,data/migrating/VS_run_0_det_Dv0.150_projection_diag.json,data/migrating/VS_run_0_det_Dv0.150_projection_history.csv,800,clip,0.0,1e-14,0.001,2000000,800,False,2537.241882801056,0.0,0.0,0.0,0.0,0.0,0.0,0.0,0.0,23639704019.751022,23639704019.751022,0.0,0.0,0.0,0.0,0.0,0.0,0.0,0.0,0.0,0.0,0.0,0.0,0.0,0.0,0.0,0.0,0.0,2000000.0,0.0,0.0,0.0,0.0,0.0,0.0,4000000.0,0.0,0.0,0.0,0.0,0.0
migrating,0.15000000000000002,1,data/migrating/VS_run_1_det_Dv0.150_projection_diag.json,data/migrating/VS_run_1_det_Dv0.150_projection_history.csv,800,clip,0.0,1e-14,0.001,2000000,800,False,2513.3917865753174,0.0,0.0,0.0,0.0,0.0,0.0,0.0,0.0,23665817705.87634,23665817705.87634,0.0,0.0,0.0,0.0,0.0,0.0,0.0,0.0,0.0,0.0,0.0,0.0,0.0,0.0,0.0,0.0,0.0,2000000.0,0.0,0.0,0.0,0.0,0.0,0.0,4000000.0,0.0,0.0,0.0,0.0,0.0
migrating,0.15000000000000002,2,data/migrating/VS_run_2_det_Dv0.150_projection_diag.json,data/migrating/VS_run_2_det_Dv0.150_projection_history.csv,800,clip,0.0,1e-14,0.001,2000000,800,False,2652.826918363571,0.0,0.0,0.0,0.0,0.0,0.0,0.0,0.0,23695235898.156204,23695235898.156204,0.0,0.0,0.0,0.0,0.0,0.0,0.0,0.0,0.0,0.0,0.0,0.0,0.0,0.0,0.0,0.0,0.0,2000000.0,0.0,0.0,0.0,0.0,0.0,0.0,4000000.0,0.0,0.0,0.0,0.0,0.0
migrating,0.15000000000000002,3,data/migrating/VS_run_3_det_Dv0.150_projection_diag.json,data/migrating/VS_run_3_det_Dv0.150_projection_history.csv,800,clip,0.0,1e-14,0.001,2000000,800,False,2561.620113134384,0.0,0.0,0.0,0.0,0.0,0.0,0.0,0.0,23678681113.505356,23678681113.505356,0.0,0.0,0.0,0.0,0.0,0.0,0.0,0.0,0.0,0.0,0.0,0.0,0.0,0.0,0.0,0.0,0.0,2000000.0,0.0,0.0,0.0,0.0,0.0,0.0,4000000.0,0.0,0.0,0.0,0.0,0.0
migrating,0.15000000000000002,4,data/migrating/VS_run_4_det_Dv0.150_projection_diag.json,data/migrating/VS_run_4_det_Dv0.150_projection_history.csv,800,clip,0.0,1e-14,0.001,2000000,800,False,2594.551634788513,0.0,0.0,0.0,0.0,0.0,0.0,0.0,0.0,23639921984.58124,23639921984.58124,0.0,0.0,0.0,0.0,0.0,0.0,0.0,0.0,0.0,0.0,0.0,0.0,0.0,0.0,0.0,0.0,0.0,2000000.0,0.0,0.0,0.0,0.0,0.0,0.0,4000000.0,0.0,0.0,0.0,0.0,0.0
migrating,0.15000000000000002,5,data/migrating/VS_run_5_det_Dv0.150_projection_diag.json,data/migrating/VS_run_5_det_Dv0.150_projection_history.csv,800,clip,0.0,1e-14,0.001,2000000,800,False,2563.663864850998,0.0,0.0,0.0,0.0,0.0,0.0,0.0,0.0,23678084488.079403,23678084488.079403,0.0,0.0,0.0,0.0,0.0,0.0,0.0,0.0,0.0,0.0,0.0,0.0,0.0,0.0,0.0,0.0,0.0,2000000.0,0.0,0.0,0.0,0.0,0.0,0.0,4000000.0,0.0,0.0,0.0,0.0,0.0
migrating,0.15000000000000002,6,data/migrating/VS_run_6_det_Dv0.150_projection_diag.json,data/migrating/VS_run_6_det_Dv0.150_projection_history.csv,800,clip,0.0,1e-14,0.001,2000000,800,False,2606.2376973629,0.0,0.0,0.0,0.0,0.0,0.0,0.0,0.0,23639862210.925106,23639862210.925106,0.0,0.0,0.0,0.0,0.0,0.0,0.0,0.0,0.0,0.0,0.0,0.0,0.0,0.0,0.0,0.0,0.0,2000000.0,0.0,0.0,0.0,0.0,0.0,0.0,4000000.0,0.0,0.0,0.0,0.0,0.0
migrating,0.15000000000000002,7,data/migrating/VS_run_7_det_Dv0.150_projection_diag.json,data/migrating/VS_run_7_det_Dv0.150_projection_history.csv,800,clip,0.0,1e-14,0.001,2000000,800,False,2576.719442129135,0.0,0.0,0.0,0.0,0.0,0.0,0.0,0.0,23657856941.352997,23657856941.352997,0.0,0.0,0.0,0.0,0.0,0.0,0.0,0.0,0.0,0.0,0.0,0.0,0.0,0.0,0.0,0.0,0.0,2000000.0,0.0,0.0,0.0,0.0,0.0,0.0,4000000.0,0.0,0.0,0.0,0.0,0.0
migrating,0.15000000000000002,8,data/migrating/VS_run_8_det_Dv0.150_projection_diag.json,data/migrating/VS_run_8_det_Dv0.150_projection_history.csv,800,clip,0.0,1e-14,0.001,2000000,800,False,2525.638882637024,0.0,0.0,0.0,0.0,0.0,0.0,0.0,0.0,23677029121.258904,23677029121.258904,0.0,0.0,0.0,0.0,0.0,0.0,0.0,0.0,0.0,0.0,0.0,0.0,0.0,0.0,0.0,0.0,0.0,2000000.0,0.0,0.0,0.0,0.0,0.0,0.0,4000000.0,0.0,0.0,0.0,0.0,0.0
migrating,0.15000000000000002,9,data/migrating/VS_run_9_det_Dv0.150_projection_diag.json,data/migrating/VS_run_9_det_Dv0.150_projection_history.csv,800,clip,0.0,1e-14,0.001,2000000,800,False,2596.527598142624,0.0,0.0,0.0,0.0,0.0,0.0,0.0,0.0,23652170616.182384,23652170616.182384,0.0,0.0,0.0,0.0,0.0,0.0,0.0,0.0,0.0,0.0,0.0,0.0,0.0,0.0,0.0,0.0,0.0,2000000.0,0.0,0.0,0.0,0.0,0.0,0.0,4000000.0,0.0,0.0,0.0,0.0,0.0
migrating,0.16,0,data/migrating/VS_run_0_det_Dv0.160_projection_diag.json,data/migrating/VS_run_0_det_Dv0.160_projection_history.csv,800,clip,0.0,1e-14,0.001,2000000,800,False,2529.0378012657166,0.0,0.0,0.0,0.0,0.0,0.0,0.0,0.0,23665817705.87634,23665817705.87634,0.0,0.0,0.0,0.0,0.0,0.0,0.0,0.0,0.0,0.0,0.0,0.0,0.0,0.0,0.0,0.0,0.0,2000000.0,0.0,0.0,0.0,0.0,0.0,0.0,4000000.0,0.0,0.0,0.0,0.0,0.0
migrating,0.16,1,data/migrating/VS_run_1_det_Dv0.160_projection_diag.json,data/migrating/VS_run_1_det_Dv0.160_projection_history.csv,800,clip,0.0,1e-14,0.001,2000000,800,False,2513.439512014389,0.0,0.0,0.0,0.0,0.0,0.0,0.0,0.0,23695235898.156204,23695235898.156204,0.0,0.0,0.0,0.0,0.0,0.0,0.0,0.0,0.0,0.0,0.0,0.0,0.0,0.0,0.0,0.0,0.0,2000000.0,0.0,0.0,0.0,0.0,0.0,0.0,4000000.0,0.0,0.0,0.0,0.0,0.0
migrating,0.16,2,data/migrating/VS_run_2_det_Dv0.160_projection_diag.json,data/migrating/VS_run_2_det_Dv0.160_projection_history.csv,800,clip,0.0,1e-14,0.001,2000000,800,False,2667.5184786319733,0.0,0.0,0.0,0.0,0.0,0.0,0.0,0.0,23678681113.505356,23678681113.505356,0.0,0.0,0.0,0.0,0.0,0.0,0.0,0.0,0.0,0.0,0.0,0.0,0.0,0.0,0.0,0.0,0.0,2000000.0,0.0,0.0,0.0,0.0,0.0,0.0,4000000.0,0.0,0.0,0.0,0.0,0.0
migrating,0.16,3,data/migrating/VS_run_3_det_Dv0.160_projection_diag.json,data/migrating/VS_run_3_det_Dv0.160_projection_history.csv,800,clip,0.0,1e-14,0.001,2000000,800,False,2567.854972600937,0.0,0.0,0.0,0.0,0.0,0.0,0.0,0.0,23639921984.58124,23639921984.58124,0.0,0.0,0.0,0.0,0.0,0.0,0.0,0.0,0.0,0.0,0.0,0.0,0.0,0.0,0.0,0.0,0.0,2000000.0,0.0,0.0,0.0,0.0,0.0,0.0,4000000.0,0.0,0.0,0.0,0.0,0.0
migrating,0.16,4,data/migrating/VS_run_4_det_Dv0.160_projection_diag.json,data/migrating/VS_run_4_det_Dv0.160_projection_history.csv,800,clip,0.0,1e-14,0.001,2000000,800,False,2599.681172132492,0.0,0.0,0.0,0.0,0.0,0.0,0.0,0.0,23678084488.079403,23678084488.079403,0.0,0.0,0.0,0.0,0.0,0.0,0.0,0.0,0.0,0.0,0.0,0.0,0.0,0.0,0.0,0.0,0.0,2000000.0,0.0,0.0,0.0,0.0,0.0,0.0,4000000.0,0.0,0.0,0.0,0.0,0.0
migrating,0.16,5,data/migrating/VS_run_5_det_Dv0.160_projection_diag.json,data/migrating/VS_run_5_det_Dv0.160_projection_history.csv,800,clip,0.0,1e-14,0.001,2000000,800,False,2524.662855386734,0.0,0.0,0.0,0.0,0.0,0.0,0.0,0.0,23639862210.925106,23639862210.925106,0.0,0.0,0.0,0.0,0.0,0.0,0.0,0.0,0.0,0.0,0.0,0.0,0.0,0.0,0.0,0.0,0.0,2000000.0,0.0,0.0,0.0,0.0,0.0,0.0,4000000.0,0.0,0.0,0.0,0.0,0.0
migrating,0.16,6,data/migrating/VS_run_6_det_Dv0.160_projection_diag.json,data/migrating/VS_run_6_det_Dv0.160_projection_history.csv,800,clip,0.0,1e-14,0.001,2000000,800,False,2609.3608722686768,0.0,0.0,0.0,0.0,0.0,0.0,0.0,0.0,23657856941.352997,23657856941.352997,0.0,0.0,0.0,0.0,0.0,0.0,0.0,0.0,0.0,0.0,0.0,0.0,0.0,0.0,0.0,0.0,0.0,2000000.0,0.0,0.0,0.0,0.0,0.0,0.0,4000000.0,0.0,0.0,0.0,0.0,0.0
migrating,0.16,7,data/migrating/VS_run_7_det_Dv0.160_projection_diag.json,data/migrating/VS_run_7_det_Dv0.160_projection_history.csv,800,clip,0.0,1e-14,0.001,2000000,800,False,2583.520690202713,0.0,0.0,0.0,0.0,0.0,0.0,0.0,0.0,23677029121.258904,23677029121.258904,0.0,0.0,0.0,0.0,0.0,0.0,0.0,0.0,0.0,0.0,0.0,0.0,0.0,0.0,0.0,0.0,0.0,2000000.0,0.0,0.0,0.0,0.0,0.0,0.0,4000000.0,0.0,0.0,0.0,0.0,0.0
migrating,0.16,8,data/migrating/VS_run_8_det_Dv0.160_projection_diag.json,data/migrating/VS_run_8_det_Dv0.160_projection_history.csv,800,clip,0.0,1e-14,0.001,2000000,800,False,2530.2248482704163,0.0,0.0,0.0,0.0,0.0,0.0,0.0,0.0,23652170616.182384,23652170616.182384,0.0,0.0,0.0,0.0,0.0,0.0,0.0,0.0,0.0,0.0,0.0,0.0,0.0,0.0,0.0,0.0,0.0,2000000.0,0.0,0.0,0.0,0.0,0.0,0.0,4000000.0,0.0,0.0,0.0,0.0,0.0
migrating,0.16,9,data/migrating/VS_run_9_det_Dv0.160_projection_diag.json,data/migrating/VS_run_9_det_Dv0.160_projection_history.csv,800,clip,0.0,1e-14,0.001,2000000,800,False,2579.3035864830017,0.0,0.0,0.0,0.0,0.0,0.0,0.0,0.0,23663518300.83018,23663518300.83018,0.0,0.0,0.0,0.0,0.0,0.0,0.0,0.0,0.0,0.0,0.0,0.0,0.0,0.0,0.0,0.0,0.0,2000000.0,0.0,0.0,0.0,0.0,0.0,0.0,4000000.0,0.0,0.0,0.0,0.0,0.0
migrating,0.17,0,data/migrating/VS_run_0_det_Dv0.170_projection_diag.json,data/migrating/VS_run_0_det_Dv0.170_projection_history.csv,800,clip,0.0,1e-14,0.001,2000000,800,False,2157.9574942588806,0.0,0.0,0.0,0.0,0.0,0.0,0.0,0.0,23695235898.156204,23695235898.156204,0.0,0.0,0.0,0.0,0.0,0.0,0.0,0.0,0.0,0.0,0.0,0.0,0.0,0.0,0.0,0.0,0.0,2000000.0,0.0,0.0,0.0,0.0,0.0,0.0,4000000.0,0.0,0.0,0.0,0.0,0.0
migrating,0.17,1,data/migrating/VS_run_1_det_Dv0.170_projection_diag.json,data/migrating/VS_run_1_det_Dv0.170_projection_history.csv,800,clip,0.0,1e-14,0.001,2000000,800,False,2106.676598072052,0.0,0.0,0.0,0.0,0.0,0.0,0.0,0.0,23678681113.505356,23678681113.505356,0.0,0.0,0.0,0.0,0.0,0.0,0.0,0.0,0.0,0.0,0.0,0.0,0.0,0.0,0.0,0.0,0.0,2000000.0,0.0,0.0,0.0,0.0,0.0,0.0,4000000.0,0.0,0.0,0.0,0.0,0.0
migrating,0.17,2,data/migrating/VS_run_2_det_Dv0.170_projection_diag.json,data/migrating/VS_run_2_det_Dv0.170_projection_history.csv,800,clip,0.0,1e-14,0.001,2000000,800,False,2134.851837873459,0.0,0.0,0.0,0.0,0.0,0.0,0.0,0.0,23639921984.58124,23639921984.58124,0.0,0.0,0.0,0.0,0.0,0.0,0.0,0.0,0.0,0.0,0.0,0.0,0.0,0.0,0.0,0.0,0.0,2000000.0,0.0,0.0,0.0,0.0,0.0,0.0,4000000.0,0.0,0.0,0.0,0.0,0.0
migrating,0.17,3,data/migrating/VS_run_3_det_Dv0.170_projection_diag.json,data/migrating/VS_run_3_det_Dv0.170_projection_history.csv,800,clip,0.0,1e-14,0.001,2000000,800,False,2123.8642902374268,0.0,0.0,0.0,0.0,0.0,0.0,0.0,0.0,23678084488.079403,23678084488.079403,0.0,0.0,0.0,0.0,0.0,0.0,0.0,0.0,0.0,0.0,0.0,0.0,0.0,0.0,0.0,0.0,0.0,2000000.0,0.0,0.0,0.0,0.0,0.0,0.0,4000000.0,0.0,0.0,0.0,0.0,0.0
migrating,0.17,4,data/migrating/VS_run_4_det_Dv0.170_projection_diag.json,data/migrating/VS_run_4_det_Dv0.170_projection_history.csv,800,clip,0.0,1e-14,0.001,2000000,800,False,2150.4012553691864,0.0,0.0,0.0,0.0,0.0,0.0,0.0,0.0,23639862210.925106,23639862210.925106,0.0,0.0,0.0,0.0,0.0,0.0,0.0,0.0,0.0,0.0,0.0,0.0,0.0,0.0,0.0,0.0,0.0,2000000.0,0.0,0.0,0.0,0.0,0.0,0.0,4000000.0,0.0,0.0,0.0,0.0,0.0
migrating,0.17,5,data/migrating/VS_run_5_det_Dv0.170_projection_diag.json,data/migrating/VS_run_5_det_Dv0.170_projection_history.csv,800,clip,0.0,1e-14,0.001,2000000,800,False,2165.713352918625,0.0,0.0,0.0,0.0,0.0,0.0,0.0,0.0,23657856941.352997,23657856941.352997,0.0,0.0,0.0,0.0,0.0,0.0,0.0,0.0,0.0,0.0,0.0,0.0,0.0,0.0,0.0,0.0,0.0,2000000.0,0.0,0.0,0.0,0.0,0.0,0.0,4000000.0,0.0,0.0,0.0,0.0,0.0
migrating,0.17,6,data/migrating/VS_run_6_det_Dv0.170_projection_diag.json,data/migrating/VS_run_6_det_Dv0.170_projection_history.csv,800,clip,0.0,1e-14,0.001,2000000,800,False,2130.308541536331,0.0,0.0,0.0,0.0,0.0,0.0,0.0,0.0,23677029121.258904,23677029121.258904,0.0,0.0,0.0,0.0,0.0,0.0,0.0,0.0,0.0,0.0,0.0,0.0,0.0,0.0,0.0,0.0,0.0,2000000.0,0.0,0.0,0.0,0.0,0.0,0.0,4000000.0,0.0,0.0,0.0,0.0,0.0
migrating,0.17,7,data/migrating/VS_run_7_det_Dv0.170_projection_diag.json,data/migrating/VS_run_7_det_Dv0.170_projection_history.csv,800,clip,0.0,1e-14,0.001,2000000,800,False,2114.387039422989,0.0,0.0,0.0,0.0,0.0,0.0,0.0,0.0,23652170616.182384,23652170616.182384,0.0,0.0,0.0,0.0,0.0,0.0,0.0,0.0,0.0,0.0,0.0,0.0,0.0,0.0,0.0,0.0,0.0,2000000.0,0.0,0.0,0.0,0.0,0.0,0.0,4000000.0,0.0,0.0,0.0,0.0,0.0
migrating,0.17,8,data/migrating/VS_run_8_det_Dv0.170_projection_diag.json,data/migrating/VS_run_8_det_Dv0.170_projection_history.csv,800,clip,0.0,1e-14,0.001,2000000,800,False,2152.689644098282,0.0,0.0,0.0,0.0,0.0,0.0,0.0,0.0,23663518300.83018,23663518300.83018,0.0,0.0,0.0,0.0,0.0,0.0,0.0,0.0,0.0,0.0,0.0,0.0,0.0,0.0,0.0,0.0,0.0,2000000.0,0.0,0.0,0.0,0.0,0.0,0.0,4000000.0,0.0,0.0,0.0,0.0,0.0
migrating,0.17,9,data/migrating/VS_run_9_det_Dv0.170_projection_diag.json,data/migrating/VS_run_9_det_Dv0.170_projection_history.csv,800,clip,0.0,1e-14,0.001,2000000,800,False,2157.1567857265472,0.0,0.0,0.0,0.0,0.0,0.0,0.0,0.0,23626477424.578884,23626477424.578884,0.0,0.0,0.0,0.0,0.0,0.0,0.0,0.0,0.0,0.0,0.0,0.0,0.0,0.0,0.0,0.0,0.0,2000000.0,0.0,0.0,0.0,0.0,0.0,0.0,4000000.0,0.0,0.0,0.0,0.0,0.0
migrating,0.18000000000000002,0,data/migrating/VS_run_0_det_Dv0.180_projection_diag.json,data/migrating/VS_run_0_det_Dv0.180_projection_history.csv,800,clip,0.0,1e-14,0.001,2000000,800,False,2156.9892315864563,0.0,0.0,0.0,0.0,0.0,0.0,0.0,0.0,23678681113.505356,23678681113.505356,0.0,0.0,0.0,0.0,0.0,0.0,0.0,0.0,0.0,0.0,0.0,0.0,0.0,0.0,0.0,0.0,0.0,2000000.0,0.0,0.0,0.0,0.0,0.0,0.0,4000000.0,0.0,0.0,0.0,0.0,0.0
migrating,0.18000000000000002,1,data/migrating/VS_run_1_det_Dv0.180_projection_diag.json,data/migrating/VS_run_1_det_Dv0.180_projection_history.csv,800,clip,0.0,1e-14,0.001,2000000,800,False,2112.2488543987274,0.0,0.0,0.0,0.0,0.0,0.0,0.0,0.0,23639921984.58124,23639921984.58124,0.0,0.0,0.0,0.0,0.0,0.0,0.0,0.0,0.0,0.0,0.0,0.0,0.0,0.0,0.0,0.0,0.0,2000000.0,0.0,0.0,0.0,0.0,0.0,0.0,4000000.0,0.0,0.0,0.0,0.0,0.0
migrating,0.18000000000000002,2,data/migrating/VS_run_2_det_Dv0.180_projection_diag.json,data/migrating/VS_run_2_det_Dv0.180_projection_history.csv,800,clip,0.0,1e-14,0.001,2000000,800,False,2140.5181732177734,0.0,0.0,0.0,0.0,0.0,0.0,0.0,0.0,23678084488.079403,23678084488.079403,0.0,0.0,0.0,0.0,0.0,0.0,0.0,0.0,0.0,0.0,0.0,0.0,0.0,0.0,0.0,0.0,0.0,2000000.0,0.0,0.0,0.0,0.0,0.0,0.0,4000000.0,0.0,0.0,0.0,0.0,0.0
migrating,0.18000000000000002,3,data/migrating/VS_run_3_det_Dv0.180_projection_diag.json,data/migrating/VS_run_3_det_Dv0.180_projection_history.csv,800,clip,0.0,1e-14,0.001,2000000,800,False,2121.563485145569,0.0,0.0,0.0,0.0,0.0,0.0,0.0,0.0,23639862210.925106,23639862210.925106,0.0,0.0,0.0,0.0,0.0,0.0,0.0,0.0,0.0,0.0,0.0,0.0,0.0,0.0,0.0,0.0,0.0,2000000.0,0.0,0.0,0.0,0.0,0.0,0.0,4000000.0,0.0,0.0,0.0,0.0,0.0
migrating,0.18000000000000002,4,data/migrating/VS_run_4_det_Dv0.180_projection_diag.json,data/migrating/VS_run_4_det_Dv0.180_projection_history.csv,800,clip,0.0,1e-14,0.001,2000000,800,False,2151.1080446243286,0.0,0.0,0.0,0.0,0.0,0.0,0.0,0.0,23657856941.352997,23657856941.352997,0.0,0.0,0.0,0.0,0.0,0.0,0.0,0.0,0.0,0.0,0.0,0.0,0.0,0.0,0.0,0.0,0.0,2000000.0,0.0,0.0,0.0,0.0,0.0,0.0,4000000.0,0.0,0.0,0.0,0.0,0.0
migrating,0.18000000000000002,5,data/migrating/VS_run_5_det_Dv0.180_projection_diag.json,data/migrating/VS_run_5_det_Dv0.180_projection_history.csv,800,clip,0.0,1e-14,0.001,2000000,800,False,2165.5067253112793,0.0,0.0,0.0,0.0,0.0,0.0,0.0,0.0,23677029121.258904,23677029121.258904,0.0,0.0,0.0,0.0,0.0,0.0,0.0,0.0,0.0,0.0,0.0,0.0,0.0,0.0,0.0,0.0,0.0,2000000.0,0.0,0.0,0.0,0.0,0.0,0.0,4000000.0,0.0,0.0,0.0,0.0,0.0
migrating,0.18000000000000002,6,data/migrating/VS_run_6_det_Dv0.180_projection_diag.json,data/migrating/VS_run_6_det_Dv0.180_projection_history.csv,800,clip,0.0,1e-14,0.001,2000000,800,False,2126.288591861725,0.0,0.0,0.0,0.0,0.0,0.0,0.0,0.0,23652170616.182384,23652170616.182384,0.0,0.0,0.0,0.0,0.0,0.0,0.0,0.0,0.0,0.0,0.0,0.0,0.0,0.0,0.0,0.0,0.0,2000000.0,0.0,0.0,0.0,0.0,0.0,0.0,4000000.0,0.0,0.0,0.0,0.0,0.0
migrating,0.18000000000000002,7,data/migrating/VS_run_7_det_Dv0.180_projection_diag.json,data/migrating/VS_run_7_det_Dv0.180_projection_history.csv,800,clip,0.0,1e-14,0.001,2000000,800,False,2113.8163707256317,0.0,0.0,0.0,0.0,0.0,0.0,0.0,0.0,23663518300.83018,23663518300.83018,0.0,0.0,0.0,0.0,0.0,0.0,0.0,0.0,0.0,0.0,0.0,0.0,0.0,0.0,0.0,0.0,0.0,2000000.0,0.0,0.0,0.0,0.0,0.0,0.0,4000000.0,0.0,0.0,0.0,0.0,0.0
migrating,0.18000000000000002,8,data/migrating/VS_run_8_det_Dv0.180_projection_diag.json,data/migrating/VS_run_8_det_Dv0.180_projection_history.csv,800,clip,0.0,1e-14,0.001,2000000,800,False,2153.2487468719482,0.0,0.0,0.0,0.0,0.0,0.0,0.0,0.0,23626477424.578884,23626477424.578884,0.0,0.0,0.0,0.0,0.0,0.0,0.0,0.0,0.0,0.0,0.0,0.0,0.0,0.0,0.0,0.0,0.0,2000000.0,0.0,0.0,0.0,0.0,0.0,0.0,4000000.0,0.0,0.0,0.0,0.0,0.0
migrating,0.18000000000000002,9,data/migrating/VS_run_9_det_Dv0.180_projection_diag.json,data/migrating/VS_run_9_det_Dv0.180_projection_history.csv,800,clip,0.0,1e-14,0.001,2000000,800,False,2161.570937871933,0.0,0.0,0.0,0.0,0.0,0.0,0.0,0.0,23660000038.113842,23660000038.113842,0.0,0.0,0.0,0.0,0.0,0.0,0.0,0.0,0.0,0.0,0.0,0.0,0.0,0.0,0.0,0.0,0.0,2000000.0,0.0,0.0,0.0,0.0,0.0,0.0,4000000.0,0.0,0.0,0.0,0.0,0.0
migrating,0.19,0,data/migrating/VS_run_0_det_Dv0.190_projection_diag.json,data/migrating/VS_run_0_det_Dv0.190_projection_history.csv,800,clip,0.0,1e-14,0.001,2000000,800,False,2158.982358455658,0.0,0.0,0.0,0.0,0.0,0.0,0.0,0.0,23639921984.58124,23639921984.58124,0.0,0.0,0.0,0.0,0.0,0.0,0.0,0.0,0.0,0.0,0.0,0.0,0.0,0.0,0.0,0.0,0.0,2000000.0,0.0,0.0,0.0,0.0,0.0,0.0,4000000.0,0.0,0.0,0.0,0.0,0.0
migrating,0.19,1,data/migrating/VS_run_1_det_Dv0.190_projection_diag.json,data/migrating/VS_run_1_det_Dv0.190_projection_history.csv,800,clip,0.0,1e-14,0.001,2000000,800,False,2115.521251440048,0.0,0.0,0.0,0.0,0.0,0.0,0.0,0.0,23678084488.079403,23678084488.079403,0.0,0.0,0.0,0.0,0.0,0.0,0.0,0.0,0.0,0.0,0.0,0.0,0.0,0.0,0.0,0.0,0.0,2000000.0,0.0,0.0,0.0,0.0,0.0,0.0,4000000.0,0.0,0.0,0.0,0.0,0.0
migrating,0.19,2,data/migrating/VS_run_2_det_Dv0.190_projection_diag.json,data/migrating/VS_run_2_det_Dv0.190_projection_history.csv,800,clip,0.0,1e-14,0.001,2000000,800,False,2136.7405178546906,0.0,0.0,0.0,0.0,0.0,0.0,0.0,0.0,23639862210.925106,23639862210.925106,0.0,0.0,0.0,0.0,0.0,0.0,0.0,0.0,0.0,0.0,0.0,0.0,0.0,0.0,0.0,0.0,0.0,2000000.0,0.0,0.0,0.0,0.0,0.0,0.0,4000000.0,0.0,0.0,0.0,0.0,0.0
migrating,0.19,3,data/migrating/VS_run_3_det_Dv0.190_projection_diag.json,data/migrating/VS_run_3_det_Dv0.190_projection_history.csv,800,clip,0.0,1e-14,0.001,2000000,800,False,2122.9974250793457,0.0,0.0,0.0,0.0,0.0,0.0,0.0,0.0,23657856941.352997,23657856941.352997,0.0,0.0,0.0,0.0,0.0,0.0,0.0,0.0,0.0,0.0,0.0,0.0,0.0,0.0,0.0,0.0,0.0,2000000.0,0.0,0.0,0.0,0.0,0.0,0.0,4000000.0,0.0,0.0,0.0,0.0,0.0
migrating,0.19,4,data/migrating/VS_run_4_det_Dv0.190_projection_diag.json,data/migrating/VS_run_4_det_Dv0.190_projection_history.csv,800,clip,0.0,1e-14,0.001,2000000,800,False,2148.4176168441772,0.0,0.0,0.0,0.0,0.0,0.0,0.0,0.0,23677029121.258904,23677029121.258904,0.0,0.0,0.0,0.0,0.0,0.0,0.0,0.0,0.0,0.0,0.0,0.0,0.0,0.0,0.0,0.0,0.0,2000000.0,0.0,0.0,0.0,0.0,0.0,0.0,4000000.0,0.0,0.0,0.0,0.0,0.0
migrating,0.19,5,data/migrating/VS_run_5_det_Dv0.190_projection_diag.json,data/migrating/VS_run_5_det_Dv0.190_projection_history.csv,800,clip,0.0,1e-14,0.001,2000000,800,False,2167.97438788414,0.0,0.0,0.0,0.0,0.0,0.0,0.0,0.0,23652170616.182384,23652170616.182384,0.0,0.0,0.0,0.0,0.0,0.0,0.0,0.0,0.0,0.0,0.0,0.0,0.0,0.0,0.0,0.0,0.0,2000000.0,0.0,0.0,0.0,0.0,0.0,0.0,4000000.0,0.0,0.0,0.0,0.0,0.0
migrating,0.19,6,data/migrating/VS_run_6_det_Dv0.190_projection_diag.json,data/migrating/VS_run_6_det_Dv0.190_projection_history.csv,800,clip,0.0,1e-14,0.001,2000000,800,False,2133.0717825889587,0.0,0.0,0.0,0.0,0.0,0.0,0.0,0.0,23663518300.83018,23663518300.83018,0.0,0.0,0.0,0.0,0.0,0.0,0.0,0.0,0.0,0.0,0.0,0.0,0.0,0.0,0.0,0.0,0.0,2000000.0,0.0,0.0,0.0,0.0,0.0,0.0,4000000.0,0.0,0.0,0.0,0.0,0.0
migrating,0.19,7,data/migrating/VS_run_7_det_Dv0.190_projection_diag.json,data/migrating/VS_run_7_det_Dv0.190_projection_history.csv,800,clip,0.0,1e-14,0.001,2000000,800,False,2114.7065556049347,0.0,0.0,0.0,0.0,0.0,0.0,0.0,0.0,23626477424.578884,23626477424.578884,0.0,0.0,0.0,0.0,0.0,0.0,0.0,0.0,0.0,0.0,0.0,0.0,0.0,0.0,0.0,0.0,0.0,2000000.0,0.0,0.0,0.0,0.0,0.0,0.0,4000000.0,0.0,0.0,0.0,0.0,0.0
migrating,0.19,8,data/migrating/VS_run_8_det_Dv0.190_projection_diag.json,data/migrating/VS_run_8_det_Dv0.190_projection_history.csv,800,clip,0.0,1e-14,0.001,2000000,800,False,2153.067530155182,0.0,0.0,0.0,0.0,0.0,0.0,0.0,0.0,23660000038.113842,23660000038.113842,0.0,0.0,0.0,0.0,0.0,0.0,0.0,0.0,0.0,0.0,0.0,0.0,0.0,0.0,0.0,0.0,0.0,2000000.0,0.0,0.0,0.0,0.0,0.0,0.0,4000000.0,0.0,0.0,0.0,0.0,0.0
migrating,0.19,9,data/migrating/VS_run_9_det_Dv0.190_projection_diag.json,data/migrating/VS_run_9_det_Dv0.190_projection_history.csv,800,clip,0.0,1e-14,0.001,2000000,800,False,2158.033176422119,0.0,0.0,0.0,0.0,0.0,0.0,0.0,0.0,23691093427.319866,23691093427.319866,0.0,0.0,0.0,0.0,0.0,0.0,0.0,0.0,0.0,0.0,0.0,0.0,0.0,0.0,0.0,0.0,0.0,2000000.0,0.0,0.0,0.0,0.0,0.0,0.0,4000000.0,0.0,0.0,0.0,0.0,0.0
migrating,0.2,0,data/migrating/VS_run_0_det_Dv0.200_projection_diag.json,data/migrating/VS_run_0_det_Dv0.200_projection_history.csv,800,clip,0.0,1e-14,0.001,2000000,800,False,2160.3088290691376,0.0,0.0,0.0,0.0,0.0,0.0,0.0,0.0,23678084488.079403,23678084488.079403,0.0,0.0,0.0,0.0,0.0,0.0,0.0,0.0,0.0,0.0,0.0,0.0,0.0,0.0,0.0,0.0,0.0,2000000.0,0.0,0.0,0.0,0.0,0.0,0.0,4000000.0,0.0,0.0,0.0,0.0,0.0
migrating,0.2,1,data/migrating/VS_run_1_det_Dv0.200_projection_diag.json,data/migrating/VS_run_1_det_Dv0.200_projection_history.csv,800,clip,0.0,1e-14,0.001,2000000,800,False,2114.533660173416,0.0,0.0,0.0,0.0,0.0,0.0,0.0,0.0,23639862210.925106,23639862210.925106,0.0,0.0,0.0,0.0,0.0,0.0,0.0,0.0,0.0,0.0,0.0,0.0,0.0,0.0,0.0,0.0,0.0,2000000.0,0.0,0.0,0.0,0.0,0.0,0.0,4000000.0,0.0,0.0,0.0,0.0,0.0
migrating,0.2,2,data/migrating/VS_run_2_det_Dv0.200_projection_diag.json,data/migrating/VS_run_2_det_Dv0.200_projection_history.csv,800,clip,0.0,1e-14,0.001,2000000,800,False,2137.5019512176514,0.0,0.0,0.0,0.0,0.0,0.0,0.0,0.0,23657856941.352997,23657856941.352997,0.0,0.0,0.0,0.0,0.0,0.0,0.0,0.0,0.0,0.0,0.0,0.0,0.0,0.0,0.0,0.0,0.0,2000000.0,0.0,0.0,0.0,0.0,0.0,0.0,4000000.0,0.0,0.0,0.0,0.0,0.0
migrating,0.2,3,data/migrating/VS_run_3_det_Dv0.200_projection_diag.json,data/migrating/VS_run_3_det_Dv0.200_projection_history.csv,800,clip,0.0,1e-14,0.001,2000000,800,False,2119.1080691814423,0.0,0.0,0.0,0.0,0.0,0.0,0.0,0.0,23677029121.258904,23677029121.258904,0.0,0.0,0.0,0.0,0.0,0.0,0.0,0.0,0.0,0.0,0.0,0.0,0.0,0.0,0.0,0.0,0.0,2000000.0,0.0,0.0,0.0,0.0,0.0,0.0,4000000.0,0.0,0.0,0.0,0.0,0.0
migrating,0.2,4,data/migrating/VS_run_4_det_Dv0.200_projection_diag.json,data/migrating/VS_run_4_det_Dv0.200_projection_history.csv,800,clip,0.0,1e-14,0.001,2000000,800,False,2151.629320859909,0.0,0.0,0.0,0.0,0.0,0.0,0.0,0.0,23652170616.182384,23652170616.182384,0.0,0.0,0.0,0.0,0.0,0.0,0.0,0.0,0.0,0.0,0.0,0.0,0.0,0.0,0.0,0.0,0.0,2000000.0,0.0,0.0,0.0,0.0,0.0,0.0,4000000.0,0.0,0.0,0.0,0.0,0.0
migrating,0.2,5,data/migrating/VS_run_5_det_Dv0.200_projection_diag.json,data/migrating/VS_run_5_det_Dv0.200_projection_history.csv,800,clip,0.0,1e-14,0.001,2000000,800,False,2164.49018406868,0.0,0.0,0.0,0.0,0.0,0.0,0.0,0.0,23663518300.83018,23663518300.83018,0.0,0.0,0.0,0.0,0.0,0.0,0.0,0.0,0.0,0.0,0.0,0.0,0.0,0.0,0.0,0.0,0.0,2000000.0,0.0,0.0,0.0,0.0,0.0,0.0,4000000.0,0.0,0.0,0.0,0.0,0.0
migrating,0.2,6,data/migrating/VS_run_6_det_Dv0.200_projection_diag.json,data/migrating/VS_run_6_det_Dv0.200_projection_history.csv,800,clip,0.0,1e-14,0.001,2000000,800,False,2125.1880464553833,0.0,0.0,0.0,0.0,0.0,0.0,0.0,0.0,23626477424.578884,23626477424.578884,0.0,0.0,0.0,0.0,0.0,0.0,0.0,0.0,0.0,0.0,0.0,0.0,0.0,0.0,0.0,0.0,0.0,2000000.0,0.0,0.0,0.0,0.0,0.0,0.0,4000000.0,0.0,0.0,0.0,0.0,0.0
migrating,0.2,7,data/migrating/VS_run_7_det_Dv0.200_projection_diag.json,data/migrating/VS_run_7_det_Dv0.200_projection_history.csv,800,clip,0.0,1e-14,0.001,2000000,800,False,2118.7135107517242,0.0,0.0,0.0,0.0,0.0,0.0,0.0,0.0,23660000038.113842,23660000038.113842,0.0,0.0,0.0,0.0,0.0,0.0,0.0,0.0,0.0,0.0,0.0,0.0,0.0,0.0,0.0,0.0,0.0,2000000.0,0.0,0.0,0.0,0.0,0.0,0.0,4000000.0,0.0,0.0,0.0,0.0,0.0
migrating,0.2,8,data/migrating/VS_run_8_det_Dv0.200_projection_diag.json,data/migrating/VS_run_8_det_Dv0.200_projection_history.csv,800,clip,0.0,1e-14,0.001,2000000,800,False,2145.7623369693756,0.0,0.0,0.0,0.0,0.0,0.0,0.0,0.0,23691093427.319866,23691093427.319866,0.0,0.0,0.0,0.0,0.0,0.0,0.0,0.0,0.0,0.0,0.0,0.0,0.0,0.0,0.0,0.0,0.0,2000000.0,0.0,0.0,0.0,0.0,0.0,0.0,4000000.0,0.0,0.0,0.0,0.0,0.0
migrating,0.2,9,data/migrating/VS_run_9_det_Dv0.200_projection_diag.json,data/migrating/VS_run_9_det_Dv0.200_projection_history.csv,800,clip,0.0,1e-14,0.001,2000000,800,False,2159.377594232559,0.0,0.0,0.0,0.0,0.0,0.0,0.0,0.0,23634468949.014706,23634468949.014706,0.0,0.0,0.0,0.0,0.0,0.0,0.0,0.0,0.0,0.0,0.0,0.0,0.0,0.0,0.0,0.0,0.0,2000000.0,0.0,0.0,0.0,0.0,0.0,0.0,4000000.0,0.0,0.0,0.0,0.0,0.0
well-mixed,0.01,0,data/well-mixed/VS_run_0_det_Dv0.010_projection_diag.json,data/well-mixed/VS_run_0_det_Dv0.010_projection_history.csv,800,clip,0.0,1e-14,0.001,2000000,800,False,2524.2576112747192,0.0,0.0,0.0,0.0,0.0,0.0,0.0,0.0,23657039197.716408,23657039197.716408,0.0,0.0,0.0,0.0,0.0,0.0,0.0,0.0,0.0,0.0,0.0,0.0,0.0,0.0,0.0,0.0,0.0,2000000.0,0.0,0.0,0.0,0.0,0.0,0.0,4000000.0,0.0,0.0,0.0,0.0,0.0
well-mixed,0.01,1,data/well-mixed/VS_run_1_det_Dv0.010_projection_diag.json,data/well-mixed/VS_run_1_det_Dv0.010_projection_history.csv,800,clip,0.0,1e-14,0.001,2000000,800,False,2774.1893661022186,0.0,0.0,0.0,0.0,0.0,0.0,0.0,0.0,23657779724.811478,23657779724.811478,0.0,0.0,0.0,0.0,0.0,0.0,0.0,0.0,0.0,0.0,0.0,0.0,0.0,0.0,0.0,0.0,0.0,2000000.0,0.0,0.0,0.0,0.0,0.0,0.0,4000000.0,0.0,0.0,0.0,0.0,0.0
well-mixed,0.01,2,data/well-mixed/VS_run_2_det_Dv0.010_projection_diag.json,data/well-mixed/VS_run_2_det_Dv0.010_projection_history.csv,800,clip,0.0,1e-14,0.001,2000000,800,False,2543.922826528549,0.0,0.0,0.0,0.0,0.0,0.0,0.0,0.0,23643933405.62439,23643933405.62439,0.0,0.0,0.0,0.0,0.0,0.0,0.0,0.0,0.0,0.0,0.0,0.0,0.0,0.0,0.0,0.0,0.0,2000000.0,0.0,0.0,0.0,0.0,0.0,0.0,4000000.0,0.0,0.0,0.0,0.0,0.0
well-mixed,0.01,3,data/well-mixed/VS_run_3_det_Dv0.010_projection_diag.json,data/well-mixed/VS_run_3_det_Dv0.010_projection_history.csv,800,clip,0.0,1e-14,0.001,2000000,800,False,2602.154940843582,0.0,0.0,0.0,0.0,0.0,0.0,0.0,0.0,23670272153.6502,23670272153.6502,0.0,0.0,0.0,0.0,0.0,0.0,0.0,0.0,0.0,0.0,0.0,0.0,0.0,0.0,0.0,0.0,0.0,2000000.0,0.0,0.0,0.0,0.0,0.0,0.0,4000000.0,0.0,0.0,0.0,0.0,0.0
well-mixed,0.01,4,data/well-mixed/VS_run_4_det_Dv0.010_projection_diag.json,data/well-mixed/VS_run_4_det_Dv0.010_projection_history.csv,800,clip,0.0,1e-14,0.001,2000000,800,False,2557.1503636837006,0.0,0.0,0.0,0.0,0.0,0.0,0.0,0.0,23661944320.159386,23661944320.159386,0.0,0.0,0.0,0.0,0.0,0.0,0.0,0.0,0.0,0.0,0.0,0.0,0.0,0.0,0.0,0.0,0.0,2000000.0,0.0,0.0,0.0,0.0,0.0,0.0,4000000.0,0.0,0.0,0.0,0.0,0.0
well-mixed,0.01,5,data/well-mixed/VS_run_5_det_Dv0.010_projection_diag.json,data/well-mixed/VS_run_5_det_Dv0.010_projection_history.csv,800,clip,0.0,1e-14,0.001,2000000,800,False,2713.0641300678253,0.0,0.0,0.0,0.0,0.0,0.0,0.0,0.0,23663780843.53035,23663780843.53035,0.0,0.0,0.0,0.0,0.0,0.0,0.0,0.0,0.0,0.0,0.0,0.0,0.0,0.0,0.0,0.0,0.0,2000000.0,0.0,0.0,0.0,0.0,0.0,0.0,4000000.0,0.0,0.0,0.0,0.0,0.0
well-mixed,0.01,6,data/well-mixed/VS_run_6_det_Dv0.010_projection_diag.json,data/well-mixed/VS_run_6_det_Dv0.010_projection_history.csv,800,clip,0.0,1e-14,0.001,2000000,800,False,2511.7145640850067,0.0,0.0,0.0,0.0,0.0,0.0,0.0,0.0,23647242017.54023,23647242017.54023,0.0,0.0,0.0,0.0,0.0,0.0,0.0,0.0,0.0,0.0,0.0,0.0,0.0,0.0,0.0,0.0,0.0,2000000.0,0.0,0.0,0.0,0.0,0.0,0.0,4000000.0,0.0,0.0,0.0,0.0,0.0
well-mixed,0.01,7,data/well-mixed/VS_run_7_det_Dv0.010_projection_diag.json,data/well-mixed/VS_run_7_det_Dv0.010_projection_history.csv,800,clip,0.0,1e-14,0.001,2000000,800,False,2496.401968240738,0.0,0.0,0.0,0.0,0.0,0.0,0.0,0.0,23667014244.03645,23667014244.03645,0.0,0.0,0.0,0.0,0.0,0.0,0.0,0.0,0.0,0.0,0.0,0.0,0.0,0.0,0.0,0.0,0.0,2000000.0,0.0,0.0,0.0,0.0,0.0,0.0,4000000.0,0.0,0.0,0.0,0.0,0.0
well-mixed,0.01,8,data/well-mixed/VS_run_8_det_Dv0.010_projection_diag.json,data/well-mixed/VS_run_8_det_Dv0.010_projection_history.csv,800,clip,0.0,1e-14,0.001,2000000,800,False,2589.6022021770477,0.0,0.0,0.0,0.0,0.0,0.0,0.0,0.0,23688515172.139687,23688515172.139687,0.0,0.0,0.0,0.0,0.0,0.0,0.0,0.0,0.0,0.0,0.0,0.0,0.0,0.0,0.0,0.0,0.0,2000000.0,0.0,0.0,0.0,0.0,0.0,0.0,4000000.0,0.0,0.0,0.0,0.0,0.0
well-mixed,0.01,9,data/well-mixed/VS_run_9_det_Dv0.010_projection_diag.json,data/well-mixed/VS_run_9_det_Dv0.010_projection_history.csv,800,clip,0.0,1e-14,0.001,2000000,800,False,2553.9439821243286,0.0,0.0,0.0,0.0,0.0,0.0,0.0,0.0,23675097231.123253,23675097231.123253,0.0,0.0,0.0,0.0,0.0,0.0,0.0,0.0,0.0,0.0,0.0,0.0,0.0,0.0,0.0,0.0,0.0,2000000.0,0.0,0.0,0.0,0.0,0.0,0.0,4000000.0,0.0,0.0,0.0,0.0,0.0
well-mixed,0.02,0,data/well-mixed/VS_run_0_det_Dv0.020_projection_diag.json,data/well-mixed/VS_run_0_det_Dv0.020_projection_history.csv,800,clip,0.0,1e-14,0.001,2000000,800,False,2504.347419500351,0.0,0.0,0.0,0.0,0.0,0.0,0.0,0.0,23657779724.811478,23657779724.811478,0.0,0.0,0.0,0.0,0.0,0.0,0.0,0.0,0.0,0.0,0.0,0.0,0.0,0.0,0.0,0.0,0.0,2000000.0,0.0,0.0,0.0,0.0,0.0,0.0,4000000.0,0.0,0.0,0.0,0.0,0.0
well-mixed,0.02,1,data/well-mixed/VS_run_1_det_Dv0.020_projection_diag.json,data/well-mixed/VS_run_1_det_Dv0.020_projection_history.csv,800,clip,0.0,1e-14,0.001,2000000,800,False,2745.4777448177338,0.0,0.0,0.0,0.0,0.0,0.0,0.0,0.0,23643933405.62439,23643933405.62439,0.0,0.0,0.0,0.0,0.0,0.0,0.0,0.0,0.0,0.0,0.0,0.0,0.0,0.0,0.0,0.0,0.0,2000000.0,0.0,0.0,0.0,0.0,0.0,0.0,4000000.0,0.0,0.0,0.0,0.0,0.0
well-mixed,0.02,2,data/well-mixed/VS_run_2_det_Dv0.020_projection_diag.json,data/well-mixed/VS_run_2_det_Dv0.020_projection_history.csv,800,clip,0.0,1e-14,0.001,2000000,800,False,2577.197447538376,0.0,0.0,0.0,0.0,0.0,0.0,0.0,0.0,23670272153.6502,23670272153.6502,0.0,0.0,0.0,0.0,0.0,0.0,0.0,0.0,0.0,0.0,0.0,0.0,0.0,0.0,0.0,0.0,0.0,2000000.0,0.0,0.0,0.0,0.0,0.0,0.0,4000000.0,0.0,0.0,0.0,0.0,0.0
well-mixed,0.02,3,data/well-mixed/VS_run_3_det_Dv0.020_projection_diag.json,data/well-mixed/VS_run_3_det_Dv0.020_projection_history.csv,800,clip,0.0,1e-14,0.001,2000000,800,False,2609.6373069286346,0.0,0.0,0.0,0.0,0.0,0.0,0.0,0.0,23661944320.159386,23661944320.159386,0.0,0.0,0.0,0.0,0.0,0.0,0.0,0.0,0.0,0.0,0.0,0.0,0.0,0.0,0.0,0.0,0.0,2000000.0,0.0,0.0,0.0,0.0,0.0,0.0,4000000.0,0.0,0.0,0.0,0.0,0.0
well-mixed,0.02,4,data/well-mixed/VS_run_4_det_Dv0.020_projection_diag.json,data/well-mixed/VS_run_4_det_Dv0.020_projection_history.csv,800,clip,0.0,1e-14,0.001,2000000,800,False,2564.275691509247,0.0,0.0,0.0,0.0,0.0,0.0,0.0,0.0,23663780843.53035,23663780843.53035,0.0,0.0,0.0,0.0,0.0,0.0,0.0,0.0,0.0,0.0,0.0,0.0,0.0,0.0,0.0,0.0,0.0,2000000.0,0.0,0.0,0.0,0.0,0.0,0.0,4000000.0,0.0,0.0,0.0,0.0,0.0
well-mixed,0.02,5,data/well-mixed/VS_run_5_det_Dv0.020_projection_diag.json,data/well-mixed/VS_run_5_det_Dv0.020_projection_history.csv,800,clip,0.0,1e-14,0.001,2000000,800,False,2711.402539253235,0.0,0.0,0.0,0.0,0.0,0.0,0.0,0.0,23647242017.54023,23647242017.54023,0.0,0.0,0.0,0.0,0.0,0.0,0.0,0.0,0.0,0.0,0.0,0.0,0.0,0.0,0.0,0.0,0.0,2000000.0,0.0,0.0,0.0,0.0,0.0,0.0,4000000.0,0.0,0.0,0.0,0.0,0.0
well-mixed,0.02,6,data/well-mixed/VS_run_6_det_Dv0.020_projection_diag.json,data/well-mixed/VS_run_6_det_Dv0.020_projection_history.csv,800,clip,0.0,1e-14,0.001,2000000,800,False,2509.1008870601654,0.0,0.0,0.0,0.0,0.0,0.0,0.0,0.0,23667014244.03645,23667014244.03645,0.0,0.0,0.0,0.0,0.0,0.0,0.0,0.0,0.0,0.0,0.0,0.0,0.0,0.0,0.0,0.0,0.0,2000000.0,0.0,0.0,0.0,0.0,0.0,0.0,4000000.0,0.0,0.0,0.0,0.0,0.0
well-mixed,0.02,7,data/well-mixed/VS_run_7_det_Dv0.020_projection_diag.json,data/well-mixed/VS_run_7_det_Dv0.020_projection_history.csv,800,clip,0.0,1e-14,0.001,2000000,800,False,2511.579803943634,0.0,0.0,0.0,0.0,0.0,0.0,0.0,0.0,23688515172.139687,23688515172.139687,0.0,0.0,0.0,0.0,0.0,0.0,0.0,0.0,0.0,0.0,0.0,0.0,0.0,0.0,0.0,0.0,0.0,2000000.0,0.0,0.0,0.0,0.0,0.0,0.0,4000000.0,0.0,0.0,0.0,0.0,0.0
well-mixed,0.02,8,data/well-mixed/VS_run_8_det_Dv0.020_projection_diag.json,data/well-mixed/VS_run_8_det_Dv0.020_projection_history.csv,800,clip,0.0,1e-14,0.001,2000000,800,False,2589.773977994919,0.0,0.0,0.0,0.0,0.0,0.0,0.0,0.0,23675097231.123253,23675097231.123253,0.0,0.0,0.0,0.0,0.0,0.0,0.0,0.0,0.0,0.0,0.0,0.0,0.0,0.0,0.0,0.0,0.0,2000000.0,0.0,0.0,0.0,0.0,0.0,0.0,4000000.0,0.0,0.0,0.0,0.0,0.0
well-mixed,0.02,9,data/well-mixed/VS_run_9_det_Dv0.020_projection_diag.json,data/well-mixed/VS_run_9_det_Dv0.020_projection_history.csv,800,clip,0.0,1e-14,0.001,2000000,800,False,2565.656008005142,0.0,0.0,0.0,0.0,0.0,0.0,0.0,0.0,23649729378.268734,23649729378.268734,0.0,0.0,0.0,0.0,0.0,0.0,0.0,0.0,0.0,0.0,0.0,0.0,0.0,0.0,0.0,0.0,0.0,2000000.0,0.0,0.0,0.0,0.0,0.0,0.0,4000000.0,0.0,0.0,0.0,0.0,0.0
well-mixed,0.03,0,data/well-mixed/VS_run_0_det_Dv0.030_projection_diag.json,data/well-mixed/VS_run_0_det_Dv0.030_projection_history.csv,800,clip,0.0,1e-14,0.001,2000000,800,False,2518.644583463669,0.0,0.0,0.0,0.0,0.0,0.0,0.0,0.0,23643933405.62439,23643933405.62439,0.0,0.0,0.0,0.0,0.0,0.0,0.0,0.0,0.0,0.0,0.0,0.0,0.0,0.0,0.0,0.0,0.0,2000000.0,0.0,0.0,0.0,0.0,0.0,0.0,4000000.0,0.0,0.0,0.0,0.0,0.0
well-mixed,0.03,1,data/well-mixed/VS_run_1_det_Dv0.030_projection_diag.json,data/well-mixed/VS_run_1_det_Dv0.030_projection_history.csv,800,clip,0.0,1e-14,0.001,2000000,800,False,2762.12948513031,0.0,0.0,0.0,0.0,0.0,0.0,0.0,0.0,23670272153.6502,23670272153.6502,0.0,0.0,0.0,0.0,0.0,0.0,0.0,0.0,0.0,0.0,0.0,0.0,0.0,0.0,0.0,0.0,0.0,2000000.0,0.0,0.0,0.0,0.0,0.0,0.0,4000000.0,0.0,0.0,0.0,0.0,0.0
well-mixed,0.03,2,data/well-mixed/VS_run_2_det_Dv0.030_projection_diag.json,data/well-mixed/VS_run_2_det_Dv0.030_projection_history.csv,800,clip,0.0,1e-14,0.001,2000000,800,False,2555.3862459659576,0.0,0.0,0.0,0.0,0.0,0.0,0.0,0.0,23661944320.159386,23661944320.159386,0.0,0.0,0.0,0.0,0.0,0.0,0.0,0.0,0.0,0.0,0.0,0.0,0.0,0.0,0.0,0.0,0.0,2000000.0,0.0,0.0,0.0,0.0,0.0,0.0,4000000.0,0.0,0.0,0.0,0.0,0.0
well-mixed,0.03,3,data/well-mixed/VS_run_3_det_Dv0.030_projection_diag.json,data/well-mixed/VS_run_3_det_Dv0.030_projection_history.csv,800,clip,0.0,1e-14,0.001,2000000,800,False,2633.9586169719696,0.0,0.0,0.0,0.0,0.0,0.0,0.0,0.0,23663780843.53035,23663780843.53035,0.0,0.0,0.0,0.0,0.0,0.0,0.0,0.0,0.0,0.0,0.0,0.0,0.0,0.0,0.0,0.0,0.0,2000000.0,0.0,0.0,0.0,0.0,0.0,0.0,4000000.0,0.0,0.0,0.0,0.0,0.0
well-mixed,0.03,4,data/well-mixed/VS_run_4_det_Dv0.030_projection_diag.json,data/well-mixed/VS_run_4_det_Dv0.030_projection_history.csv,800,clip,0.0,1e-14,0.001,2000000,800,False,2557.8008046150208,0.0,0.0,0.0,0.0,0.0,0.0,0.0,0.0,23647242017.54023,23647242017.54023,0.0,0.0,0.0,0.0,0.0,0.0,0.0,0.0,0.0,0.0,0.0,0.0,0.0,0.0,0.0,0.0,0.0,2000000.0,0.0,0.0,0.0,0.0,0.0,0.0,4000000.0,0.0,0.0,0.0,0.0,0.0
well-mixed,0.03,5,data/well-mixed/VS_run_5_det_Dv0.030_projection_diag.json,data/well-mixed/VS_run_5_det_Dv0.030_projection_history.csv,800,clip,0.0,1e-14,0.001,2000000,800,False,2721.0259630680084,0.0,0.0,0.0,0.0,0.0,0.0,0.0,0.0,23667014244.03645,23667014244.03645,0.0,0.0,0.0,0.0,0.0,0.0,0.0,0.0,0.0,0.0,0.0,0.0,0.0,0.0,0.0,0.0,0.0,2000000.0,0.0,0.0,0.0,0.0,0.0,0.0,4000000.0,0.0,0.0,0.0,0.0,0.0
well-mixed,0.03,6,data/well-mixed/VS_run_6_det_Dv0.030_projection_diag.json,data/well-mixed/VS_run_6_det_Dv0.030_projection_history.csv,800,clip,0.0,1e-14,0.001,2000000,800,False,2498.2488384246826,0.0,0.0,0.0,0.0,0.0,0.0,0.0,0.0,23688515172.139687,23688515172.139687,0.0,0.0,0.0,0.0,0.0,0.0,0.0,0.0,0.0,0.0,0.0,0.0,0.0,0.0,0.0,0.0,0.0,2000000.0,0.0,0.0,0.0,0.0,0.0,0.0,4000000.0,0.0,0.0,0.0,0.0,0.0
well-mixed,0.03,7,data/well-mixed/VS_run_7_det_Dv0.030_projection_diag.json,data/well-mixed/VS_run_7_det_Dv0.030_projection_history.csv,800,clip,0.0,1e-14,0.001,2000000,800,False,2511.9893074035645,0.0,0.0,0.0,0.0,0.0,0.0,0.0,0.0,23675097231.123253,23675097231.123253,0.0,0.0,0.0,0.0,0.0,0.0,0.0,0.0,0.0,0.0,0.0,0.0,0.0,0.0,0.0,0.0,0.0,2000000.0,0.0,0.0,0.0,0.0,0.0,0.0,4000000.0,0.0,0.0,0.0,0.0,0.0
well-mixed,0.03,8,data/well-mixed/VS_run_8_det_Dv0.030_projection_diag.json,data/well-mixed/VS_run_8_det_Dv0.030_projection_history.csv,800,clip,0.0,1e-14,0.001,2000000,800,False,2600.8856132030487,0.0,0.0,0.0,0.0,0.0,0.0,0.0,0.0,23649729378.268734,23649729378.268734,0.0,0.0,0.0,0.0,0.0,0.0,0.0,0.0,0.0,0.0,0.0,0.0,0.0,0.0,0.0,0.0,0.0,2000000.0,0.0,0.0,0.0,0.0,0.0,0.0,4000000.0,0.0,0.0,0.0,0.0,0.0
well-mixed,0.03,9,data/well-mixed/VS_run_9_det_Dv0.030_projection_diag.json,data/well-mixed/VS_run_9_det_Dv0.030_projection_history.csv,800,clip,0.0,1e-14,0.001,2000000,800,False,2554.059944629669,0.0,0.0,0.0,0.0,0.0,0.0,0.0,0.0,23672936661.287735,23672936661.287735,0.0,0.0,0.0,0.0,0.0,0.0,0.0,0.0,0.0,0.0,0.0,0.0,0.0,0.0,0.0,0.0,0.0,2000000.0,0.0,0.0,0.0,0.0,0.0,0.0,4000000.0,0.0,0.0,0.0,0.0,0.0
well-mixed,0.04,0,data/well-mixed/VS_run_0_det_Dv0.040_projection_diag.json,data/well-mixed/VS_run_0_det_Dv0.040_projection_history.csv,800,clip,0.0,1e-14,0.001,2000000,800,False,2521.7817647457123,0.0,0.0,0.0,0.0,0.0,0.0,0.0,0.0,23670272153.6502,23670272153.6502,0.0,0.0,0.0,0.0,0.0,0.0,0.0,0.0,0.0,0.0,0.0,0.0,0.0,0.0,0.0,0.0,0.0,2000000.0,0.0,0.0,0.0,0.0,0.0,0.0,4000000.0,0.0,0.0,0.0,0.0,0.0
well-mixed,0.04,1,data/well-mixed/VS_run_1_det_Dv0.040_projection_diag.json,data/well-mixed/VS_run_1_det_Dv0.040_projection_history.csv,800,clip,0.0,1e-14,0.001,2000000,800,False,2759.1020245552063,0.0,0.0,0.0,0.0,0.0,0.0,0.0,0.0,23661944320.159386,23661944320.159386,0.0,0.0,0.0,0.0,0.0,0.0,0.0,0.0,0.0,0.0,0.0,0.0,0.0,0.0,0.0,0.0,0.0,2000000.0,0.0,0.0,0.0,0.0,0.0,0.0,4000000.0,0.0,0.0,0.0,0.0,0.0
well-mixed,0.04,2,data/well-mixed/VS_run_2_det_Dv0.040_projection_diag.json,data/well-mixed/VS_run_2_det_Dv0.040_projection_history.csv,800,clip,0.0,1e-14,0.001,2000000,800,False,2574.365002632141,0.0,0.0,0.0,0.0,0.0,0.0,0.0,0.0,23663780843.53035,23663780843.53035,0.0,0.0,0.0,0.0,0.0,0.0,0.0,0.0,0.0,0.0,0.0,0.0,0.0,0.0,0.0,0.0,0.0,2000000.0,0.0,0.0,0.0,0.0,0.0,0.0,4000000.0,0.0,0.0,0.0,0.0,0.0
well-mixed,0.04,3,data/well-mixed/VS_run_3_det_Dv0.040_projection_diag.json,data/well-mixed/VS_run_3_det_Dv0.040_projection_history.csv,800,clip,0.0,1e-14,0.001,2000000,800,False,2635.4225401878357,0.0,0.0,0.0,0.0,0.0,0.0,0.0,0.0,23647242017.54023,23647242017.54023,0.0,0.0,0.0,0.0,0.0,0.0,0.0,0.0,0.0,0.0,0.0,0.0,0.0,0.0,0.0,0.0,0.0,2000000.0,0.0,0.0,0.0,0.0,0.0,0.0,4000000.0,0.0,0.0,0.0,0.0,0.0
well-mixed,0.04,4,data/well-mixed/VS_run_4_det_Dv0.040_projection_diag.json,data/well-mixed/VS_run_4_det_Dv0.040_projection_history.csv,800,clip,0.0,1e-14,0.001,2000000,800,False,2591.724149465561,0.0,0.0,0.0,0.0,0.0,0.0,0.0,0.0,23667014244.03645,23667014244.03645,0.0,0.0,0.0,0.0,0.0,0.0,0.0,0.0,0.0,0.0,0.0,0.0,0.0,0.0,0.0,0.0,0.0,2000000.0,0.0,0.0,0.0,0.0,0.0,0.0,4000000.0,0.0,0.0,0.0,0.0,0.0
well-mixed,0.04,5,data/well-mixed/VS_run_5_det_Dv0.040_projection_diag.json,data/well-mixed/VS_run_5_det_Dv0.040_projection_history.csv,800,clip,0.0,1e-14,0.001,2000000,800,False,2719.502005338669,0.0,0.0,0.0,0.0,0.0,0.0,0.0,0.0,23688515172.139687,23688515172.139687,0.0,0.0,0.0,0.0,0.0,0.0,0.0,0.0,0.0,0.0,0.0,0.0,0.0,0.0,0.0,0.0,0.0,2000000.0,0.0,0.0,0.0,0.0,0.0,0.0,4000000.0,0.0,0.0,0.0,0.0,0.0
well-mixed,0.04,6,data/well-mixed/VS_run_6_det_Dv0.040_projection_diag.json,data/well-mixed/VS_run_6_det_Dv0.040_projection_history.csv,800,clip,0.0,1e-14,0.001,2000000,800,False,2505.7470009326935,0.0,0.0,0.0,0.0,0.0,0.0,0.0,0.0,23675097231.123253,23675097231.123253,0.0,0.0,0.0,0.0,0.0,0.0,0.0,0.0,0.0,0.0,0.0,0.0,0.0,0.0,0.0,0.0,0.0,2000000.0,0.0,0.0,0.0,0.0,0.0,0.0,4000000.0,0.0,0.0,0.0,0.0,0.0
well-mixed,0.04,7,data/well-mixed/VS_run_7_det_Dv0.040_projection_diag.json,data/well-mixed/VS_run_7_det_Dv0.040_projection_history.csv,800,clip,0.0,1e-14,0.001,2000000,800,False,2511.8729259967804,0.0,0.0,0.0,0.0,0.0,0.0,0.0,0.0,23649729378.268734,23649729378.268734,0.0,0.0,0.0,0.0,0.0,0.0,0.0,0.0,0.0,0.0,0.0,0.0,0.0,0.0,0.0,0.0,0.0,2000000.0,0.0,0.0,0.0,0.0,0.0,0.0,4000000.0,0.0,0.0,0.0,0.0,0.0
well-mixed,0.04,8,data/well-mixed/VS_run_8_det_Dv0.040_projection_diag.json,data/well-mixed/VS_run_8_det_Dv0.040_projection_history.csv,800,clip,0.0,1e-14,0.001,2000000,800,False,2600.4487335681915,0.0,0.0,0.0,0.0,0.0,0.0,0.0,0.0,23672936661.287735,23672936661.287735,0.0,0.0,0.0,0.0,0.0,0.0,0.0,0.0,0.0,0.0,0.0,0.0,0.0,0.0,0.0,0.0,0.0,2000000.0,0.0,0.0,0.0,0.0,0.0,0.0,4000000.0,0.0,0.0,0.0,0.0,0.0
well-mixed,0.04,9,data/well-mixed/VS_run_9_det_Dv0.040_projection_diag.json,data/well-mixed/VS_run_9_det_Dv0.040_projection_history.csv,800,clip,0.0,1e-14,0.001,2000000,800,False,2565.9710433483124,0.0,0.0,0.0,0.0,0.0,0.0,0.0,0.0,23688928710.25414,23688928710.25414,0.0,0.0,0.0,0.0,0.0,0.0,0.0,0.0,0.0,0.0,0.0,0.0,0.0,0.0,0.0,0.0,0.0,2000000.0,0.0,0.0,0.0,0.0,0.0,0.0,4000000.0,0.0,0.0,0.0,0.0,0.0
well-mixed,0.05,0,data/well-mixed/VS_run_0_det_Dv0.050_projection_diag.json,data/well-mixed/VS_run_0_det_Dv0.050_projection_history.csv,800,clip,0.0,1e-14,0.001,2000000,800,False,2497.2137966156006,0.0,0.0,0.0,0.0,0.0,0.0,0.0,0.0,23661944320.159386,23661944320.159386,0.0,0.0,0.0,0.0,0.0,0.0,0.0,0.0,0.0,0.0,0.0,0.0,0.0,0.0,0.0,0.0,0.0,2000000.0,0.0,0.0,0.0,0.0,0.0,0.0,4000000.0,0.0,0.0,0.0,0.0,0.0
well-mixed,0.05,1,data/well-mixed/VS_run_1_det_Dv0.050_projection_diag.json,data/well-mixed/VS_run_1_det_Dv0.050_projection_history.csv,800,clip,0.0,1e-14,0.001,2000000,800,False,2758.108321428299,0.0,0.0,0.0,0.0,0.0,0.0,0.0,0.0,23663780843.53035,23663780843.53035,0.0,0.0,0.0,0.0,0.0,0.0,0.0,0.0,0.0,0.0,0.0,0.0,0.0,0.0,0.0,0.0,0.0,2000000.0,0.0,0.0,0.0,0.0,0.0,0.0,4000000.0,0.0,0.0,0.0,0.0,0.0
well-mixed,0.05,2,data/well-mixed/VS_run_2_det_Dv0.050_projection_diag.json,data/well-mixed/VS_run_2_det_Dv0.050_projection_history.csv,800,clip,0.0,1e-14,0.001,2000000,800,False,2557.9210011959076,0.0,0.0,0.0,0.0,0.0,0.0,0.0,0.0,23647242017.54023,23647242017.54023,0.0,0.0,0.0,0.0,0.0,0.0,0.0,0.0,0.0,0.0,0.0,0.0,0.0,0.0,0.0,0.0,0.0,2000000.0,0.0,0.0,0.0,0.0,0.0,0.0,4000000.0,0.0,0.0,0.0,0.0,0.0
well-mixed,0.05,3,data/well-mixed/VS_run_3_det_Dv0.050_projection_diag.json,data/well-mixed/VS_run_3_det_Dv0.050_projection_history.csv,800,clip,0.0,1e-14,0.001,2000000,800,False,2569.0220980644226,0.0,0.0,0.0,0.0,0.0,0.0,0.0,0.0,23667014244.03645,23667014244.03645,0.0,0.0,0.0,0.0,0.0,0.0,0.0,0.0,0.0,0.0,0.0,0.0,0.0,0.0,0.0,0.0,0.0,2000000.0,0.0,0.0,0.0,0.0,0.0,0.0,4000000.0,0.0,0.0,0.0,0.0,0.0
well-mixed,0.05,4,data/well-mixed/VS_run_4_det_Dv0.050_projection_diag.json,data/well-mixed/VS_run_4_det_Dv0.050_projection_history.csv,800,clip,0.0,1e-14,0.001,2000000,800,False,2573.881453514099,0.0,0.0,0.0,0.0,0.0,0.0,0.0,0.0,23688515172.139687,23688515172.139687,0.0,0.0,0.0,0.0,0.0,0.0,0.0,0.0,0.0,0.0,0.0,0.0,0.0,0.0,0.0,0.0,0.0,2000000.0,0.0,0.0,0.0,0.0,0.0,0.0,4000000.0,0.0,0.0,0.0,0.0,0.0
well-mixed,0.05,5,data/well-mixed/VS_run_5_det_Dv0.050_projection_diag.json,data/well-mixed/VS_run_5_det_Dv0.050_projection_history.csv,800,clip,0.0,1e-14,0.001,2000000,800,False,2718.850309610367,0.0,0.0,0.0,0.0,0.0,0.0,0.0,0.0,23675097231.123253,23675097231.123253,0.0,0.0,0.0,0.0,0.0,0.0,0.0,0.0,0.0,0.0,0.0,0.0,0.0,0.0,0.0,0.0,0.0,2000000.0,0.0,0.0,0.0,0.0,0.0,0.0,4000000.0,0.0,0.0,0.0,0.0,0.0
well-mixed,0.05,6,data/well-mixed/VS_run_6_det_Dv0.050_projection_diag.json,data/well-mixed/VS_run_6_det_Dv0.050_projection_history.csv,800,clip,0.0,1e-14,0.001,2000000,800,False,2508.4687910079956,0.0,0.0,0.0,0.0,0.0,0.0,0.0,0.0,23649729378.268734,23649729378.268734,0.0,0.0,0.0,0.0,0.0,0.0,0.0,0.0,0.0,0.0,0.0,0.0,0.0,0.0,0.0,0.0,0.0,2000000.0,0.0,0.0,0.0,0.0,0.0,0.0,4000000.0,0.0,0.0,0.0,0.0,0.0
well-mixed,0.05,7,data/well-mixed/VS_run_7_det_Dv0.050_projection_diag.json,data/well-mixed/VS_run_7_det_Dv0.050_projection_history.csv,800,clip,0.0,1e-14,0.001,2000000,800,False,2511.983896970749,0.0,0.0,0.0,0.0,0.0,0.0,0.0,0.0,23672936661.287735,23672936661.287735,0.0,0.0,0.0,0.0,0.0,0.0,0.0,0.0,0.0,0.0,0.0,0.0,0.0,0.0,0.0,0.0,0.0,2000000.0,0.0,0.0,0.0,0.0,0.0,0.0,4000000.0,0.0,0.0,0.0,0.0,0.0
well-mixed,0.05,8,data/well-mixed/VS_run_8_det_Dv0.050_projection_diag.json,data/well-mixed/VS_run_8_det_Dv0.050_projection_history.csv,800,clip,0.0,1e-14,0.001,2000000,800,False,2586.918043613434,0.0,0.0,0.0,0.0,0.0,0.0,0.0,0.0,23688928710.25414,23688928710.25414,0.0,0.0,0.0,0.0,0.0,0.0,0.0,0.0,0.0,0.0,0.0,0.0,0.0,0.0,0.0,0.0,0.0,2000000.0,0.0,0.0,0.0,0.0,0.0,0.0,4000000.0,0.0,0.0,0.0,0.0,0.0
well-mixed,0.05,9,data/well-mixed/VS_run_9_det_Dv0.050_projection_diag.json,data/well-mixed/VS_run_9_det_Dv0.050_projection_history.csv,800,clip,0.0,1e-14,0.001,2000000,800,False,2560.7020251750946,0.0,0.0,0.0,0.0,0.0,0.0,0.0,0.0,23662119433.26889,23662119433.26889,0.0,0.0,0.0,0.0,0.0,0.0,0.0,0.0,0.0,0.0,0.0,0.0,0.0,0.0,0.0,0.0,0.0,2000000.0,0.0,0.0,0.0,0.0,0.0,0.0,4000000.0,0.0,0.0,0.0,0.0,0.0
well-mixed,0.060000000000000005,0,data/well-mixed/VS_run_0_det_Dv0.060_projection_diag.json,data/well-mixed/VS_run_0_det_Dv0.060_projection_history.csv,800,clip,0.0,1e-14,0.001,2000000,800,False,2522.06094288826,0.0,0.0,0.0,0.0,0.0,0.0,0.0,0.0,23663780843.53035,23663780843.53035,0.0,0.0,0.0,0.0,0.0,0.0,0.0,0.0,0.0,0.0,0.0,0.0,0.0,0.0,0.0,0.0,0.0,2000000.0,0.0,0.0,0.0,0.0,0.0,0.0,4000000.0,0.0,0.0,0.0,0.0,0.0
well-mixed,0.060000000000000005,1,data/well-mixed/VS_run_1_det_Dv0.060_projection_diag.json,data/well-mixed/VS_run_1_det_Dv0.060_projection_history.csv,800,clip,0.0,1e-14,0.001,2000000,800,False,2752.9442887306213,0.0,0.0,0.0,0.0,0.0,0.0,0.0,0.0,23647242017.54023,23647242017.54023,0.0,0.0,0.0,0.0,0.0,0.0,0.0,0.0,0.0,0.0,0.0,0.0,0.0,0.0,0.0,0.0,0.0,2000000.0,0.0,0.0,0.0,0.0,0.0,0.0,4000000.0,0.0,0.0,0.0,0.0,0.0
well-mixed,0.060000000000000005,2,data/well-mixed/VS_run_2_det_Dv0.060_projection_diag.json,data/well-mixed/VS_run_2_det_Dv0.060_projection_history.csv,800,clip,0.0,1e-14,0.001,2000000,800,False,2557.8471546173096,0.0,0.0,0.0,0.0,0.0,0.0,0.0,0.0,23667014244.03645,23667014244.03645,0.0,0.0,0.0,0.0,0.0,0.0,0.0,0.0,0.0,0.0,0.0,0.0,0.0,0.0,0.0,0.0,0.0,2000000.0,0.0,0.0,0.0,0.0,0.0,0.0,4000000.0,0.0,0.0,0.0,0.0,0.0
well-mixed,0.060000000000000005,3,data/well-mixed/VS_run_3_det_Dv0.060_projection_diag.json,data/well-mixed/VS_run_3_det_Dv0.060_projection_history.csv,800,clip,0.0,1e-14,0.001,2000000,800,False,2627.6347272396088,0.0,0.0,0.0,0.0,0.0,0.0,0.0,0.0,23688515172.139687,23688515172.139687,0.0,0.0,0.0,0.0,0.0,0.0,0.0,0.0,0.0,0.0,0.0,0.0,0.0,0.0,0.0,0.0,0.0,2000000.0,0.0,0.0,0.0,0.0,0.0,0.0,4000000.0,0.0,0.0,0.0,0.0,0.0
well-mixed,0.060000000000000005,4,data/well-mixed/VS_run_4_det_Dv0.060_projection_diag.json,data/well-mixed/VS_run_4_det_Dv0.060_projection_history.csv,800,clip,0.0,1e-14,0.001,2000000,800,False,2586.483417034149,0.0,0.0,0.0,0.0,0.0,0.0,0.0,0.0,23675097231.123253,23675097231.123253,0.0,0.0,0.0,0.0,0.0,0.0,0.0,0.0,0.0,0.0,0.0,0.0,0.0,0.0,0.0,0.0,0.0,2000000.0,0.0,0.0,0.0,0.0,0.0,0.0,4000000.0,0.0,0.0,0.0,0.0,0.0
well-mixed,0.060000000000000005,5,data/well-mixed/VS_run_5_det_Dv0.060_projection_diag.json,data/well-mixed/VS_run_5_det_Dv0.060_projection_history.csv,800,clip,0.0,1e-14,0.001,2000000,800,False,2713.8520345687866,0.0,0.0,0.0,0.0,0.0,0.0,0.0,0.0,23649729378.268734,23649729378.268734,0.0,0.0,0.0,0.0,0.0,0.0,0.0,0.0,0.0,0.0,0.0,0.0,0.0,0.0,0.0,0.0,0.0,2000000.0,0.0,0.0,0.0,0.0,0.0,0.0,4000000.0,0.0,0.0,0.0,0.0,0.0
well-mixed,0.060000000000000005,6,data/well-mixed/VS_run_6_det_Dv0.060_projection_diag.json,data/well-mixed/VS_run_6_det_Dv0.060_projection_history.csv,800,clip,0.0,1e-14,0.001,2000000,800,False,2508.629286289215,0.0,0.0,0.0,0.0,0.0,0.0,0.0,0.0,23672936661.287735,23672936661.287735,0.0,0.0,0.0,0.0,0.0,0.0,0.0,0.0,0.0,0.0,0.0,0.0,0.0,0.0,0.0,0.0,0.0,2000000.0,0.0,0.0,0.0,0.0,0.0,0.0,4000000.0,0.0,0.0,0.0,0.0,0.0
well-mixed,0.060000000000000005,7,data/well-mixed/VS_run_7_det_Dv0.060_projection_diag.json,data/well-mixed/VS_run_7_det_Dv0.060_projection_history.csv,800,clip,0.0,1e-14,0.001,2000000,800,False,2499.35822558403,0.0,0.0,0.0,0.0,0.0,0.0,0.0,0.0,23688928710.25414,23688928710.25414,0.0,0.0,0.0,0.0,0.0,0.0,0.0,0.0,0.0,0.0,0.0,0.0,0.0,0.0,0.0,0.0,0.0,2000000.0,0.0,0.0,0.0,0.0,0.0,0.0,4000000.0,0.0,0.0,0.0,0.0,0.0
well-mixed,0.060000000000000005,8,data/well-mixed/VS_run_8_det_Dv0.060_projection_diag.json,data/well-mixed/VS_run_8_det_Dv0.060_projection_history.csv,800,clip,0.0,1e-14,0.001,2000000,800,False,2587.24533700943,0.0,0.0,0.0,0.0,0.0,0.0,0.0,0.0,23662119433.26889,23662119433.26889,0.0,0.0,0.0,0.0,0.0,0.0,0.0,0.0,0.0,0.0,0.0,0.0,0.0,0.0,0.0,0.0,0.0,2000000.0,0.0,0.0,0.0,0.0,0.0,0.0,4000000.0,0.0,0.0,0.0,0.0,0.0
well-mixed,0.060000000000000005,9,data/well-mixed/VS_run_9_det_Dv0.060_projection_diag.json,data/well-mixed/VS_run_9_det_Dv0.060_projection_history.csv,800,clip,0.0,1e-14,0.001,2000000,800,False,2570.2996768951416,0.0,0.0,0.0,0.0,0.0,0.0,0.0,0.0,23659832428.629787,23659832428.629787,0.0,0.0,0.0,0.0,0.0,0.0,0.0,0.0,0.0,0.0,0.0,0.0,0.0,0.0,0.0,0.0,0.0,2000000.0,0.0,0.0,0.0,0.0,0.0,0.0,4000000.0,0.0,0.0,0.0,0.0,0.0
well-mixed,0.06999999999999999,0,data/well-mixed/VS_run_0_det_Dv0.070_projection_diag.json,data/well-mixed/VS_run_0_det_Dv0.070_projection_history.csv,800,clip,0.0,1e-14,0.001,2000000,800,False,2501.234614610672,0.0,0.0,0.0,0.0,0.0,0.0,0.0,0.0,23647242017.54023,23647242017.54023,0.0,0.0,0.0,0.0,0.0,0.0,0.0,0.0,0.0,0.0,0.0,0.0,0.0,0.0,0.0,0.0,0.0,2000000.0,0.0,0.0,0.0,0.0,0.0,0.0,4000000.0,0.0,0.0,0.0,0.0,0.0
well-mixed,0.06999999999999999,1,data/well-mixed/VS_run_1_det_Dv0.070_projection_diag.json,data/well-mixed/VS_run_1_det_Dv0.070_projection_history.csv,800,clip,0.0,1e-14,0.001,2000000,800,False,2762.76886343956,0.0,0.0,0.0,0.0,0.0,0.0,0.0,0.0,23667014244.03645,23667014244.03645,0.0,0.0,0.0,0.0,0.0,0.0,0.0,0.0,0.0,0.0,0.0,0.0,0.0,0.0,0.0,0.0,0.0,2000000.0,0.0,0.0,0.0,0.0,0.0,0.0,4000000.0,0.0,0.0,0.0,0.0,0.0
well-mixed,0.06999999999999999,2,data/well-mixed/VS_run_2_det_Dv0.070_projection_diag.json,data/well-mixed/VS_run_2_det_Dv0.070_projection_history.csv,800,clip,0.0,1e-14,0.001,2000000,800,False,2573.099513530731,0.0,0.0,0.0,0.0,0.0,0.0,0.0,0.0,23688515172.139687,23688515172.139687,0.0,0.0,0.0,0.0,0.0,0.0,0.0,0.0,0.0,0.0,0.0,0.0,0.0,0.0,0.0,0.0,0.0,2000000.0,0.0,0.0,0.0,0.0,0.0,0.0,4000000.0,0.0,0.0,0.0,0.0,0.0
well-mixed,0.06999999999999999,3,data/well-mixed/VS_run_3_det_Dv0.070_projection_diag.json,data/well-mixed/VS_run_3_det_Dv0.070_projection_history.csv,800,clip,0.0,1e-14,0.001,2000000,800,False,2631.5367233753204,0.0,0.0,0.0,0.0,0.0,0.0,0.0,0.0,23675097231.123253,23675097231.123253,0.0,0.0,0.0,0.0,0.0,0.0,0.0,0.0,0.0,0.0,0.0,0.0,0.0,0.0,0.0,0.0,0.0,2000000.0,0.0,0.0,0.0,0.0,0.0,0.0,4000000.0,0.0,0.0,0.0,0.0,0.0
well-mixed,0.06999999999999999,4,data/well-mixed/VS_run_4_det_Dv0.070_projection_diag.json,data/well-mixed/VS_run_4_det_Dv0.070_projection_history.csv,800,clip,0.0,1e-14,0.001,2000000,800,False,2572.8077273368835,0.0,0.0,0.0,0.0,0.0,0.0,0.0,0.0,23649729378.268734,23649729378.268734,0.0,0.0,0.0,0.0,0.0,0.0,0.0,0.0,0.0,0.0,0.0,0.0,0.0,0.0,0.0,0.0,0.0,2000000.0,0.0,0.0,0.0,0.0,0.0,0.0,4000000.0,0.0,0.0,0.0,0.0,0.0
well-mixed,0.06999999999999999,5,data/well-mixed/VS_run_5_det_Dv0.070_projection_diag.json,data/well-mixed/VS_run_5_det_Dv0.070_projection_history.csv,800,clip,0.0,1e-14,0.001,2000000,800,False,2716.0924792289734,0.0,0.0,0.0,0.0,0.0,0.0,0.0,0.0,23672936661.287735,23672936661.287735,0.0,0.0,0.0,0.0,0.0,0.0,0.0,0.0,0.0,0.0,0.0,0.0,0.0,0.0,0.0,0.0,0.0,2000000.0,0.0,0.0,0.0,0.0,0.0,0.0,4000000.0,0.0,0.0,0.0,0.0,0.0
well-mixed,0.06999999999999999,6,data/well-mixed/VS_run_6_det_Dv0.070_projection_diag.json,data/well-mixed/VS_run_6_det_Dv0.070_projection_history.csv,800,clip,0.0,1e-14,0.001,2000000,800,False,2509.33447933197,0.0,0.0,0.0,0.0,0.0,0.0,0.0,0.0,23688928710.25414,23688928710.25414,0.0,0.0,0.0,0.0,0.0,0.0,0.0,0.0,0.0,0.0,0.0,0.0,0.0,0.0,0.0,0.0,0.0,2000000.0,0.0,0.0,0.0,0.0,0.0,0.0,4000000.0,0.0,0.0,0.0,0.0,0.0
well-mixed,0.06999999999999999,7,data/well-mixed/VS_run_7_det_Dv0.070_projection_diag.json,data/well-mixed/VS_run_7_det_Dv0.070_projection_history.csv,800,clip,0.0,1e-14,0.001,2000000,800,False,2512.1615884304047,0.0,0.0,0.0,0.0,0.0,0.0,0.0,0.0,23662119433.26889,23662119433.26889,0.0,0.0,0.0,0.0,0.0,0.0,0.0,0.0,0.0,0.0,0.0,0.0,0.0,0.0,0.0,0.0,0.0,2000000.0,0.0,0.0,0.0,0.0,0.0,0.0,4000000.0,0.0,0.0,0.0,0.0,0.0
well-mixed,0.06999999999999999,8,data/well-mixed/VS_run_8_det_Dv0.070_projection_diag.json,data/well-mixed/VS_run_8_det_Dv0.070_projection_history.csv,800,clip,0.0,1e-14,0.001,2000000,800,False,2589.2192878723145,0.0,0.0,0.0,0.0,0.0,0.0,0.0,0.0,23659832428.629787,23659832428.629787,0.0,0.0,0.0,0.0,0.0,0.0,0.0,0.0,0.0,0.0,0.0,0.0,0.0,0.0,0.0,0.0,0.0,2000000.0,0.0,0.0,0.0,0.0,0.0,0.0,4000000.0,0.0,0.0,0.0,0.0,0.0
well-mixed,0.06999999999999999,9,data/well-mixed/VS_run_9_det_Dv0.070_projection_diag.json,data/well-mixed/VS_run_9_det_Dv0.070_projection_history.csv,800,clip,0.0,1e-14,0.001,2000000,800,False,2565.9050436019897,0.0,0.0,0.0,0.0,0.0,0.0,0.0,0.0,23657077231.668827,23657077231.668827,0.0,0.0,0.0,0.0,0.0,0.0,0.0,0.0,0.0,0.0,0.0,0.0,0.0,0.0,0.0,0.0,0.0,2000000.0,0.0,0.0,0.0,0.0,0.0,0.0,4000000.0,0.0,0.0,0.0,0.0,0.0
well-mixed,0.08,0,data/well-mixed/VS_run_0_det_Dv0.080_projection_diag.json,data/well-mixed/VS_run_0_det_Dv0.080_projection_history.csv,800,clip,0.0,1e-14,0.001,2000000,800,False,2511.8407521247864,0.0,0.0,0.0,0.0,0.0,0.0,0.0,0.0,23667014244.03645,23667014244.03645,0.0,0.0,0.0,0.0,0.0,0.0,0.0,0.0,0.0,0.0,0.0,0.0,0.0,0.0,0.0,0.0,0.0,2000000.0,0.0,0.0,0.0,0.0,0.0,0.0,4000000.0,0.0,0.0,0.0,0.0,0.0
well-mixed,0.08,1,data/well-mixed/VS_run_1_det_Dv0.080_projection_diag.json,data/well-mixed/VS_run_1_det_Dv0.080_projection_history.csv,800,clip,0.0,1e-14,0.001,2000000,800,False,2740.6308686733246,0.0,0.0,0.0,0.0,0.0,0.0,0.0,0.0,23688515172.139687,23688515172.139687,0.0,0.0,0.0,0.0,0.0,0.0,0.0,0.0,0.0,0.0,0.0,0.0,0.0,0.0,0.0,0.0,0.0,2000000.0,0.0,0.0,0.0,0.0,0.0,0.0,4000000.0,0.0,0.0,0.0,0.0,0.0
well-mixed,0.08,2,data/well-mixed/VS_run_2_det_Dv0.080_projection_diag.json,data/well-mixed/VS_run_2_det_Dv0.080_projection_history.csv,800,clip,0.0,1e-14,0.001,2000000,800,False,2564.375108242035,0.0,0.0,0.0,0.0,0.0,0.0,0.0,0.0,23675097231.123253,23675097231.123253,0.0,0.0,0.0,0.0,0.0,0.0,0.0,0.0,0.0,0.0,0.0,0.0,0.0,0.0,0.0,0.0,0.0,2000000.0,0.0,0.0,0.0,0.0,0.0,0.0,4000000.0,0.0,0.0,0.0,0.0,0.0
well-mixed,0.08,3,data/well-mixed/VS_run_3_det_Dv0.080_projection_diag.json,data/well-mixed/VS_run_3_det_Dv0.080_projection_history.csv,800,clip,0.0,1e-14,0.001,2000000,800,False,2594.929521560669,0.0,0.0,0.0,0.0,0.0,0.0,0.0,0.0,23649729378.268734,23649729378.268734,0.0,0.0,0.0,0.0,0.0,0.0,0.0,0.0,0.0,0.0,0.0,0.0,0.0,0.0,0.0,0.0,0.0,2000000.0,0.0,0.0,0.0,0.0,0.0,0.0,4000000.0,0.0,0.0,0.0,0.0,0.0
well-mixed,0.08,4,data/well-mixed/VS_run_4_det_Dv0.080_projection_diag.json,data/well-mixed/VS_run_4_det_Dv0.080_projection_history.csv,800,clip,0.0,1e-14,0.001,2000000,800,False,2584.4528827667236,0.0,0.0,0.0,0.0,0.0,0.0,0.0,0.0,23672936661.287735,23672936661.287735,0.0,0.0,0.0,0.0,0.0,0.0,0.0,0.0,0.0,0.0,0.0,0.0,0.0,0.0,0.0,0.0,0.0,2000000.0,0.0,0.0,0.0,0.0,0.0,0.0,4000000.0,0.0,0.0,0.0,0.0,0.0
well-mixed,0.08,5,data/well-mixed/VS_run_5_det_Dv0.080_projection_diag.json,data/well-mixed/VS_run_5_det_Dv0.080_projection_history.csv,800,clip,0.0,1e-14,0.001,2000000,800,False,2714.6550488471985,0.0,0.0,0.0,0.0,0.0,0.0,0.0,0.0,23688928710.25414,23688928710.25414,0.0,0.0,0.0,0.0,0.0,0.0,0.0,0.0,0.0,0.0,0.0,0.0,0.0,0.0,0.0,0.0,0.0,2000000.0,0.0,0.0,0.0,0.0,0.0,0.0,4000000.0,0.0,0.0,0.0,0.0,0.0
well-mixed,0.08,6,data/well-mixed/VS_run_6_det_Dv0.080_projection_diag.json,data/well-mixed/VS_run_6_det_Dv0.080_projection_history.csv,800,clip,0.0,1e-14,0.001,2000000,800,False,2500.0440471172333,0.0,0.0,0.0,0.0,0.0,0.0,0.0,0.0,23662119433.26889,23662119433.26889,0.0,0.0,0.0,0.0,0.0,0.0,0.0,0.0,0.0,0.0,0.0,0.0,0.0,0.0,0.0,0.0,0.0,2000000.0,0.0,0.0,0.0,0.0,0.0,0.0,4000000.0,0.0,0.0,0.0,0.0,0.0
well-mixed,0.08,7,data/well-mixed/VS_run_7_det_Dv0.080_projection_diag.json,data/well-mixed/VS_run_7_det_Dv0.080_projection_history.csv,800,clip,0.0,1e-14,0.001,2000000,800,False,2510.326463699341,0.0,0.0,0.0,0.0,0.0,0.0,0.0,0.0,23659832428.629787,23659832428.629787,0.0,0.0,0.0,0.0,0.0,0.0,0.0,0.0,0.0,0.0,0.0,0.0,0.0,0.0,0.0,0.0,0.0,2000000.0,0.0,0.0,0.0,0.0,0.0,0.0,4000000.0,0.0,0.0,0.0,0.0,0.0
well-mixed,0.08,8,data/well-mixed/VS_run_8_det_Dv0.080_projection_diag.json,data/well-mixed/VS_run_8_det_Dv0.080_projection_history.csv,800,clip,0.0,1e-14,0.001,2000000,800,False,2586.313960313797,0.0,0.0,0.0,0.0,0.0,0.0,0.0,0.0,23657077231.668827,23657077231.668827,0.0,0.0,0.0,0.0,0.0,0.0,0.0,0.0,0.0,0.0,0.0,0.0,0.0,0.0,0.0,0.0,0.0,2000000.0,0.0,0.0,0.0,0.0,0.0,0.0,4000000.0,0.0,0.0,0.0,0.0,0.0
well-mixed,0.08,9,data/well-mixed/VS_run_9_det_Dv0.080_projection_diag.json,data/well-mixed/VS_run_9_det_Dv0.080_projection_history.csv,800,clip,0.0,1e-14,0.001,2000000,800,False,2571.340277671814,0.0,0.0,0.0,0.0,0.0,0.0,0.0,0.0,23654732302.020733,23654732302.020733,0.0,0.0,0.0,0.0,0.0,0.0,0.0,0.0,0.0,0.0,0.0,0.0,0.0,0.0,0.0,0.0,0.0,2000000.0,0.0,0.0,0.0,0.0,0.0,0.0,4000000.0,0.0,0.0,0.0,0.0,0.0
well-mixed,0.09,0,data/well-mixed/VS_run_0_det_Dv0.090_projection_diag.json,data/well-mixed/VS_run_0_det_Dv0.090_projection_history.csv,800,clip,0.0,1e-14,0.001,2000000,800,False,2527.873287677765,0.0,0.0,0.0,0.0,0.0,0.0,0.0,0.0,23688515172.139687,23688515172.139687,0.0,0.0,0.0,0.0,0.0,0.0,0.0,0.0,0.0,0.0,0.0,0.0,0.0,0.0,0.0,0.0,0.0,2000000.0,0.0,0.0,0.0,0.0,0.0,0.0,4000000.0,0.0,0.0,0.0,0.0,0.0
well-mixed,0.09,1,data/well-mixed/VS_run_1_det_Dv0.090_projection_diag.json,data/well-mixed/VS_run_1_det_Dv0.090_projection_history.csv,800,clip,0.0,1e-14,0.001,2000000,800,False,2741.729759454727,0.0,0.0,0.0,0.0,0.0,0.0,0.0,0.0,23675097231.123253,23675097231.123253,0.0,0.0,0.0,0.0,0.0,0.0,0.0,0.0,0.0,0.0,0.0,0.0,0.0,0.0,0.0,0.0,0.0,2000000.0,0.0,0.0,0.0,0.0,0.0,0.0,4000000.0,0.0,0.0,0.0,0.0,0.0
well-mixed,0.09,2,data/well-mixed/VS_run_2_det_Dv0.090_projection_diag.json,data/well-mixed/VS_run_2_det_Dv0.090_projection_history.csv,800,clip,0.0,1e-14,0.001,2000000,800,False,2561.534663915634,0.0,0.0,0.0,0.0,0.0,0.0,0.0,0.0,23649729378.268734,23649729378.268734,0.0,0.0,0.0,0.0,0.0,0.0,0.0,0.0,0.0,0.0,0.0,0.0,0.0,0.0,0.0,0.0,0.0,2000000.0,0.0,0.0,0.0,0.0,0.0,0.0,4000000.0,0.0,0.0,0.0,0.0,0.0
well-mixed,0.09,3,data/well-mixed/VS_run_3_det_Dv0.090_projection_diag.json,data/well-mixed/VS_run_3_det_Dv0.090_projection_history.csv,800,clip,0.0,1e-14,0.001,2000000,800,False,2612.5452320575714,0.0,0.0,0.0,0.0,0.0,0.0,0.0,0.0,23672936661.287735,23672936661.287735,0.0,0.0,0.0,0.0,0.0,0.0,0.0,0.0,0.0,0.0,0.0,0.0,0.0,0.0,0.0,0.0,0.0,2000000.0,0.0,0.0,0.0,0.0,0.0,0.0,4000000.0,0.0,0.0,0.0,0.0,0.0
well-mixed,0.09,4,data/well-mixed/VS_run_4_det_Dv0.090_projection_diag.json,data/well-mixed/VS_run_4_det_Dv0.090_projection_history.csv,800,clip,0.0,1e-14,0.001,2000000,800,False,2576.771636724472,0.0,0.0,0.0,0.0,0.0,0.0,0.0,0.0,23688928710.25414,23688928710.25414,0.0,0.0,0.0,0.0,0.0,0.0,0.0,0.0,0.0,0.0,0.0,0.0,0.0,0.0,0.0,0.0,0.0,2000000.0,0.0,0.0,0.0,0.0,0.0,0.0,4000000.0,0.0,0.0,0.0,0.0,0.0
well-mixed,0.09,5,data/well-mixed/VS_run_5_det_Dv0.090_projection_diag.json,data/well-mixed/VS_run_5_det_Dv0.090_projection_history.csv,800,clip,0.0,1e-14,0.001,2000000,800,False,2722.235210418701,0.0,0.0,0.0,0.0,0.0,0.0,0.0,0.0,23662119433.26889,23662119433.26889,0.0,0.0,0.0,0.0,0.0,0.0,0.0,0.0,0.0,0.0,0.0,0.0,0.0,0.0,0.0,0.0,0.0,2000000.0,0.0,0.0,0.0,0.0,0.0,0.0,4000000.0,0.0,0.0,0.0,0.0,0.0
well-mixed,0.09,6,data/well-mixed/VS_run_6_det_Dv0.090_projection_diag.json,data/well-mixed/VS_run_6_det_Dv0.090_projection_history.csv,800,clip,0.0,1e-14,0.001,2000000,800,False,2502.6774175167084,0.0,0.0,0.0,0.0,0.0,0.0,0.0,0.0,23659832428.629787,23659832428.629787,0.0,0.0,0.0,0.0,0.0,0.0,0.0,0.0,0.0,0.0,0.0,0.0,0.0,0.0,0.0,0.0,0.0,2000000.0,0.0,0.0,0.0,0.0,0.0,0.0,4000000.0,0.0,0.0,0.0,0.0,0.0
well-mixed,0.09,7,data/well-mixed/VS_run_7_det_Dv0.090_projection_diag.json,data/well-mixed/VS_run_7_det_Dv0.090_projection_history.csv,800,clip,0.0,1e-14,0.001,2000000,800,False,2507.448258161545,0.0,0.0,0.0,0.0,0.0,0.0,0.0,0.0,23657077231.668827,23657077231.668827,0.0,0.0,0.0,0.0,0.0,0.0,0.0,0.0,0.0,0.0,0.0,0.0,0.0,0.0,0.0,0.0,0.0,2000000.0,0.0,0.0,0.0,0.0,0.0,0.0,4000000.0,0.0,0.0,0.0,0.0,0.0
well-mixed,0.09,8,data/well-mixed/VS_run_8_det_Dv0.090_projection_diag.json,data/well-mixed/VS_run_8_det_Dv0.090_projection_history.csv,800,clip,0.0,1e-14,0.001,2000000,800,False,2594.9649238586426,0.0,0.0,0.0,0.0,0.0,0.0,0.0,0.0,23654732302.020733,23654732302.020733,0.0,0.0,0.0,0.0,0.0,0.0,0.0,0.0,0.0,0.0,0.0,0.0,0.0,0.0,0.0,0.0,0.0,2000000.0,0.0,0.0,0.0,0.0,0.0,0.0,4000000.0,0.0,0.0,0.0,0.0,0.0
well-mixed,0.09,9,data/well-mixed/VS_run_9_det_Dv0.090_projection_diag.json,data/well-mixed/VS_run_9_det_Dv0.090_projection_history.csv,800,clip,0.0,1e-14,0.001,2000000,800,False,2561.1975705623627,0.0,0.0,0.0,0.0,0.0,0.0,0.0,0.0,23671675775.868015,23671675775.868015,0.0,0.0,0.0,0.0,0.0,0.0,0.0,0.0,0.0,0.0,0.0,0.0,0.0,0.0,0.0,0.0,0.0,2000000.0,0.0,0.0,0.0,0.0,0.0,0.0,4000000.0,0.0,0.0,0.0,0.0,0.0
well-mixed,0.09999999999999999,0,data/well-mixed/VS_run_0_det_Dv0.100_projection_diag.json,data/well-mixed/VS_run_0_det_Dv0.100_projection_history.csv,800,clip,0.0,1e-14,0.001,2000000,800,False,2524.2404527664185,0.0,0.0,0.0,0.0,0.0,0.0,0.0,0.0,23675097231.123253,23675097231.123253,0.0,0.0,0.0,0.0,0.0,0.0,0.0,0.0,0.0,0.0,0.0,0.0,0.0,0.0,0.0,0.0,0.0,2000000.0,0.0,0.0,0.0,0.0,0.0,0.0,4000000.0,0.0,0.0,0.0,0.0,0.0
well-mixed,0.09999999999999999,1,data/well-mixed/VS_run_1_det_Dv0.100_projection_diag.json,data/well-mixed/VS_run_1_det_Dv0.100_projection_history.csv,800,clip,0.0,1e-14,0.001,2000000,800,False,2738.3498628139496,0.0,0.0,0.0,0.0,0.0,0.0,0.0,0.0,23649729378.268734,23649729378.268734,0.0,0.0,0.0,0.0,0.0,0.0,0.0,0.0,0.0,0.0,0.0,0.0,0.0,0.0,0.0,0.0,0.0,2000000.0,0.0,0.0,0.0,0.0,0.0,0.0,4000000.0,0.0,0.0,0.0,0.0,0.0
well-mixed,0.09999999999999999,2,data/well-mixed/VS_run_2_det_Dv0.100_projection_diag.json,data/well-mixed/VS_run_2_det_Dv0.100_projection_history.csv,800,clip,0.0,1e-14,0.001,2000000,800,False,2541.311283826828,0.0,0.0,0.0,0.0,0.0,0.0,0.0,0.0,23672936661.287735,23672936661.287735,0.0,0.0,0.0,0.0,0.0,0.0,0.0,0.0,0.0,0.0,0.0,0.0,0.0,0.0,0.0,0.0,0.0,2000000.0,0.0,0.0,0.0,0.0,0.0,0.0,4000000.0,0.0,0.0,0.0,0.0,0.0
well-mixed,0.09999999999999999,3,data/well-mixed/VS_run_3_det_Dv0.100_projection_diag.json,data/well-mixed/VS_run_3_det_Dv0.100_projection_history.csv,800,clip,0.0,1e-14,0.001,2000000,800,False,2605.579149246216,0.0,0.0,0.0,0.0,0.0,0.0,0.0,0.0,23688928710.25414,23688928710.25414,0.0,0.0,0.0,0.0,0.0,0.0,0.0,0.0,0.0,0.0,0.0,0.0,0.0,0.0,0.0,0.0,0.0,2000000.0,0.0,0.0,0.0,0.0,0.0,0.0,4000000.0,0.0,0.0,0.0,0.0,0.0
well-mixed,0.09999999999999999,4,data/well-mixed/VS_run_4_det_Dv0.100_projection_diag.json,data/well-mixed/VS_run_4_det_Dv0.100_projection_history.csv,800,clip,0.0,1e-14,0.001,2000000,800,False,2566.518418073654,0.0,0.0,0.0,0.0,0.0,0.0,0.0,0.0,23662119433.26889,23662119433.26889,0.0,0.0,0.0,0.0,0.0,0.0,0.0,0.0,0.0,0.0,0.0,0.0,0.0,0.0,0.0,0.0,0.0,2000000.0,0.0,0.0,0.0,0.0,0.0,0.0,4000000.0,0.0,0.0,0.0,0.0,0.0
well-mixed,0.09999999999999999,5,data/well-mixed/VS_run_5_det_Dv0.100_projection_diag.json,data/well-mixed/VS_run_5_det_Dv0.100_projection_history.csv,800,clip,0.0,1e-14,0.001,2000000,800,False,2733.119829416275,0.0,0.0,0.0,0.0,0.0,0.0,0.0,0.0,23659832428.629787,23659832428.629787,0.0,0.0,0.0,0.0,0.0,0.0,0.0,0.0,0.0,0.0,0.0,0.0,0.0,0.0,0.0,0.0,0.0,2000000.0,0.0,0.0,0.0,0.0,0.0,0.0,4000000.0,0.0,0.0,0.0,0.0,0.0
well-mixed,0.09999999999999999,6,data/well-mixed/VS_run_6_det_Dv0.100_projection_diag.json,data/well-mixed/VS_run_6_det_Dv0.100_projection_history.csv,800,clip,0.0,1e-14,0.001,2000000,800,False,2475.4304559230804,0.0,0.0,0.0,0.0,0.0,0.0,0.0,0.0,23657077231.668827,23657077231.668827,0.0,0.0,0.0,0.0,0.0,0.0,0.0,0.0,0.0,0.0,0.0,0.0,0.0,0.0,0.0,0.0,0.0,2000000.0,0.0,0.0,0.0,0.0,0.0,0.0,4000000.0,0.0,0.0,0.0,0.0,0.0
well-mixed,0.09999999999999999,7,data/well-mixed/VS_run_7_det_Dv0.100_projection_diag.json,data/well-mixed/VS_run_7_det_Dv0.100_projection_history.csv,800,clip,0.0,1e-14,0.001,2000000,800,False,2501.9869916439056,0.0,0.0,0.0,0.0,0.0,0.0,0.0,0.0,23654732302.020733,23654732302.020733,0.0,0.0,0.0,0.0,0.0,0.0,0.0,0.0,0.0,0.0,0.0,0.0,0.0,0.0,0.0,0.0,0.0,2000000.0,0.0,0.0,0.0,0.0,0.0,0.0,4000000.0,0.0,0.0,0.0,0.0,0.0
well-mixed,0.09999999999999999,8,data/well-mixed/VS_run_8_det_Dv0.100_projection_diag.json,data/well-mixed/VS_run_8_det_Dv0.100_projection_history.csv,800,clip,0.0,1e-14,0.001,2000000,800,False,2595.6046998500824,0.0,0.0,0.0,0.0,0.0,0.0,0.0,0.0,23671675775.868015,23671675775.868015,0.0,0.0,0.0,0.0,0.0,0.0,0.0,0.0,0.0,0.0,0.0,0.0,0.0,0.0,0.0,0.0,0.0,2000000.0,0.0,0.0,0.0,0.0,0.0,0.0,4000000.0,0.0,0.0,0.0,0.0,0.0
well-mixed,0.09999999999999999,9,data/well-mixed/VS_run_9_det_Dv0.100_projection_diag.json,data/well-mixed/VS_run_9_det_Dv0.100_projection_history.csv,800,clip,0.0,1e-14,0.001,2000000,800,False,2552.3932015895844,0.0,0.0,0.0,0.0,0.0,0.0,0.0,0.0,23680066810.748444,23680066810.748444,0.0,0.0,0.0,0.0,0.0,0.0,0.0,0.0,0.0,0.0,0.0,0.0,0.0,0.0,0.0,0.0,0.0,2000000.0,0.0,0.0,0.0,0.0,0.0,0.0,4000000.0,0.0,0.0,0.0,0.0,0.0
well-mixed,0.11,0,data/well-mixed/VS_run_0_det_Dv0.110_projection_diag.json,data/well-mixed/VS_run_0_det_Dv0.110_projection_history.csv,800,clip,0.0,1e-14,0.001,2000000,800,False,2515.8947291374207,0.0,0.0,0.0,0.0,0.0,0.0,0.0,0.0,23649729378.268734,23649729378.268734,0.0,0.0,0.0,0.0,0.0,0.0,0.0,0.0,0.0,0.0,0.0,0.0,0.0,0.0,0.0,0.0,0.0,2000000.0,0.0,0.0,0.0,0.0,0.0,0.0,4000000.0,0.0,0.0,0.0,0.0,0.0
well-mixed,0.11,1,data/well-mixed/VS_run_1_det_Dv0.110_projection_diag.json,data/well-mixed/VS_run_1_det_Dv0.110_projection_history.csv,800,clip,0.0,1e-14,0.001,2000000,800,False,2762.405243396759,0.0,0.0,0.0,0.0,0.0,0.0,0.0,0.0,23672936661.287735,23672936661.287735,0.0,0.0,0.0,0.0,0.0,0.0,0.0,0.0,0.0,0.0,0.0,0.0,0.0,0.0,0.0,0.0,0.0,2000000.0,0.0,0.0,0.0,0.0,0.0,0.0,4000000.0,0.0,0.0,0.0,0.0,0.0
well-mixed,0.11,2,data/well-mixed/VS_run_2_det_Dv0.110_projection_diag.json,data/well-mixed/VS_run_2_det_Dv0.110_projection_history.csv,800,clip,0.0,1e-14,0.001,2000000,800,False,2555.7805032730103,0.0,0.0,0.0,0.0,0.0,0.0,0.0,0.0,23688928710.25414,23688928710.25414,0.0,0.0,0.0,0.0,0.0,0.0,0.0,0.0,0.0,0.0,0.0,0.0,0.0,0.0,0.0,0.0,0.0,2000000.0,0.0,0.0,0.0,0.0,0.0,0.0,4000000.0,0.0,0.0,0.0,0.0,0.0
well-mixed,0.11,3,data/well-mixed/VS_run_3_det_Dv0.110_projection_diag.json,data/well-mixed/VS_run_3_det_Dv0.110_projection_history.csv,800,clip,0.0,1e-14,0.001,2000000,800,False,2624.2350924015045,0.0,0.0,0.0,0.0,0.0,0.0,0.0,0.0,23662119433.26889,23662119433.26889,0.0,0.0,0.0,0.0,0.0,0.0,0.0,0.0,0.0,0.0,0.0,0.0,0.0,0.0,0.0,0.0,0.0,2000000.0,0.0,0.0,0.0,0.0,0.0,0.0,4000000.0,0.0,0.0,0.0,0.0,0.0
well-mixed,0.11,4,data/well-mixed/VS_run_4_det_Dv0.110_projection_diag.json,data/well-mixed/VS_run_4_det_Dv0.110_projection_history.csv,800,clip,0.0,1e-14,0.001,2000000,800,False,2569.7600309848785,0.0,0.0,0.0,0.0,0.0,0.0,0.0,0.0,23659832428.629787,23659832428.629787,0.0,0.0,0.0,0.0,0.0,0.0,0.0,0.0,0.0,0.0,0.0,0.0,0.0,0.0,0.0,0.0,0.0,2000000.0,0.0,0.0,0.0,0.0,0.0,0.0,4000000.0,0.0,0.0,0.0,0.0,0.0
well-mixed,0.11,5,data/well-mixed/VS_run_5_det_Dv0.110_projection_diag.json,data/well-mixed/VS_run_5_det_Dv0.110_projection_history.csv,800,clip,0.0,1e-14,0.001,2000000,800,False,2707.4327762126923,0.0,0.0,0.0,0.0,0.0,0.0,0.0,0.0,23657077231.668827,23657077231.668827,0.0,0.0,0.0,0.0,0.0,0.0,0.0,0.0,0.0,0.0,0.0,0.0,0.0,0.0,0.0,0.0,0.0,2000000.0,0.0,0.0,0.0,0.0,0.0,0.0,4000000.0,0.0,0.0,0.0,0.0,0.0
well-mixed,0.11,6,data/well-mixed/VS_run_6_det_Dv0.110_projection_diag.json,data/well-mixed/VS_run_6_det_Dv0.110_projection_history.csv,800,clip,0.0,1e-14,0.001,2000000,800,False,2477.7850823402405,0.0,0.0,0.0,0.0,0.0,0.0,0.0,0.0,23654732302.020733,23654732302.020733,0.0,0.0,0.0,0.0,0.0,0.0,0.0,0.0,0.0,0.0,0.0,0.0,0.0,0.0,0.0,0.0,0.0,2000000.0,0.0,0.0,0.0,0.0,0.0,0.0,4000000.0,0.0,0.0,0.0,0.0,0.0
well-mixed,0.11,7,data/well-mixed/VS_run_7_det_Dv0.110_projection_diag.json,data/well-mixed/VS_run_7_det_Dv0.110_projection_history.csv,800,clip,0.0,1e-14,0.001,2000000,800,False,2511.0181431770325,0.0,0.0,0.0,0.0,0.0,0.0,0.0,0.0,23671675775.868015,23671675775.868015,0.0,0.0,0.0,0.0,0.0,0.0,0.0,0.0,0.0,0.0,0.0,0.0,0.0,0.0,0.0,0.0,0.0,2000000.0,0.0,0.0,0.0,0.0,0.0,0.0,4000000.0,0.0,0.0,0.0,0.0,0.0
well-mixed,0.11,8,data/well-mixed/VS_run_8_det_Dv0.110_projection_diag.json,data/well-mixed/VS_run_8_det_Dv0.110_projection_history.csv,800,clip,0.0,1e-14,0.001,2000000,800,False,2588.65460062027,0.0,0.0,0.0,0.0,0.0,0.0,0.0,0.0,23680066810.748444,23680066810.748444,0.0,0.0,0.0,0.0,0.0,0.0,0.0,0.0,0.0,0.0,0.0,0.0,0.0,0.0,0.0,0.0,0.0,2000000.0,0.0,0.0,0.0,0.0,0.0,0.0,4000000.0,0.0,0.0,0.0,0.0,0.0
well-mixed,0.11,9,data/well-mixed/VS_run_9_det_Dv0.110_projection_diag.json,data/well-mixed/VS_run_9_det_Dv0.110_projection_history.csv,800,clip,0.0,1e-14,0.001,2000000,800,False,2565.5892338752747,0.0,0.0,0.0,0.0,0.0,0.0,0.0,0.0,23710229777.068954,23710229777.068954,0.0,0.0,0.0,0.0,0.0,0.0,0.0,0.0,0.0,0.0,0.0,0.0,0.0,0.0,0.0,0.0,0.0,2000000.0,0.0,0.0,0.0,0.0,0.0,0.0,4000000.0,0.0,0.0,0.0,0.0,0.0
well-mixed,0.12,0,data/well-mixed/VS_run_0_det_Dv0.120_projection_diag.json,data/well-mixed/VS_run_0_det_Dv0.120_projection_history.csv,800,clip,0.0,1e-14,0.001,2000000,800,False,2527.2106008529663,0.0,0.0,0.0,0.0,0.0,0.0,0.0,0.0,23672936661.287735,23672936661.287735,0.0,0.0,0.0,0.0,0.0,0.0,0.0,0.0,0.0,0.0,0.0,0.0,0.0,0.0,0.0,0.0,0.0,2000000.0,0.0,0.0,0.0,0.0,0.0,0.0,4000000.0,0.0,0.0,0.0,0.0,0.0
well-mixed,0.12,1,data/well-mixed/VS_run_1_det_Dv0.120_projection_diag.json,data/well-mixed/VS_run_1_det_Dv0.120_projection_history.csv,800,clip,0.0,1e-14,0.001,2000000,800,False,2773.827888250351,0.0,0.0,0.0,0.0,0.0,0.0,0.0,0.0,23688928710.25414,23688928710.25414,0.0,0.0,0.0,0.0,0.0,0.0,0.0,0.0,0.0,0.0,0.0,0.0,0.0,0.0,0.0,0.0,0.0,2000000.0,0.0,0.0,0.0,0.0,0.0,0.0,4000000.0,0.0,0.0,0.0,0.0,0.0
well-mixed,0.12,2,data/well-mixed/VS_run_2_det_Dv0.120_projection_diag.json,data/well-mixed/VS_run_2_det_Dv0.120_projection_history.csv,800,clip,0.0,1e-14,0.001,2000000,800,False,2578.190464735031,0.0,0.0,0.0,0.0,0.0,0.0,0.0,0.0,23662119433.26889,23662119433.26889,0.0,0.0,0.0,0.0,0.0,0.0,0.0,0.0,0.0,0.0,0.0,0.0,0.0,0.0,0.0,0.0,0.0,2000000.0,0.0,0.0,0.0,0.0,0.0,0.0,4000000.0,0.0,0.0,0.0,0.0,0.0
well-mixed,0.12,3,data/well-mixed/VS_run_3_det_Dv0.120_projection_diag.json,data/well-mixed/VS_run_3_det_Dv0.120_projection_history.csv,800,clip,0.0,1e-14,0.001,2000000,800,False,2628.763479948044,0.0,0.0,0.0,0.0,0.0,0.0,0.0,0.0,23659832428.629787,23659832428.629787,0.0,0.0,0.0,0.0,0.0,0.0,0.0,0.0,0.0,0.0,0.0,0.0,0.0,0.0,0.0,0.0,0.0,2000000.0,0.0,0.0,0.0,0.0,0.0,0.0,4000000.0,0.0,0.0,0.0,0.0,0.0
well-mixed,0.12,4,data/well-mixed/VS_run_4_det_Dv0.120_projection_diag.json,data/well-mixed/VS_run_4_det_Dv0.120_projection_history.csv,800,clip,0.0,1e-14,0.001,2000000,800,False,2581.1199510097504,0.0,0.0,0.0,0.0,0.0,0.0,0.0,0.0,23657077231.668827,23657077231.668827,0.0,0.0,0.0,0.0,0.0,0.0,0.0,0.0,0.0,0.0,0.0,0.0,0.0,0.0,0.0,0.0,0.0,2000000.0,0.0,0.0,0.0,0.0,0.0,0.0,4000000.0,0.0,0.0,0.0,0.0,0.0
well-mixed,0.12,5,data/well-mixed/VS_run_5_det_Dv0.120_projection_diag.json,data/well-mixed/VS_run_5_det_Dv0.120_projection_history.csv,800,clip,0.0,1e-14,0.001,2000000,800,False,2707.359391450882,0.0,0.0,0.0,0.0,0.0,0.0,0.0,0.0,23654732302.020733,23654732302.020733,0.0,0.0,0.0,0.0,0.0,0.0,0.0,0.0,0.0,0.0,0.0,0.0,0.0,0.0,0.0,0.0,0.0,2000000.0,0.0,0.0,0.0,0.0,0.0,0.0,4000000.0,0.0,0.0,0.0,0.0,0.0
well-mixed,0.12,6,data/well-mixed/VS_run_6_det_Dv0.120_projection_diag.json,data/well-mixed/VS_run_6_det_Dv0.120_projection_history.csv,800,clip,0.0,1e-14,0.001,2000000,800,False,2499.6241030693054,0.0,0.0,0.0,0.0,0.0,0.0,0.0,0.0,23671675775.868015,23671675775.868015,0.0,0.0,0.0,0.0,0.0,0.0,0.0,0.0,0.0,0.0,0.0,0.0,0.0,0.0,0.0,0.0,0.0,2000000.0,0.0,0.0,0.0,0.0,0.0,0.0,4000000.0,0.0,0.0,0.0,0.0,0.0
well-mixed,0.12,7,data/well-mixed/VS_run_7_det_Dv0.120_projection_diag.json,data/well-mixed/VS_run_7_det_Dv0.120_projection_history.csv,800,clip,0.0,1e-14,0.001,2000000,800,False,2511.867772579193,0.0,0.0,0.0,0.0,0.0,0.0,0.0,0.0,23680066810.748444,23680066810.748444,0.0,0.0,0.0,0.0,0.0,0.0,0.0,0.0,0.0,0.0,0.0,0.0,0.0,0.0,0.0,0.0,0.0,2000000.0,0.0,0.0,0.0,0.0,0.0,0.0,4000000.0,0.0,0.0,0.0,0.0,0.0
well-mixed,0.12,8,data/well-mixed/VS_run_8_det_Dv0.120_projection_diag.json,data/well-mixed/VS_run_8_det_Dv0.120_projection_history.csv,800,clip,0.0,1e-14,0.001,2000000,800,False,2588.0297763347626,0.0,0.0,0.0,0.0,0.0,0.0,0.0,0.0,23710229777.068954,23710229777.068954,0.0,0.0,0.0,0.0,0.0,0.0,0.0,0.0,0.0,0.0,0.0,0.0,0.0,0.0,0.0,0.0,0.0,2000000.0,0.0,0.0,0.0,0.0,0.0,0.0,4000000.0,0.0,0.0,0.0,0.0,0.0
well-mixed,0.12,9,data/well-mixed/VS_run_9_det_Dv0.120_projection_diag.json,data/well-mixed/VS_run_9_det_Dv0.120_projection_history.csv,800,clip,0.0,1e-14,0.001,2000000,800,False,2567.763290166855,0.0,0.0,0.0,0.0,0.0,0.0,0.0,0.0,23660922721.85264,23660922721.85264,0.0,0.0,0.0,0.0,0.0,0.0,0.0,0.0,0.0,0.0,0.0,0.0,0.0,0.0,0.0,0.0,0.0,2000000.0,0.0,0.0,0.0,0.0,0.0,0.0,4000000.0,0.0,0.0,0.0,0.0,0.0
well-mixed,0.13,0,data/well-mixed/VS_run_0_det_Dv0.130_projection_diag.json,data/well-mixed/VS_run_0_det_Dv0.130_projection_history.csv,800,clip,0.0,1e-14,0.001,2000000,800,False,2528.7990741729736,0.0,0.0,0.0,0.0,0.0,0.0,0.0,0.0,23688928710.25414,23688928710.25414,0.0,0.0,0.0,0.0,0.0,0.0,0.0,0.0,0.0,0.0,0.0,0.0,0.0,0.0,0.0,0.0,0.0,2000000.0,0.0,0.0,0.0,0.0,0.0,0.0,4000000.0,0.0,0.0,0.0,0.0,0.0
well-mixed,0.13,1,data/well-mixed/VS_run_1_det_Dv0.130_projection_diag.json,data/well-mixed/VS_run_1_det_Dv0.130_projection_history.csv,800,clip,0.0,1e-14,0.001,2000000,800,False,2761.194114923477,0.0,0.0,0.0,0.0,0.0,0.0,0.0,0.0,23662119433.26889,23662119433.26889,0.0,0.0,0.0,0.0,0.0,0.0,0.0,0.0,0.0,0.0,0.0,0.0,0.0,0.0,0.0,0.0,0.0,2000000.0,0.0,0.0,0.0,0.0,0.0,0.0,4000000.0,0.0,0.0,0.0,0.0,0.0
well-mixed,0.13,2,data/well-mixed/VS_run_2_det_Dv0.130_projection_diag.json,data/well-mixed/VS_run_2_det_Dv0.130_projection_history.csv,800,clip,0.0,1e-14,0.001,2000000,800,False,2529.996698141098,0.0,0.0,0.0,0.0,0.0,0.0,0.0,0.0,23659832428.629787,23659832428.629787,0.0,0.0,0.0,0.0,0.0,0.0,0.0,0.0,0.0,0.0,0.0,0.0,0.0,0.0,0.0,0.0,0.0,2000000.0,0.0,0.0,0.0,0.0,0.0,0.0,4000000.0,0.0,0.0,0.0,0.0,0.0
well-mixed,0.13,3,data/well-mixed/VS_run_3_det_Dv0.130_projection_diag.json,data/well-mixed/VS_run_3_det_Dv0.130_projection_history.csv,800,clip,0.0,1e-14,0.001,2000000,800,False,2631.150164604187,0.0,0.0,0.0,0.0,0.0,0.0,0.0,0.0,23657077231.668827,23657077231.668827,0.0,0.0,0.0,0.0,0.0,0.0,0.0,0.0,0.0,0.0,0.0,0.0,0.0,0.0,0.0,0.0,0.0,2000000.0,0.0,0.0,0.0,0.0,0.0,0.0,4000000.0,0.0,0.0,0.0,0.0,0.0
well-mixed,0.13,4,data/well-mixed/VS_run_4_det_Dv0.130_projection_diag.json,data/well-mixed/VS_run_4_det_Dv0.130_projection_history.csv,800,clip,0.0,1e-14,0.001,2000000,800,False,2564.276195049286,0.0,0.0,0.0,0.0,0.0,0.0,0.0,0.0,23654732302.020733,23654732302.020733,0.0,0.0,0.0,0.0,0.0,0.0,0.0,0.0,0.0,0.0,0.0,0.0,0.0,0.0,0.0,0.0,0.0,2000000.0,0.0,0.0,0.0,0.0,0.0,0.0,4000000.0,0.0,0.0,0.0,0.0,0.0
well-mixed,0.13,5,data/well-mixed/VS_run_5_det_Dv0.130_projection_diag.json,data/well-mixed/VS_run_5_det_Dv0.130_projection_history.csv,800,clip,0.0,1e-14,0.001,2000000,800,False,2714.9359164237976,0.0,0.0,0.0,0.0,0.0,0.0,0.0,0.0,23671675775.868015,23671675775.868015,0.0,0.0,0.0,0.0,0.0,0.0,0.0,0.0,0.0,0.0,0.0,0.0,0.0,0.0,0.0,0.0,0.0,2000000.0,0.0,0.0,0.0,0.0,0.0,0.0,4000000.0,0.0,0.0,0.0,0.0,0.0
well-mixed,0.13,6,data/well-mixed/VS_run_6_det_Dv0.130_projection_diag.json,data/well-mixed/VS_run_6_det_Dv0.130_projection_history.csv,800,clip,0.0,1e-14,0.001,2000000,800,False,2497.472591161728,0.0,0.0,0.0,0.0,0.0,0.0,0.0,0.0,23680066810.748444,23680066810.748444,0.0,0.0,0.0,0.0,0.0,0.0,0.0,0.0,0.0,0.0,0.0,0.0,0.0,0.0,0.0,0.0,0.0,2000000.0,0.0,0.0,0.0,0.0,0.0,0.0,4000000.0,0.0,0.0,0.0,0.0,0.0
well-mixed,0.13,7,data/well-mixed/VS_run_7_det_Dv0.130_projection_diag.json,data/well-mixed/VS_run_7_det_Dv0.130_projection_history.csv,800,clip,0.0,1e-14,0.001,2000000,800,False,2499.08872795105,0.0,0.0,0.0,0.0,0.0,0.0,0.0,0.0,23710229777.068954,23710229777.068954,0.0,0.0,0.0,0.0,0.0,0.0,0.0,0.0,0.0,0.0,0.0,0.0,0.0,0.0,0.0,0.0,0.0,2000000.0,0.0,0.0,0.0,0.0,0.0,0.0,4000000.0,0.0,0.0,0.0,0.0,0.0
well-mixed,0.13,8,data/well-mixed/VS_run_8_det_Dv0.130_projection_diag.json,data/well-mixed/VS_run_8_det_Dv0.130_projection_history.csv,800,clip,0.0,1e-14,0.001,2000000,800,False,2593.6243686676025,0.0,0.0,0.0,0.0,0.0,0.0,0.0,0.0,23660922721.85264,23660922721.85264,0.0,0.0,0.0,0.0,0.0,0.0,0.0,0.0,0.0,0.0,0.0,0.0,0.0,0.0,0.0,0.0,0.0,2000000.0,0.0,0.0,0.0,0.0,0.0,0.0,4000000.0,0.0,0.0,0.0,0.0,0.0
well-mixed,0.13,9,data/well-mixed/VS_run_9_det_Dv0.130_projection_diag.json,data/well-mixed/VS_run_9_det_Dv0.130_projection_history.csv,800,clip,0.0,1e-14,0.001,2000000,800,False,2563.7296085357666,0.0,0.0,0.0,0.0,0.0,0.0,0.0,0.0,23651251328.03436,23651251328.03436,0.0,0.0,0.0,0.0,0.0,0.0,0.0,0.0,0.0,0.0,0.0,0.0,0.0,0.0,0.0,0.0,0.0,2000000.0,0.0,0.0,0.0,0.0,0.0,0.0,4000000.0,0.0,0.0,0.0,0.0,0.0
well-mixed,0.14,0,data/well-mixed/VS_run_0_det_Dv0.140_projection_diag.json,data/well-mixed/VS_run_0_det_Dv0.140_projection_history.csv,800,clip,0.0,1e-14,0.001,2000000,800,False,2531.0065462589264,0.0,0.0,0.0,0.0,0.0,0.0,0.0,0.0,23662119433.26889,23662119433.26889,0.0,0.0,0.0,0.0,0.0,0.0,0.0,0.0,0.0,0.0,0.0,0.0,0.0,0.0,0.0,0.0,0.0,2000000.0,0.0,0.0,0.0,0.0,0.0,0.0,4000000.0,0.0,0.0,0.0,0.0,0.0
well-mixed,0.14,1,data/well-mixed/VS_run_1_det_Dv0.140_projection_diag.json,data/well-mixed/VS_run_1_det_Dv0.140_projection_history.csv,800,clip,0.0,1e-14,0.001,2000000,800,False,2740.693855047226,0.0,0.0,0.0,0.0,0.0,0.0,0.0,0.0,23659832428.629787,23659832428.629787,0.0,0.0,0.0,0.0,0.0,0.0,0.0,0.0,0.0,0.0,0.0,0.0,0.0,0.0,0.0,0.0,0.0,2000000.0,0.0,0.0,0.0,0.0,0.0,0.0,4000000.0,0.0,0.0,0.0,0.0,0.0
well-mixed,0.14,2,data/well-mixed/VS_run_2_det_Dv0.140_projection_diag.json,data/well-mixed/VS_run_2_det_Dv0.140_projection_history.csv,800,clip,0.0,1e-14,0.001,2000000,800,False,2544.5658452510834,0.0,0.0,0.0,0.0,0.0,0.0,0.0,0.0,23657077231.668827,23657077231.668827,0.0,0.0,0.0,0.0,0.0,0.0,0.0,0.0,0.0,0.0,0.0,0.0,0.0,0.0,0.0,0.0,0.0,2000000.0,0.0,0.0,0.0,0.0,0.0,0.0,4000000.0,0.0,0.0,0.0,0.0,0.0
well-mixed,0.14,3,data/well-mixed/VS_run_3_det_Dv0.140_projection_diag.json,data/well-mixed/VS_run_3_det_Dv0.140_projection_history.csv,800,clip,0.0,1e-14,0.001,2000000,800,False,2586.16135597229,0.0,0.0,0.0,0.0,0.0,0.0,0.0,0.0,23654732302.020733,23654732302.020733,0.0,0.0,0.0,0.0,0.0,0.0,0.0,0.0,0.0,0.0,0.0,0.0,0.0,0.0,0.0,0.0,0.0,2000000.0,0.0,0.0,0.0,0.0,0.0,0.0,4000000.0,0.0,0.0,0.0,0.0,0.0
well-mixed,0.14,4,data/well-mixed/VS_run_4_det_Dv0.140_projection_diag.json,data/well-mixed/VS_run_4_det_Dv0.140_projection_history.csv,800,clip,0.0,1e-14,0.001,2000000,800,False,2565.11203789711,0.0,0.0,0.0,0.0,0.0,0.0,0.0,0.0,23671675775.868015,23671675775.868015,0.0,0.0,0.0,0.0,0.0,0.0,0.0,0.0,0.0,0.0,0.0,0.0,0.0,0.0,0.0,0.0,0.0,2000000.0,0.0,0.0,0.0,0.0,0.0,0.0,4000000.0,0.0,0.0,0.0,0.0,0.0
well-mixed,0.14,5,data/well-mixed/VS_run_5_det_Dv0.140_projection_diag.json,data/well-mixed/VS_run_5_det_Dv0.140_projection_history.csv,800,clip,0.0,1e-14,0.001,2000000,800,False,2717.791992664337,0.0,0.0,0.0,0.0,0.0,0.0,0.0,0.0,23680066810.748444,23680066810.748444,0.0,0.0,0.0,0.0,0.0,0.0,0.0,0.0,0.0,0.0,0.0,0.0,0.0,0.0,0.0,0.0,0.0,2000000.0,0.0,0.0,0.0,0.0,0.0,0.0,4000000.0,0.0,0.0,0.0,0.0,0.0
well-mixed,0.14,6,data/well-mixed/VS_run_6_det_Dv0.140_projection_diag.json,data/well-mixed/VS_run_6_det_Dv0.140_projection_history.csv,800,clip,0.0,1e-14,0.001,2000000,800,False,2511.7213973999023,0.0,0.0,0.0,0.0,0.0,0.0,0.0,0.0,23710229777.068954,23710229777.068954,0.0,0.0,0.0,0.0,0.0,0.0,0.0,0.0,0.0,0.0,0.0,0.0,0.0,0.0,0.0,0.0,0.0,2000000.0,0.0,0.0,0.0,0.0,0.0,0.0,4000000.0,0.0,0.0,0.0,0.0,0.0
well-mixed,0.14,7,data/well-mixed/VS_run_7_det_Dv0.140_projection_diag.json,data/well-mixed/VS_run_7_det_Dv0.140_projection_history.csv,800,clip,0.0,1e-14,0.001,2000000,800,False,2504.7686834335327,0.0,0.0,0.0,0.0,0.0,0.0,0.0,0.0,23660922721.85264,23660922721.85264,0.0,0.0,0.0,0.0,0.0,0.0,0.0,0.0,0.0,0.0,0.0,0.0,0.0,0.0,0.0,0.0,0.0,2000000.0,0.0,0.0,0.0,0.0,0.0,0.0,4000000.0,0.0,0.0,0.0,0.0,0.0
well-mixed,0.14,8,data/well-mixed/VS_run_8_det_Dv0.140_projection_diag.json,data/well-mixed/VS_run_8_det_Dv0.140_projection_history.csv,800,clip,0.0,1e-14,0.001,2000000,800,False,2601.417403936386,0.0,0.0,0.0,0.0,0.0,0.0,0.0,0.0,23651251328.03436,23651251328.03436,0.0,0.0,0.0,0.0,0.0,0.0,0.0,0.0,0.0,0.0,0.0,0.0,0.0,0.0,0.0,0.0,0.0,2000000.0,0.0,0.0,0.0,0.0,0.0,0.0,4000000.0,0.0,0.0,0.0,0.0,0.0
well-mixed,0.14,9,data/well-mixed/VS_run_9_det_Dv0.140_projection_diag.json,data/well-mixed/VS_run_9_det_Dv0.140_projection_history.csv,800,clip,0.0,1e-14,0.001,2000000,800,False,2571.073454141617,0.0,0.0,0.0,0.0,0.0,0.0,0.0,0.0,23641892287.653095,23641892287.653095,0.0,0.0,0.0,0.0,0.0,0.0,0.0,0.0,0.0,0.0,0.0,0.0,0.0,0.0,0.0,0.0,0.0,2000000.0,0.0,0.0,0.0,0.0,0.0,0.0,4000000.0,0.0,0.0,0.0,0.0,0.0
well-mixed,0.15000000000000002,0,data/well-mixed/VS_run_0_det_Dv0.150_projection_diag.json,data/well-mixed/VS_run_0_det_Dv0.150_projection_history.csv,800,clip,0.0,1e-14,0.001,2000000,800,False,2531.2189044952393,0.0,0.0,0.0,0.0,0.0,0.0,0.0,0.0,23659832428.629787,23659832428.629787,0.0,0.0,0.0,0.0,0.0,0.0,0.0,0.0,0.0,0.0,0.0,0.0,0.0,0.0,0.0,0.0,0.0,2000000.0,0.0,0.0,0.0,0.0,0.0,0.0,4000000.0,0.0,0.0,0.0,0.0,0.0
well-mixed,0.15000000000000002,1,data/well-mixed/VS_run_1_det_Dv0.150_projection_diag.json,data/well-mixed/VS_run_1_det_Dv0.150_projection_history.csv,800,clip,0.0,1e-14,0.001,2000000,800,False,2774.4044654369354,0.0,0.0,0.0,0.0,0.0,0.0,0.0,0.0,23657077231.668827,23657077231.668827,0.0,0.0,0.0,0.0,0.0,0.0,0.0,0.0,0.0,0.0,0.0,0.0,0.0,0.0,0.0,0.0,0.0,2000000.0,0.0,0.0,0.0,0.0,0.0,0.0,4000000.0,0.0,0.0,0.0,0.0,0.0
well-mixed,0.15000000000000002,2,data/well-mixed/VS_run_2_det_Dv0.150_projection_diag.json,data/well-mixed/VS_run_2_det_Dv0.150_projection_history.csv,800,clip,0.0,1e-14,0.001,2000000,800,False,2578.786812067032,0.0,0.0,0.0,0.0,0.0,0.0,0.0,0.0,23654732302.020733,23654732302.020733,0.0,0.0,0.0,0.0,0.0,0.0,0.0,0.0,0.0,0.0,0.0,0.0,0.0,0.0,0.0,0.0,0.0,2000000.0,0.0,0.0,0.0,0.0,0.0,0.0,4000000.0,0.0,0.0,0.0,0.0,0.0
well-mixed,0.15000000000000002,3,data/well-mixed/VS_run_3_det_Dv0.150_projection_diag.json,data/well-mixed/VS_run_3_det_Dv0.150_projection_history.csv,800,clip,0.0,1e-14,0.001,2000000,800,False,2611.2494406700134,0.0,0.0,0.0,0.0,0.0,0.0,0.0,0.0,23671675775.868015,23671675775.868015,0.0,0.0,0.0,0.0,0.0,0.0,0.0,0.0,0.0,0.0,0.0,0.0,0.0,0.0,0.0,0.0,0.0,2000000.0,0.0,0.0,0.0,0.0,0.0,0.0,4000000.0,0.0,0.0,0.0,0.0,0.0
well-mixed,0.15000000000000002,4,data/well-mixed/VS_run_4_det_Dv0.150_projection_diag.json,data/well-mixed/VS_run_4_det_Dv0.150_projection_history.csv,800,clip,0.0,1e-14,0.001,2000000,800,False,2580.890114068985,0.0,0.0,0.0,0.0,0.0,0.0,0.0,0.0,23680066810.748444,23680066810.748444,0.0,0.0,0.0,0.0,0.0,0.0,0.0,0.0,0.0,0.0,0.0,0.0,0.0,0.0,0.0,0.0,0.0,2000000.0,0.0,0.0,0.0,0.0,0.0,0.0,4000000.0,0.0,0.0,0.0,0.0,0.0
well-mixed,0.15000000000000002,5,data/well-mixed/VS_run_5_det_Dv0.150_projection_diag.json,data/well-mixed/VS_run_5_det_Dv0.150_projection_history.csv,800,clip,0.0,1e-14,0.001,2000000,800,False,2684.1696133613586,0.0,0.0,0.0,0.0,0.0,0.0,0.0,0.0,23710229777.068954,23710229777.068954,0.0,0.0,0.0,0.0,0.0,0.0,0.0,0.0,0.0,0.0,0.0,0.0,0.0,0.0,0.0,0.0,0.0,2000000.0,0.0,0.0,0.0,0.0,0.0,0.0,4000000.0,0.0,0.0,0.0,0.0,0.0
well-mixed,0.15000000000000002,6,data/well-mixed/VS_run_6_det_Dv0.150_projection_diag.json,data/well-mixed/VS_run_6_det_Dv0.150_projection_history.csv,800,clip,0.0,1e-14,0.001,2000000,800,False,2480.3606610298157,0.0,0.0,0.0,0.0,0.0,0.0,0.0,0.0,23660922721.85264,23660922721.85264,0.0,0.0,0.0,0.0,0.0,0.0,0.0,0.0,0.0,0.0,0.0,0.0,0.0,0.0,0.0,0.0,0.0,2000000.0,0.0,0.0,0.0,0.0,0.0,0.0,4000000.0,0.0,0.0,0.0,0.0,0.0
well-mixed,0.15000000000000002,7,data/well-mixed/VS_run_7_det_Dv0.150_projection_diag.json,data/well-mixed/VS_run_7_det_Dv0.150_projection_history.csv,800,clip,0.0,1e-14,0.001,2000000,800,False,2511.325433254242,0.0,0.0,0.0,0.0,0.0,0.0,0.0,0.0,23651251328.03436,23651251328.03436,0.0,0.0,0.0,0.0,0.0,0.0,0.0,0.0,0.0,0.0,0.0,0.0,0.0,0.0,0.0,0.0,0.0,2000000.0,0.0,0.0,0.0,0.0,0.0,0.0,4000000.0,0.0,0.0,0.0,0.0,0.0
well-mixed,0.15000000000000002,8,data/well-mixed/VS_run_8_det_Dv0.150_projection_diag.json,data/well-mixed/VS_run_8_det_Dv0.150_projection_history.csv,800,clip,0.0,1e-14,0.001,2000000,800,False,2593.9910447597504,0.0,0.0,0.0,0.0,0.0,0.0,0.0,0.0,23641892287.653095,23641892287.653095,0.0,0.0,0.0,0.0,0.0,0.0,0.0,0.0,0.0,0.0,0.0,0.0,0.0,0.0,0.0,0.0,0.0,2000000.0,0.0,0.0,0.0,0.0,0.0,0.0,4000000.0,0.0,0.0,0.0,0.0,0.0
well-mixed,0.15000000000000002,9,data/well-mixed/VS_run_9_det_Dv0.150_projection_diag.json,data/well-mixed/VS_run_9_det_Dv0.150_projection_history.csv,800,clip,0.0,1e-14,0.001,2000000,800,False,2567.7171618938446,0.0,0.0,0.0,0.0,0.0,0.0,0.0,0.0,23633388199.510593,23633388199.510593,0.0,0.0,0.0,0.0,0.0,0.0,0.0,0.0,0.0,0.0,0.0,0.0,0.0,0.0,0.0,0.0,0.0,2000000.0,0.0,0.0,0.0,0.0,0.0,0.0,4000000.0,0.0,0.0,0.0,0.0,0.0
well-mixed,0.16,0,data/well-mixed/VS_run_0_det_Dv0.160_projection_diag.json,data/well-mixed/VS_run_0_det_Dv0.160_projection_history.csv,800,clip,0.0,1e-14,0.001,2000000,800,False,2531.3962802886963,0.0,0.0,0.0,0.0,0.0,0.0,0.0,0.0,23657077231.668827,23657077231.668827,0.0,0.0,0.0,0.0,0.0,0.0,0.0,0.0,0.0,0.0,0.0,0.0,0.0,0.0,0.0,0.0,0.0,2000000.0,0.0,0.0,0.0,0.0,0.0,0.0,4000000.0,0.0,0.0,0.0,0.0,0.0
well-mixed,0.16,1,data/well-mixed/VS_run_1_det_Dv0.160_projection_diag.json,data/well-mixed/VS_run_1_det_Dv0.160_projection_history.csv,800,clip,0.0,1e-14,0.001,2000000,800,False,2762.048216819763,0.0,0.0,0.0,0.0,0.0,0.0,0.0,0.0,23654732302.020733,23654732302.020733,0.0,0.0,0.0,0.0,0.0,0.0,0.0,0.0,0.0,0.0,0.0,0.0,0.0,0.0,0.0,0.0,0.0,2000000.0,0.0,0.0,0.0,0.0,0.0,0.0,4000000.0,0.0,0.0,0.0,0.0,0.0
well-mixed,0.16,2,data/well-mixed/VS_run_2_det_Dv0.160_projection_diag.json,data/well-mixed/VS_run_2_det_Dv0.160_projection_history.csv,800,clip,0.0,1e-14,0.001,2000000,800,False,2567.970110177994,0.0,0.0,0.0,0.0,0.0,0.0,0.0,0.0,23671675775.868015,23671675775.868015,0.0,0.0,0.0,0.0,0.0,0.0,0.0,0.0,0.0,0.0,0.0,0.0,0.0,0.0,0.0,0.0,0.0,2000000.0,0.0,0.0,0.0,0.0,0.0,0.0,4000000.0,0.0,0.0,0.0,0.0,0.0
well-mixed,0.16,3,data/well-mixed/VS_run_3_det_Dv0.160_projection_diag.json,data/well-mixed/VS_run_3_det_Dv0.160_projection_history.csv,800,clip,0.0,1e-14,0.001,2000000,800,False,2597.21777677536,0.0,0.0,0.0,0.0,0.0,0.0,0.0,0.0,23680066810.748444,23680066810.748444,0.0,0.0,0.0,0.0,0.0,0.0,0.0,0.0,0.0,0.0,0.0,0.0,0.0,0.0,0.0,0.0,0.0,2000000.0,0.0,0.0,0.0,0.0,0.0,0.0,4000000.0,0.0,0.0,0.0,0.0,0.0
well-mixed,0.16,4,data/well-mixed/VS_run_4_det_Dv0.160_projection_diag.json,data/well-mixed/VS_run_4_det_Dv0.160_projection_history.csv,800,clip,0.0,1e-14,0.001,2000000,800,False,2581.3247623443604,0.0,0.0,0.0,0.0,0.0,0.0,0.0,0.0,23710229777.068954,23710229777.068954,0.0,0.0,0.0,0.0,0.0,0.0,0.0,0.0,0.0,0.0,0.0,0.0,0.0,0.0,0.0,0.0,0.0,2000000.0,0.0,0.0,0.0,0.0,0.0,0.0,4000000.0,0.0,0.0,0.0,0.0,0.0
well-mixed,0.16,5,data/well-mixed/VS_run_5_det_Dv0.160_projection_diag.json,data/well-mixed/VS_run_5_det_Dv0.160_projection_history.csv,800,clip,0.0,1e-14,0.001,2000000,800,False,2709.990336894989,0.0,0.0,0.0,0.0,0.0,0.0,0.0,0.0,23660922721.85264,23660922721.85264,0.0,0.0,0.0,0.0,0.0,0.0,0.0,0.0,0.0,0.0,0.0,0.0,0.0,0.0,0.0,0.0,0.0,2000000.0,0.0,0.0,0.0,0.0,0.0,0.0,4000000.0,0.0,0.0,0.0,0.0,0.0
well-mixed,0.16,6,data/well-mixed/VS_run_6_det_Dv0.160_projection_diag.json,data/well-mixed/VS_run_6_det_Dv0.160_projection_history.csv,800,clip,0.0,1e-14,0.001,2000000,800,False,2476.7441861629486,0.0,0.0,0.0,0.0,0.0,0.0,0.0,0.0,23651251328.03436,23651251328.03436,0.0,0.0,0.0,0.0,0.0,0.0,0.0,0.0,0.0,0.0,0.0,0.0,0.0,0.0,0.0,0.0,0.0,2000000.0,0.0,0.0,0.0,0.0,0.0,0.0,4000000.0,0.0,0.0,0.0,0.0,0.0
well-mixed,0.16,7,data/well-mixed/VS_run_7_det_Dv0.160_projection_diag.json,data/well-mixed/VS_run_7_det_Dv0.160_projection_history.csv,800,clip,0.0,1e-14,0.001,2000000,800,False,2511.000149488449,0.0,0.0,0.0,0.0,0.0,0.0,0.0,0.0,23641892287.653095,23641892287.653095,0.0,0.0,0.0,0.0,0.0,0.0,0.0,0.0,0.0,0.0,0.0,0.0,0.0,0.0,0.0,0.0,0.0,2000000.0,0.0,0.0,0.0,0.0,0.0,0.0,4000000.0,0.0,0.0,0.0,0.0,0.0
well-mixed,0.16,8,data/well-mixed/VS_run_8_det_Dv0.160_projection_diag.json,data/well-mixed/VS_run_8_det_Dv0.160_projection_history.csv,800,clip,0.0,1e-14,0.001,2000000,800,False,2593.7121427059174,0.0,0.0,0.0,0.0,0.0,0.0,0.0,0.0,23633388199.510593,23633388199.510593,0.0,0.0,0.0,0.0,0.0,0.0,0.0,0.0,0.0,0.0,0.0,0.0,0.0,0.0,0.0,0.0,0.0,2000000.0,0.0,0.0,0.0,0.0,0.0,0.0,4000000.0,0.0,0.0,0.0,0.0,0.0
well-mixed,0.16,9,data/well-mixed/VS_run_9_det_Dv0.160_projection_diag.json,data/well-mixed/VS_run_9_det_Dv0.160_projection_history.csv,800,clip,0.0,1e-14,0.001,2000000,800,False,2564.415442466736,0.0,0.0,0.0,0.0,0.0,0.0,0.0,0.0,23641593993.977524,23641593993.977524,0.0,0.0,0.0,0.0,0.0,0.0,0.0,0.0,0.0,0.0,0.0,0.0,0.0,0.0,0.0,0.0,0.0,2000000.0,0.0,0.0,0.0,0.0,0.0,0.0,4000000.0,0.0,0.0,0.0,0.0,0.0
well-mixed,0.17,0,data/well-mixed/VS_run_0_det_Dv0.170_projection_diag.json,data/well-mixed/VS_run_0_det_Dv0.170_projection_history.csv,800,clip,0.0,1e-14,0.001,2000000,800,False,2158.8971972465515,0.0,0.0,0.0,0.0,0.0,0.0,0.0,0.0,23654732302.020733,23654732302.020733,0.0,0.0,0.0,0.0,0.0,0.0,0.0,0.0,0.0,0.0,0.0,0.0,0.0,0.0,0.0,0.0,0.0,2000000.0,0.0,0.0,0.0,0.0,0.0,0.0,4000000.0,0.0,0.0,0.0,0.0,0.0
well-mixed,0.17,1,data/well-mixed/VS_run_1_det_Dv0.170_projection_diag.json,data/well-mixed/VS_run_1_det_Dv0.170_projection_history.csv,800,clip,0.0,1e-14,0.001,2000000,800,False,2134.1881074905396,0.0,0.0,0.0,0.0,0.0,0.0,0.0,0.0,23671675775.868015,23671675775.868015,0.0,0.0,0.0,0.0,0.0,0.0,0.0,0.0,0.0,0.0,0.0,0.0,0.0,0.0,0.0,0.0,0.0,2000000.0,0.0,0.0,0.0,0.0,0.0,0.0,4000000.0,0.0,0.0,0.0,0.0,0.0
well-mixed,0.17,2,data/well-mixed/VS_run_2_det_Dv0.170_projection_diag.json,data/well-mixed/VS_run_2_det_Dv0.170_projection_history.csv,800,clip,0.0,1e-14,0.001,2000000,800,False,2163.2677054405212,0.0,0.0,0.0,0.0,0.0,0.0,0.0,0.0,23680066810.748444,23680066810.748444,0.0,0.0,0.0,0.0,0.0,0.0,0.0,0.0,0.0,0.0,0.0,0.0,0.0,0.0,0.0,0.0,0.0,2000000.0,0.0,0.0,0.0,0.0,0.0,0.0,4000000.0,0.0,0.0,0.0,0.0,0.0
well-mixed,0.17,3,data/well-mixed/VS_run_3_det_Dv0.170_projection_diag.json,data/well-mixed/VS_run_3_det_Dv0.170_projection_history.csv,800,clip,0.0,1e-14,0.001,2000000,800,False,2156.0476455688477,0.0,0.0,0.0,0.0,0.0,0.0,0.0,0.0,23710229777.068954,23710229777.068954,0.0,0.0,0.0,0.0,0.0,0.0,0.0,0.0,0.0,0.0,0.0,0.0,0.0,0.0,0.0,0.0,0.0,2000000.0,0.0,0.0,0.0,0.0,0.0,0.0,4000000.0,0.0,0.0,0.0,0.0,0.0
well-mixed,0.17,4,data/well-mixed/VS_run_4_det_Dv0.170_projection_diag.json,data/well-mixed/VS_run_4_det_Dv0.170_projection_history.csv,800,clip,0.0,1e-14,0.001,2000000,800,False,2129.222968816757,0.0,0.0,0.0,0.0,0.0,0.0,0.0,0.0,23660922721.85264,23660922721.85264,0.0,0.0,0.0,0.0,0.0,0.0,0.0,0.0,0.0,0.0,0.0,0.0,0.0,0.0,0.0,0.0,0.0,2000000.0,0.0,0.0,0.0,0.0,0.0,0.0,4000000.0,0.0,0.0,0.0,0.0,0.0
well-mixed,0.17,5,data/well-mixed/VS_run_5_det_Dv0.170_projection_diag.json,data/well-mixed/VS_run_5_det_Dv0.170_projection_history.csv,800,clip,0.0,1e-14,0.001,2000000,800,False,2148.310262441635,0.0,0.0,0.0,0.0,0.0,0.0,0.0,0.0,23651251328.03436,23651251328.03436,0.0,0.0,0.0,0.0,0.0,0.0,0.0,0.0,0.0,0.0,0.0,0.0,0.0,0.0,0.0,0.0,0.0,2000000.0,0.0,0.0,0.0,0.0,0.0,0.0,4000000.0,0.0,0.0,0.0,0.0,0.0
well-mixed,0.17,6,data/well-mixed/VS_run_6_det_Dv0.170_projection_diag.json,data/well-mixed/VS_run_6_det_Dv0.170_projection_history.csv,800,clip,0.0,1e-14,0.001,2000000,800,False,2113.165295124054,0.0,0.0,0.0,0.0,0.0,0.0,0.0,0.0,23641892287.653095,23641892287.653095,0.0,0.0,0.0,0.0,0.0,0.0,0.0,0.0,0.0,0.0,0.0,0.0,0.0,0.0,0.0,0.0,0.0,2000000.0,0.0,0.0,0.0,0.0,0.0,0.0,4000000.0,0.0,0.0,0.0,0.0,0.0
well-mixed,0.17,7,data/well-mixed/VS_run_7_det_Dv0.170_projection_diag.json,data/well-mixed/VS_run_7_det_Dv0.170_projection_history.csv,800,clip,0.0,1e-14,0.001,2000000,800,False,2142.842686653137,0.0,0.0,0.0,0.0,0.0,0.0,0.0,0.0,23633388199.510593,23633388199.510593,0.0,0.0,0.0,0.0,0.0,0.0,0.0,0.0,0.0,0.0,0.0,0.0,0.0,0.0,0.0,0.0,0.0,2000000.0,0.0,0.0,0.0,0.0,0.0,0.0,4000000.0,0.0,0.0,0.0,0.0,0.0
well-mixed,0.17,8,data/well-mixed/VS_run_8_det_Dv0.170_projection_diag.json,data/well-mixed/VS_run_8_det_Dv0.170_projection_history.csv,800,clip,0.0,1e-14,0.001,2000000,800,False,2148.498489379883,0.0,0.0,0.0,0.0,0.0,0.0,0.0,0.0,23641593993.977524,23641593993.977524,0.0,0.0,0.0,0.0,0.0,0.0,0.0,0.0,0.0,0.0,0.0,0.0,0.0,0.0,0.0,0.0,0.0,2000000.0,0.0,0.0,0.0,0.0,0.0,0.0,4000000.0,0.0,0.0,0.0,0.0,0.0
well-mixed,0.17,9,data/well-mixed/VS_run_9_det_Dv0.170_projection_diag.json,data/well-mixed/VS_run_9_det_Dv0.170_projection_history.csv,800,clip,0.0,1e-14,0.001,2000000,800,False,2149.855166912079,0.0,0.0,0.0,0.0,0.0,0.0,0.0,0.0,23674221145.497963,23674221145.497963,0.0,0.0,0.0,0.0,0.0,0.0,0.0,0.0,0.0,0.0,0.0,0.0,0.0,0.0,0.0,0.0,0.0,2000000.0,0.0,0.0,0.0,0.0,0.0,0.0,4000000.0,0.0,0.0,0.0,0.0,0.0
well-mixed,0.18000000000000002,0,data/well-mixed/VS_run_0_det_Dv0.180_projection_diag.json,data/well-mixed/VS_run_0_det_Dv0.180_projection_history.csv,800,clip,0.0,1e-14,0.001,2000000,800,False,2154.1013853549957,0.0,0.0,0.0,0.0,0.0,0.0,0.0,0.0,23671675775.868015,23671675775.868015,0.0,0.0,0.0,0.0,0.0,0.0,0.0,0.0,0.0,0.0,0.0,0.0,0.0,0.0,0.0,0.0,0.0,2000000.0,0.0,0.0,0.0,0.0,0.0,0.0,4000000.0,0.0,0.0,0.0,0.0,0.0
well-mixed,0.18000000000000002,1,data/well-mixed/VS_run_1_det_Dv0.180_projection_diag.json,data/well-mixed/VS_run_1_det_Dv0.180_projection_history.csv,800,clip,0.0,1e-14,0.001,2000000,800,False,2132.723027944565,0.0,0.0,0.0,0.0,0.0,0.0,0.0,0.0,23680066810.748444,23680066810.748444,0.0,0.0,0.0,0.0,0.0,0.0,0.0,0.0,0.0,0.0,0.0,0.0,0.0,0.0,0.0,0.0,0.0,2000000.0,0.0,0.0,0.0,0.0,0.0,0.0,4000000.0,0.0,0.0,0.0,0.0,0.0
well-mixed,0.18000000000000002,2,data/well-mixed/VS_run_2_det_Dv0.180_projection_diag.json,data/well-mixed/VS_run_2_det_Dv0.180_projection_history.csv,800,clip,0.0,1e-14,0.001,2000000,800,False,2164.6209321022034,0.0,0.0,0.0,0.0,0.0,0.0,0.0,0.0,23710229777.068954,23710229777.068954,0.0,0.0,0.0,0.0,0.0,0.0,0.0,0.0,0.0,0.0,0.0,0.0,0.0,0.0,0.0,0.0,0.0,2000000.0,0.0,0.0,0.0,0.0,0.0,0.0,4000000.0,0.0,0.0,0.0,0.0,0.0
well-mixed,0.18000000000000002,3,data/well-mixed/VS_run_3_det_Dv0.180_projection_diag.json,data/well-mixed/VS_run_3_det_Dv0.180_projection_history.csv,800,clip,0.0,1e-14,0.001,2000000,800,False,2155.7441205978394,0.0,0.0,0.0,0.0,0.0,0.0,0.0,0.0,23660922721.85264,23660922721.85264,0.0,0.0,0.0,0.0,0.0,0.0,0.0,0.0,0.0,0.0,0.0,0.0,0.0,0.0,0.0,0.0,0.0,2000000.0,0.0,0.0,0.0,0.0,0.0,0.0,4000000.0,0.0,0.0,0.0,0.0,0.0
well-mixed,0.18000000000000002,4,data/well-mixed/VS_run_4_det_Dv0.180_projection_diag.json,data/well-mixed/VS_run_4_det_Dv0.180_projection_history.csv,800,clip,0.0,1e-14,0.001,2000000,800,False,2136.406742811203,0.0,0.0,0.0,0.0,0.0,0.0,0.0,0.0,23651251328.03436,23651251328.03436,0.0,0.0,0.0,0.0,0.0,0.0,0.0,0.0,0.0,0.0,0.0,0.0,0.0,0.0,0.0,0.0,0.0,2000000.0,0.0,0.0,0.0,0.0,0.0,0.0,4000000.0,0.0,0.0,0.0,0.0,0.0
well-mixed,0.18000000000000002,5,data/well-mixed/VS_run_5_det_Dv0.180_projection_diag.json,data/well-mixed/VS_run_5_det_Dv0.180_projection_history.csv,800,clip,0.0,1e-14,0.001,2000000,800,False,2143.8324179649353,0.0,0.0,0.0,0.0,0.0,0.0,0.0,0.0,23641892287.653095,23641892287.653095,0.0,0.0,0.0,0.0,0.0,0.0,0.0,0.0,0.0,0.0,0.0,0.0,0.0,0.0,0.0,0.0,0.0,2000000.0,0.0,0.0,0.0,0.0,0.0,0.0,4000000.0,0.0,0.0,0.0,0.0,0.0
well-mixed,0.18000000000000002,6,data/well-mixed/VS_run_6_det_Dv0.180_projection_diag.json,data/well-mixed/VS_run_6_det_Dv0.180_projection_history.csv,800,clip,0.0,1e-14,0.001,2000000,800,False,2122.4408411979675,0.0,0.0,0.0,0.0,0.0,0.0,0.0,0.0,23633388199.510593,23633388199.510593,0.0,0.0,0.0,0.0,0.0,0.0,0.0,0.0,0.0,0.0,0.0,0.0,0.0,0.0,0.0,0.0,0.0,2000000.0,0.0,0.0,0.0,0.0,0.0,0.0,4000000.0,0.0,0.0,0.0,0.0,0.0
well-mixed,0.18000000000000002,7,data/well-mixed/VS_run_7_det_Dv0.180_projection_diag.json,data/well-mixed/VS_run_7_det_Dv0.180_projection_history.csv,800,clip,0.0,1e-14,0.001,2000000,800,False,2144.1325187683105,0.0,0.0,0.0,0.0,0.0,0.0,0.0,0.0,23641593993.977524,23641593993.977524,0.0,0.0,0.0,0.0,0.0,0.0,0.0,0.0,0.0,0.0,0.0,0.0,0.0,0.0,0.0,0.0,0.0,2000000.0,0.0,0.0,0.0,0.0,0.0,0.0,4000000.0,0.0,0.0,0.0,0.0,0.0
well-mixed,0.18000000000000002,8,data/well-mixed/VS_run_8_det_Dv0.180_projection_diag.json,data/well-mixed/VS_run_8_det_Dv0.180_projection_history.csv,800,clip,0.0,1e-14,0.001,2000000,800,False,2145.7144916057587,0.0,0.0,0.0,0.0,0.0,0.0,0.0,0.0,23674221145.497963,23674221145.497963,0.0,0.0,0.0,0.0,0.0,0.0,0.0,0.0,0.0,0.0,0.0,0.0,0.0,0.0,0.0,0.0,0.0,2000000.0,0.0,0.0,0.0,0.0,0.0,0.0,4000000.0,0.0,0.0,0.0,0.0,0.0
well-mixed,0.18000000000000002,9,data/well-mixed/VS_run_9_det_Dv0.180_projection_diag.json,data/well-mixed/VS_run_9_det_Dv0.180_projection_history.csv,800,clip,0.0,1e-14,0.001,2000000,800,False,2144.477518796921,0.0,0.0,0.0,0.0,0.0,0.0,0.0,0.0,23669675186.32824,23669675186.32824,0.0,0.0,0.0,0.0,0.0,0.0,0.0,0.0,0.0,0.0,0.0,0.0,0.0,0.0,0.0,0.0,0.0,2000000.0,0.0,0.0,0.0,0.0,0.0,0.0,4000000.0,0.0,0.0,0.0,0.0,0.0
well-mixed,0.19,0,data/well-mixed/VS_run_0_det_Dv0.190_projection_diag.json,data/well-mixed/VS_run_0_det_Dv0.190_projection_history.csv,800,clip,0.0,1e-14,0.001,2000000,800,False,2154.5718693733215,0.0,0.0,0.0,0.0,0.0,0.0,0.0,0.0,23680066810.748444,23680066810.748444,0.0,0.0,0.0,0.0,0.0,0.0,0.0,0.0,0.0,0.0,0.0,0.0,0.0,0.0,0.0,0.0,0.0,2000000.0,0.0,0.0,0.0,0.0,0.0,0.0,4000000.0,0.0,0.0,0.0,0.0,0.0
well-mixed,0.19,1,data/well-mixed/VS_run_1_det_Dv0.190_projection_diag.json,data/well-mixed/VS_run_1_det_Dv0.190_projection_history.csv,800,clip,0.0,1e-14,0.001,2000000,800,False,2132.8697712421417,0.0,0.0,0.0,0.0,0.0,0.0,0.0,0.0,23710229777.068954,23710229777.068954,0.0,0.0,0.0,0.0,0.0,0.0,0.0,0.0,0.0,0.0,0.0,0.0,0.0,0.0,0.0,0.0,0.0,2000000.0,0.0,0.0,0.0,0.0,0.0,0.0,4000000.0,0.0,0.0,0.0,0.0,0.0
well-mixed,0.19,2,data/well-mixed/VS_run_2_det_Dv0.190_projection_diag.json,data/well-mixed/VS_run_2_det_Dv0.190_projection_history.csv,800,clip,0.0,1e-14,0.001,2000000,800,False,2157.994710922241,0.0,0.0,0.0,0.0,0.0,0.0,0.0,0.0,23660922721.85264,23660922721.85264,0.0,0.0,0.0,0.0,0.0,0.0,0.0,0.0,0.0,0.0,0.0,0.0,0.0,0.0,0.0,0.0,0.0,2000000.0,0.0,0.0,0.0,0.0,0.0,0.0,4000000.0,0.0,0.0,0.0,0.0,0.0
well-mixed,0.19,3,data/well-mixed/VS_run_3_det_Dv0.190_projection_diag.json,data/well-mixed/VS_run_3_det_Dv0.190_projection_history.csv,800,clip,0.0,1e-14,0.001,2000000,800,False,2155.381891489029,0.0,0.0,0.0,0.0,0.0,0.0,0.0,0.0,23651251328.03436,23651251328.03436,0.0,0.0,0.0,0.0,0.0,0.0,0.0,0.0,0.0,0.0,0.0,0.0,0.0,0.0,0.0,0.0,0.0,2000000.0,0.0,0.0,0.0,0.0,0.0,0.0,4000000.0,0.0,0.0,0.0,0.0,0.0
well-mixed,0.19,4,data/well-mixed/VS_run_4_det_Dv0.190_projection_diag.json,data/well-mixed/VS_run_4_det_Dv0.190_projection_history.csv,800,clip,0.0,1e-14,0.001,2000000,800,False,2125.5987045764923,0.0,0.0,0.0,0.0,0.0,0.0,0.0,0.0,23641892287.653095,23641892287.653095,0.0,0.0,0.0,0.0,0.0,0.0,0.0,0.0,0.0,0.0,0.0,0.0,0.0,0.0,0.0,0.0,0.0,2000000.0,0.0,0.0,0.0,0.0,0.0,0.0,4000000.0,0.0,0.0,0.0,0.0,0.0
well-mixed,0.19,5,data/well-mixed/VS_run_5_det_Dv0.190_projection_diag.json,data/well-mixed/VS_run_5_det_Dv0.190_projection_history.csv,800,clip,0.0,1e-14,0.001,2000000,800,False,2142.089394569397,0.0,0.0,0.0,0.0,0.0,0.0,0.0,0.0,23633388199.510593,23633388199.510593,0.0,0.0,0.0,0.0,0.0,0.0,0.0,0.0,0.0,0.0,0.0,0.0,0.0,0.0,0.0,0.0,0.0,2000000.0,0.0,0.0,0.0,0.0,0.0,0.0,4000000.0,0.0,0.0,0.0,0.0,0.0
well-mixed,0.19,6,data/well-mixed/VS_run_6_det_Dv0.190_projection_diag.json,data/well-mixed/VS_run_6_det_Dv0.190_projection_history.csv,800,clip,0.0,1e-14,0.001,2000000,800,False,2117.6651628017426,0.0,0.0,0.0,0.0,0.0,0.0,0.0,0.0,23641593993.977524,23641593993.977524,0.0,0.0,0.0,0.0,0.0,0.0,0.0,0.0,0.0,0.0,0.0,0.0,0.0,0.0,0.0,0.0,0.0,2000000.0,0.0,0.0,0.0,0.0,0.0,0.0,4000000.0,0.0,0.0,0.0,0.0,0.0
well-mixed,0.19,7,data/well-mixed/VS_run_7_det_Dv0.190_projection_diag.json,data/well-mixed/VS_run_7_det_Dv0.190_projection_history.csv,800,clip,0.0,1e-14,0.001,2000000,800,False,2127.5411384105682,0.0,0.0,0.0,0.0,0.0,0.0,0.0,0.0,23674221145.497963,23674221145.497963,0.0,0.0,0.0,0.0,0.0,0.0,0.0,0.0,0.0,0.0,0.0,0.0,0.0,0.0,0.0,0.0,0.0,2000000.0,0.0,0.0,0.0,0.0,0.0,0.0,4000000.0,0.0,0.0,0.0,0.0,0.0
well-mixed,0.19,8,data/well-mixed/VS_run_8_det_Dv0.190_projection_diag.json,data/well-mixed/VS_run_8_det_Dv0.190_projection_history.csv,800,clip,0.0,1e-14,0.001,2000000,800,False,2142.489321708679,0.0,0.0,0.0,0.0,0.0,0.0,0.0,0.0,23669675186.32824,23669675186.32824,0.0,0.0,0.0,0.0,0.0,0.0,0.0,0.0,0.0,0.0,0.0,0.0,0.0,0.0,0.0,0.0,0.0,2000000.0,0.0,0.0,0.0,0.0,0.0,0.0,4000000.0,0.0,0.0,0.0,0.0,0.0
well-mixed,0.19,9,data/well-mixed/VS_run_9_det_Dv0.190_projection_diag.json,data/well-mixed/VS_run_9_det_Dv0.190_projection_history.csv,800,clip,0.0,1e-14,0.001,2000000,800,False,2143.851855278015,0.0,0.0,0.0,0.0,0.0,0.0,0.0,0.0,23656559075.086315,23656559075.086315,0.0,0.0,0.0,0.0,0.0,0.0,0.0,0.0,0.0,0.0,0.0,0.0,0.0,0.0,0.0,0.0,0.0,2000000.0,0.0,0.0,0.0,0.0,0.0,0.0,4000000.0,0.0,0.0,0.0,0.0,0.0
well-mixed,0.2,0,data/well-mixed/VS_run_0_det_Dv0.200_projection_diag.json,data/well-mixed/VS_run_0_det_Dv0.200_projection_history.csv,800,clip,0.0,1e-14,0.001,2000000,800,False,2161.166571378708,0.0,0.0,0.0,0.0,0.0,0.0,0.0,0.0,23710229777.068954,23710229777.068954,0.0,0.0,0.0,0.0,0.0,0.0,0.0,0.0,0.0,0.0,0.0,0.0,0.0,0.0,0.0,0.0,0.0,2000000.0,0.0,0.0,0.0,0.0,0.0,0.0,4000000.0,0.0,0.0,0.0,0.0,0.0
well-mixed,0.2,1,data/well-mixed/VS_run_1_det_Dv0.200_projection_diag.json,data/well-mixed/VS_run_1_det_Dv0.200_projection_history.csv,800,clip,0.0,1e-14,0.001,2000000,800,False,2139.531848192215,0.0,0.0,0.0,0.0,0.0,0.0,0.0,0.0,23660922721.85264,23660922721.85264,0.0,0.0,0.0,0.0,0.0,0.0,0.0,0.0,0.0,0.0,0.0,0.0,0.0,0.0,0.0,0.0,0.0,2000000.0,0.0,0.0,0.0,0.0,0.0,0.0,4000000.0,0.0,0.0,0.0,0.0,0.0
well-mixed,0.2,2,data/well-mixed/VS_run_2_det_Dv0.200_projection_diag.json,data/well-mixed/VS_run_2_det_Dv0.200_projection_history.csv,800,clip,0.0,1e-14,0.001,2000000,800,False,2164.864702939987,0.0,0.0,0.0,0.0,0.0,0.0,0.0,0.0,23651251328.03436,23651251328.03436,0.0,0.0,0.0,0.0,0.0,0.0,0.0,0.0,0.0,0.0,0.0,0.0,0.0,0.0,0.0,0.0,0.0,2000000.0,0.0,0.0,0.0,0.0,0.0,0.0,4000000.0,0.0,0.0,0.0,0.0,0.0
well-mixed,0.2,3,data/well-mixed/VS_run_3_det_Dv0.200_projection_diag.json,data/well-mixed/VS_run_3_det_Dv0.200_projection_history.csv,800,clip,0.0,1e-14,0.001,2000000,800,False,2154.620872735977,0.0,0.0,0.0,0.0,0.0,0.0,0.0,0.0,23641892287.653095,23641892287.653095,0.0,0.0,0.0,0.0,0.0,0.0,0.0,0.0,0.0,0.0,0.0,0.0,0.0,0.0,0.0,0.0,0.0,2000000.0,0.0,0.0,0.0,0.0,0.0,0.0,4000000.0,0.0,0.0,0.0,0.0,0.0
well-mixed,0.2,4,data/well-mixed/VS_run_4_det_Dv0.200_projection_diag.json,data/well-mixed/VS_run_4_det_Dv0.200_projection_history.csv,800,clip,0.0,1e-14,0.001,2000000,800,False,2133.1140723228455,0.0,0.0,0.0,0.0,0.0,0.0,0.0,0.0,23633388199.510593,23633388199.510593,0.0,0.0,0.0,0.0,0.0,0.0,0.0,0.0,0.0,0.0,0.0,0.0,0.0,0.0,0.0,0.0,0.0,2000000.0,0.0,0.0,0.0,0.0,0.0,0.0,4000000.0,0.0,0.0,0.0,0.0,0.0
well-mixed,0.2,5,data/well-mixed/VS_run_5_det_Dv0.200_projection_diag.json,data/well-mixed/VS_run_5_det_Dv0.200_projection_history.csv,800,clip,0.0,1e-14,0.001,2000000,800,False,2146.772789001465,0.0,0.0,0.0,0.0,0.0,0.0,0.0,0.0,23641593993.977524,23641593993.977524,0.0,0.0,0.0,0.0,0.0,0.0,0.0,0.0,0.0,0.0,0.0,0.0,0.0,0.0,0.0,0.0,0.0,2000000.0,0.0,0.0,0.0,0.0,0.0,0.0,4000000.0,0.0,0.0,0.0,0.0,0.0
well-mixed,0.2,6,data/well-mixed/VS_run_6_det_Dv0.200_projection_diag.json,data/well-mixed/VS_run_6_det_Dv0.200_projection_history.csv,800,clip,0.0,1e-14,0.001,2000000,800,False,2117.304240465164,0.0,0.0,0.0,0.0,0.0,0.0,0.0,0.0,23674221145.497963,23674221145.497963,0.0,0.0,0.0,0.0,0.0,0.0,0.0,0.0,0.0,0.0,0.0,0.0,0.0,0.0,0.0,0.0,0.0,2000000.0,0.0,0.0,0.0,0.0,0.0,0.0,4000000.0,0.0,0.0,0.0,0.0,0.0
well-mixed,0.2,7,data/well-mixed/VS_run_7_det_Dv0.200_projection_diag.json,data/well-mixed/VS_run_7_det_Dv0.200_projection_history.csv,800,clip,0.0,1e-14,0.001,2000000,800,False,2139.5244784355164,0.0,0.0,0.0,0.0,0.0,0.0,0.0,0.0,23669675186.32824,23669675186.32824,0.0,0.0,0.0,0.0,0.0,0.0,0.0,0.0,0.0,0.0,0.0,0.0,0.0,0.0,0.0,0.0,0.0,2000000.0,0.0,0.0,0.0,0.0,0.0,0.0,4000000.0,0.0,0.0,0.0,0.0,0.0
well-mixed,0.2,8,data/well-mixed/VS_run_8_det_Dv0.200_projection_diag.json,data/well-mixed/VS_run_8_det_Dv0.200_projection_history.csv,800,clip,0.0,1e-14,0.001,2000000,800,False,2146.259795188904,0.0,0.0,0.0,0.0,0.0,0.0,0.0,0.0,23656559075.086315,23656559075.086315,0.0,0.0,0.0,0.0,0.0,0.0,0.0,0.0,0.0,0.0,0.0,0.0,0.0,0.0,0.0,0.0,0.0,2000000.0,0.0,0.0,0.0,0.0,0.0,0.0,4000000.0,0.0,0.0,0.0,0.0,0.0
well-mixed,0.2,9,data/well-mixed/VS_run_9_det_Dv0.200_projection_diag.json,data/well-mixed/VS_run_9_det_Dv0.200_projection_history.csv,800,clip,0.0,1e-14,0.001,2000000,800,False,2147.165893316269,0.0,0.0,0.0,0.0,0.0,0.0,0.0,0.0,23675544128.40728,23675544128.40728,0.0,0.0,0.0,0.0,0.0,0.0,0.0,0.0,0.0,0.0,0.0,0.0,0.0,0.0,0.0,0.0,0.0,2000000.0,0.0,0.0,0.0,0.0,0.0,0.0,4000000.0,0.0,0.0,0.0,0.0,0.0
